Accident Number,Date and Time,Number of Motor Vehicles,Number of Injuries,Number of Fatalities,Property Damage,Hit and Run,Reporting Officer,Collision Type Code,Collision Type Description,Weather Code,Weather Description,Illumination Code,Illumination Description,Harmful Code,Harmful Code Description,Street Address,City,State,ZIP,RPA,Precinct,Latitude,Longitude,Mapped Location
20160863376,9/26/2016 1:56,1,1,0,Y,N,212316,0,NOT COLLISION W/MOTOR VEHICLE-TRANSPORT,21,CLEAR,2,DARK - NOT LIGHTED,1;32;50,CULVERT;DEER (ANIMAL),BRICK CHURCH PKE & DRY CREEK RD,GOODLETTSVILLE,TN,37072,2125,MADISO,36.328,-86.7648,"(36.328, -86.7648)"
20150533956,6/5/2015 23:37,1,1,0,Y,N,134898,0,NOT COLLISION W/MOTOR VEHICLE-TRANSPORT,21,CLEAR,3,DARK - LIGHTED,32;50;63,CULVERT;DEER (ANIMAL);Ran Off Road-Right,GRANNY WHITE PIKE & CARL SEYFERT MEMORIA,NASHVILLE,TN,37220,7111,MIDTOW,36.0593,-86.8151,"(36.0593, -86.8151)"
20170737900,8/19/2017 23:55,1,0,0,Y,N,212325,0,NOT COLLISION W/MOTOR VEHICLE-TRANSPORT,21,CLEAR,2,DARK - NOT LIGHTED,32;50;63,CULVERT;DEER (ANIMAL);Ran Off Road-Right,UPLAND DR & ROSEBANK AV,NASHVILLE,TN,37216,1409,EAST,36.1982,-86.7065,"(36.1982, -86.7065)"
20180276556,3/26/2018 23:32,1,0,0,Y,N,212310,0,NOT COLLISION W/MOTOR VEHICLE-TRANSPORT,22,CLOUDY,2,DARK - NOT LIGHTED,32;34;50,CULVERT;DITCH;DEER (ANIMAL),RAWLINGS RD & EATONS CREEK RD,JOELTON,TN,37080,3329,NORTH,36.3113,-86.8798,"(36.3113, -86.8798)"
20170438250,5/18/2017 0:43,1,1,0,Y,N,256499,0,NOT COLLISION W/MOTOR VEHICLE-TRANSPORT,21,CLEAR,2,DARK - NOT LIGHTED,32;42;50,CULVERT;TREE;DEER (ANIMAL),PRESTON RD & PETTUS RD,ANTIOCH,TN,37013,8763,SOUTH,36.0258,-86.663,"(36.0258, -86.663)"
20170478175,5/30/2017 23:00,1,0,0,,N,192379,0,NOT COLLISION W/MOTOR VEHICLE-TRANSPORT,21,CLEAR,2,DARK - NOT LIGHTED,33;50,CURB;DEER (ANIMAL),RICE RD & EDGE O LAKE DR,ANTIOCH,TN,37013,8861,SOUTH,36.0694,-86.6407,"(36.0694, -86.6407)"
20180257559,3/20/2018 23:48,1,0,0,,N,166477,0,NOT COLLISION W/MOTOR VEHICLE-TRANSPORT,28,BLOWING SNOW,2,DARK - NOT LIGHTED,33;50;68;72,CURB;DEER (ANIMAL);Cross Center Line;EMBANKMENT ROCK/STONE/CONCRETE,EDGE O LAKE DR & DOVER GLEN PVTDR,ANTIOCH,TN,37013,8861,SOUTH,36.0745,-86.6478,"(36.0745, -86.6478)"
20170096991,1/30/2017 23:55,1,0,0,,N,151131,0,NOT COLLISION W/MOTOR VEHICLE-TRANSPORT,21,CLEAR,2,DARK - NOT LIGHTED,33;50;64,CURB;DEER (ANIMAL);Ran Off Road-Left,OLD HICKORY BLVD & CHICKERING MEADOW PVT,NASHVILLE,TN,37215,6205,WEST,36.0493,-86.8701,"(36.0493, -86.8701)"
2009989685,11/6/2009 20:20,1,0,0,N,N,66869,0,NOT COLLISION W/MOTOR VEHICLE-TRANSPORT,1,NO ADVERSE CONDITIONS,2,DARK - NOT LIGHTED,50,DEER (ANIMAL),HAMILTON CHURCH RD & MOUNT VIEW RD,ANTIOCH,,37013,,HERMIT,36.0627,-86.6082,"(36.0627, -86.6082)"
2009939328,11/19/2009 0:15,1,0,0,Y,N,468064,0,NOT COLLISION W/MOTOR VEHICLE-TRANSPORT,1,NO ADVERSE CONDITIONS,3,DARK - LIGHTED,50,DEER (ANIMAL),CENTRAL PIKE & STONERS BEND DR,HERMITAGE,,37076,,HERMIT,36.1856,-86.6272,"(36.1856, -86.6272)"
2009965245,11/29/2009 1:40,1,0,0,N,N,556887,5,SIDESWIPE - SAME DIRECTION,1,NO ADVERSE CONDITIONS,3,DARK - LIGHTED,50,DEER (ANIMAL),CLARKSVILLE PIKE & LLOYD RD,NASHVILLE,TN,37218,3215,NORTH,36.2516,-86.8424,"(36.2516, -86.8424)"
2009972133,12/1/2009 17:00,1,0,0,N,N,223614,0,NOT COLLISION W/MOTOR VEHICLE-TRANSPORT,1,NO ADVERSE CONDITIONS,2,DARK - NOT LIGHTED,50,DEER (ANIMAL),BURKITT RD & WHITTEMORE LN,NOLENSVILLE,TN,37135,8773,SOUTH,35.9919,-86.6548,"(35.9919, -86.6548)"
2009974924,12/2/2009 19:18,1,0,0,N,N,1658,0,NOT COLLISION W/MOTOR VEHICLE-TRANSPORT,2,RAIN,3,DARK - LIGHTED,50,DEER (ANIMAL),6820 70 S,NASHVILLE,TN,,4903,WEST,36.2513,-86.7429,"(36.2513, -86.7429)"
2009978828,12/4/2009 5:35,1,0,0,N,N,566295,2,HEAD-ON,1,NO ADVERSE CONDITIONS,2,DARK - NOT LIGHTED,50,DEER (ANIMAL),I 24  & MM 37/6,NASHVILLE,TN,,,,,,
2009980352,12/4/2009 19:07,1,0,0,N,N,653630,5,SIDESWIPE - SAME DIRECTION,1,NO ADVERSE CONDITIONS,2,DARK - NOT LIGHTED,50,DEER (ANIMAL),HOBSON PIKE & SMITH SPRINGS PKWY,ANTIOCH,TN,37013,8977,SOUTH,36.0685,-86.5852,"(36.0685, -86.5852)"
2009980404,12/4/2009 19:10,1,0,0,N,N,591933,0,NOT COLLISION W/MOTOR VEHICLE-TRANSPORT,1,NO ADVERSE CONDITIONS,2,DARK - NOT LIGHTED,50,DEER (ANIMAL),BIDWELL RD & OLD CLARKSVILLE PIKE,,TN,37080,3331,NORTH,36.3193,-86.888,"(36.3193, -86.888)"
2009992299,12/9/2009 6:30,1,1,0,N,N,224412,0,NOT COLLISION W/MOTOR VEHICLE-TRANSPORT,1,NO ADVERSE CONDITIONS,1,DAYLIGHT,50,DEER (ANIMAL),8109 HWY 70 S,,,37221,,,,,
2010008004,12/14/2009 12:56,1,0,0,N,N,668422,0,NOT COLLISION W/MOTOR VEHICLE-TRANSPORT,1,NO ADVERSE CONDITIONS,1,DAYLIGHT,50,DEER (ANIMAL),I 24 EAST & MM 40,NASHVILLE,TN,,,,,,
2010008959,12/14/2009 20:49,1,0,0,N,N,571330,2,HEAD-ON,1,NO ADVERSE CONDITIONS,2,DARK - NOT LIGHTED,50,DEER (ANIMAL),5227 JOHN HAGAR RD,HERMITAGE,TN,37076,9517,HERMIT,36.1575,-86.5705,"(36.1575, -86.5705)"
2010014906,12/16/2009 21:25,1,0,0,N,N,226521,2,HEAD-ON,1,NO ADVERSE CONDITIONS,3,DARK - LIGHTED,50,DEER (ANIMAL),INDUSTRIAL DR & OLD HICKORY BLVD,OLD HICKORY,TN,37138,9611,HERMIT,36.267,-86.657,"(36.267, -86.657)"
2010025035,12/20/2009 20:40,1,0,0,N,N,646690,2,HEAD-ON,1,NO ADVERSE CONDITIONS,2,DARK - NOT LIGHTED,50,DEER (ANIMAL),CHICKERING RD & OLD HICKORY BLVD,,,37215,,WEST,36.0504,-86.8767,"(36.0504, -86.8767)"
2010027250,12/21/2009 18:42,1,0,0,N,N,267478,0,NOT COLLISION W/MOTOR VEHICLE-TRANSPORT,1,NO ADVERSE CONDITIONS,2,DARK - NOT LIGHTED,50,DEER (ANIMAL),5986 PETTUS RD,ANTIOCH,TN,37013,,,,,
2010033812,12/24/2009 9:40,1,0,0,N,N,224486,0,NOT COLLISION W/MOTOR VEHICLE-TRANSPORT,1,NO ADVERSE CONDITIONS,1,DAYLIGHT,50,DEER (ANIMAL),I 24 W & HICKORY HOLLOW PKWY,ANTIOCH,TN,37013,8806,SOUTH,36.0399,-86.6492,"(36.0399, -86.6492)"
2010036870,12/26/2009 7:20,1,0,0,N,N,381709,4,ANGLE,1,NO ADVERSE CONDITIONS,1,DAYLIGHT,50,DEER (ANIMAL),CENTRAL PIKE & LEBANON PIKE,HERMITAGE,TN,37076,9531,HERMIT,36.1871,-86.6311,"(36.1871, -86.6311)"
2010039899,12/27/2009 17:49,1,0,0,N,N,468092,2,HEAD-ON,1,NO ADVERSE CONDITIONS,3,DARK - LIGHTED,50,DEER (ANIMAL),HOBSON PIKE & OLE NOTTINGHAM DR,ANTIOCH,TN,37013,8977,SOUTH,36.0722,-86.576,"(36.0722, -86.576)"
20010042754,12/29/2009 1:45,1,1,0,N,N,224907,4,ANGLE,1,NO ADVERSE CONDITIONS,2,DARK - NOT LIGHTED,50,DEER (ANIMAL),4953 EATONS CREEK RD,,TN,37218,3213,NORTH,36.2478,-86.8775,"(36.2478, -86.8775)"
2010060248,1/3/2010 3:20,1,0,0,N,N,468059,2,HEAD-ON,1,NO ADVERSE CONDITIONS,1,DAYLIGHT,50,DEER (ANIMAL),2910 HOBSON PIKE,HERMITAGE,TN,37076,8909,SOUTH,36.087,-86.5624,"(36.087, -86.5624)"
2010057296,1/4/2010 3:30,1,0,0,N,N,628640,2,HEAD-ON,1,NO ADVERSE CONDITIONS,3,DARK - LIGHTED,50,DEER (ANIMAL),BELL RD & BRITTANY PARK DR,ANTIOCH,TN,37013,8719,SOUTH,36.0468,-86.6794,"(36.0468, -86.6794)"
2010065784,1/6/2010 17:42,1,0,0,N,N,224368,0,NOT COLLISION W/MOTOR VEHICLE-TRANSPORT,1,NO ADVERSE CONDITIONS,2,DARK - NOT LIGHTED,50,DEER (ANIMAL),6015 LICKTON PIKE,GOODLETTSVILLE,TN,37072,,,,,
2010078901,1/11/2010 6:10,1,0,0,N,N,226811,0,NOT COLLISION W/MOTOR VEHICLE-TRANSPORT,1,NO ADVERSE CONDITIONS,2,DARK - NOT LIGHTED,50,DEER (ANIMAL),OLD HICKORY BLVD & PETTUS RD,ANTIOCH,TN,37013,8767,SOUTH,36.0269,-86.6808,"(36.0269, -86.6808)"
2010086510,1/13/2010 17:20,1,0,0,N,N,633385,2,HEAD-ON,1,NO ADVERSE CONDITIONS,2,DARK - NOT LIGHTED,50,DEER (ANIMAL),6354 PETTUS RD,,TN,37013,8767,SOUTH,35.9978,-86.6777,"(35.9978, -86.6777)"
2010100800,1/18/2010 19:30,1,0,0,N,N,420035,2,HEAD-ON,1,NO ADVERSE CONDITIONS,5,DUSK,50,DEER (ANIMAL),BRICK CHURCH PIKE & QUAIL RIDGE DR,WHITES CREEK,TN,37189,2105,MADISO,36.2871,-86.7825,"(36.2871, -86.7825)"
2010101207,1/19/2010 0:21,1,0,0,N,N,620062,0,NOT COLLISION W/MOTOR VEHICLE-TRANSPORT,1,NO ADVERSE CONDITIONS,2,DARK - NOT LIGHTED,50,DEER (ANIMAL),TULIP GROVE RD&TULIP GROVE PT,HERMITAGE,TN,37076,9539,HERMIT,36.1811,-86.5951,"(36.1811, -86.5951)"
2010103725,1/19/2010 19:01,1,0,0,N,N,632449,2,HEAD-ON,1,NO ADVERSE CONDITIONS,2,DARK - NOT LIGHTED,50,DEER (ANIMAL),CUB CREEK RD & RIVER ROAD PIKE,,TN,37209,4705,,36.1927,-86.9625,"(36.1927, -86.9625)"
2010107231,1/20/2010 19:58,1,0,0,N,N,646690,2,HEAD-ON,2,RAIN,2,DARK - NOT LIGHTED,50,DEER (ANIMAL),HWY 100 & OLD HICKORY BLVD,NASHVILLE,TN,37221,6211,WEST,36.0623,-86.9046,"(36.0623, -86.9046)"
2010107296,1/20/2010 20:25,1,0,0,N,N,404012,2,HEAD-ON,2,RAIN,3,DARK - LIGHTED,50,DEER (ANIMAL),GRANNY WHITE PIKE & OTTER CREEK CT,NASHVILLE,TN,37215,6305,MIDTOW,36.0644,-86.8132,"(36.0644, -86.8132)"
2010109628,1/21/2010 12:43,1,0,0,N,N,224680,0,NOT COLLISION W/MOTOR VEHICLE-TRANSPORT,1,NO ADVERSE CONDITIONS,1,DAYLIGHT,50,DEER (ANIMAL),4509 OLD HICKORY BLVD,NASHVILLE,TN,37218,3327,NORTH,36.1739,-86.9307,"(36.1739, -86.9307)"
2010120238,1/25/2010 7:15,1,0,0,N,N,453871,0,NOT COLLISION W/MOTOR VEHICLE-TRANSPORT,1,NO ADVERSE CONDITIONS,1,DAYLIGHT,50,DEER (ANIMAL),HWY 100 & OLD HICKORY BLVD,NASHVILLE,TN,37221,6211,WEST,36.0623,-86.9046,"(36.0623, -86.9046)"
2010123404,1/26/2010 7:05,1,0,0,N,N,58394,0,NOT COLLISION W/MOTOR VEHICLE-TRANSPORT,1,NO ADVERSE CONDITIONS,1,DAYLIGHT,50,DEER (ANIMAL),CLARKSVILLE PIKE & SIMPKINS RD,WHITES CREEK,TN,37189,3241,NORTH,36.269,-86.86,"(36.269, -86.86)"
2010128322,1/27/2010 18:15,1,0,0,N,N,630628,0,NOT COLLISION W/MOTOR VEHICLE-TRANSPORT,1,NO ADVERSE CONDITIONS,2,DARK - NOT LIGHTED,50,DEER (ANIMAL),ASHLAND CITY HWY & BRILEY PKWY N,NASHVILLE,TN,37218,3247,NORTH,36.2098,-86.8716,"(36.2098, -86.8716)"
2010133143,1/29/2010 4:30,1,0,0,N,N,676828,2,HEAD-ON,1,NO ADVERSE CONDITIONS,2,DARK - NOT LIGHTED,50,DEER (ANIMAL),I 40 W & MCCRORY LN,NASHVILLE,TN,37221,4702,WEST,36.0775,-87.0201,"(36.0775, -87.0201)"
2010141579,2/1/2010 18:45,1,0,0,N,N,580816,0,NOT COLLISION W/MOTOR VEHICLE-TRANSPORT,1,NO ADVERSE CONDITIONS,2,DARK - NOT LIGHTED,50,DEER (ANIMAL),HOBSON PIKE & SMITH SPRINGS PKWY,ANTIOCH,TN,37013,8977,SOUTH,36.0685,-86.5852,"(36.0685, -86.5852)"
2010142105,2/1/2010 23:36,1,0,0,N,N,633376,0,NOT COLLISION W/MOTOR VEHICLE-TRANSPORT,2,RAIN,3,DARK - LIGHTED,50,DEER (ANIMAL),FRANKLIN PIKE & REDWOOD DR,NASHVILLE,TN,37220,7111,MIDTOW,36.056,-86.7756,"(36.056, -86.7756)"
2010148199,2/3/2010 23:33,1,0,0,N,N,562549,0,NOT COLLISION W/MOTOR VEHICLE-TRANSPORT,1,NO ADVERSE CONDITIONS,1,DAYLIGHT,50,DEER (ANIMAL),BURKITT RD & NOLENSVILLE PIKE,ANTIOCH,TN,37013,8767,SOUTH,35.9912,-86.6835,"(35.9912, -86.6835)"
2010156786,2/6/2010 18:30,1,0,0,N,N,419981,0,NOT COLLISION W/MOTOR VEHICLE-TRANSPORT,1,NO ADVERSE CONDITIONS,2,DARK - NOT LIGHTED,50,DEER (ANIMAL),917 DAVIDSON DR,,,37205,,,,,
2010171971,2/12/2010 6:08,1,0,0,N,N,551154,6,SIDESWIPE - OPPOSITE DIRECTION,1,NO ADVERSE CONDITIONS,1,DAYLIGHT,50,DEER (ANIMAL),BAKER STATION RD & SPRINGFIELD HWY,GOODLETTSVILLE,TN,37072,2201,MADISO,36.3762,-86.7484,"(36.3762, -86.7484)"
2010172197,2/12/2010 8:26,1,0,0,N,N,226022,2,HEAD-ON,1,NO ADVERSE CONDITIONS,1,DAYLIGHT,50,DEER (ANIMAL),HWY 70 S & OLD HICKORY BLVD,NASHVILLE,TN,37221,4901,WEST,36.0745,-86.921,"(36.0745, -86.921)"
20100178256,2/14/2010 17:45,2,0,0,N,N,676823,0,NOT COLLISION W/MOTOR VEHICLE-TRANSPORT,2,RAIN,3,DARK - LIGHTED,50,DEER (ANIMAL),HWY 70 S & OLD HICKORY BLVD,NASHVILLE,TN,37221,4901,WEST,36.0745,-86.921,"(36.0745, -86.921)"
20100183604,2/16/2010 17:34,1,1,0,N,N,224368,0,NOT COLLISION W/MOTOR VEHICLE-TRANSPORT,1,NO ADVERSE CONDITIONS,2,DARK - NOT LIGHTED,50,DEER (ANIMAL),HWY 12 & BULL RUN,NASHVILLE,TN,,,,,,
2010183757,2/16/2010 18:46,1,0,0,N,N,637388,0,NOT COLLISION W/MOTOR VEHICLE-TRANSPORT,1,NO ADVERSE CONDITIONS,2,DARK - NOT LIGHTED,50,DEER (ANIMAL),5130 MOUNT VIEW RD,,TN,37013,8861,SOUTH,36.0547,-86.6601,"(36.0547, -86.6601)"
2010196794,2/21/2010 8:50,1,0,0,N,N,224806,0,NOT COLLISION W/MOTOR VEHICLE-TRANSPORT,1,NO ADVERSE CONDITIONS,1,DAYLIGHT,50,DEER (ANIMAL),8088 RIVER ROAD PIKE,,TN,37209,4707,WEST,36.1871,-86.9559,"(36.1871, -86.9559)"
2010201433,2/23/2010 4:55,1,0,0,N,N,628640,2,HEAD-ON,1,NO ADVERSE CONDITIONS,2,DARK - NOT LIGHTED,50,DEER (ANIMAL),BABY RUTH LN & MOUNT VIEW RD,ANTIOCH,TN,37013,8863,SOUTH,36.0432,-86.6403,"(36.0432, -86.6403)"
2010206530,2/24/2010 20:42,1,0,0,N,N,570084,0,NOT COLLISION W/MOTOR VEHICLE-TRANSPORT,1,NO ADVERSE CONDITIONS,2,DARK - NOT LIGHTED,50,DEER (ANIMAL),MOUNT VIEW RD & OLD FRANKLIN RD,ANTIOCH,,37013,,SOUTH,36.0435,-86.6308,"(36.0435, -86.6308)"
2010218102,3/1/2010 6:24,1,0,0,N,N,226605,0,NOT COLLISION W/MOTOR VEHICLE-TRANSPORT,1,NO ADVERSE CONDITIONS,1,DAYLIGHT,50,DEER (ANIMAL),MARTINGALE DR & ROBINSON RD,OLD HICKORY,TN,37138,9611,HERMIT,36.2579,-86.6569,"(36.2579, -86.6569)"
2010302781,3/1/2010 20:09,1,0,0,N,Y,472337,0,NOT COLLISION W/MOTOR VEHICLE-TRANSPORT,1,NO ADVERSE CONDITIONS,3,DARK - LIGHTED,50,DEER (ANIMAL),HAMILTON CHURCH RD & HOBSON PIKE,ANTIOCH,TN,37013,8927,SOUTH,36.0587,-86.5978,"(36.0587, -86.5978)"
2010222238,3/2/2010 18:22,1,0,0,N,N,596386,2,HEAD-ON,1,NO ADVERSE CONDITIONS,2,DARK - NOT LIGHTED,50,DEER (ANIMAL),N HIGHLANDS DR & OLD HICKORY BLVD,,,37221,,WEST,36.0669,-86.917,"(36.0669, -86.917)"
2010226236,3/3/2010 23:51,1,0,0,N,N,471909,0,NOT COLLISION W/MOTOR VEHICLE-TRANSPORT,1,NO ADVERSE CONDITIONS,2,DARK - NOT LIGHTED,50,DEER (ANIMAL),NOLENSVILLE PIKE & HOLT RD,,TN,37013,,,,,
2010228245,3/4/2010 17:45,1,0,0,N,N,648798,4,ANGLE,1,NO ADVERSE CONDITIONS,2,DARK - NOT LIGHTED,50,DEER (ANIMAL),FOREST ACRES DR & REDWOOD DR,,TN,37220,7111,MIDTOW,36.0566,-86.7788,"(36.0566, -86.7788)"
2010231879,3/5/2010 0:01,1,0,0,N,N,596399,2,HEAD-ON,1,NO ADVERSE CONDITIONS,2,DARK - NOT LIGHTED,50,DEER (ANIMAL),CROMWELL DR & OLD HICKORY BLVD,,,37215,,SOUTH,36.0457,-86.8551,"(36.0457, -86.8551)"
2010231261,3/5/2010 19:17,1,0,0,N,N,676832,2,HEAD-ON,1,NO ADVERSE CONDITIONS,2,DARK - NOT LIGHTED,50,DEER (ANIMAL),HWY 100 & HWY 96,NASHVILLE,TN,37221,4805,WEST,36.0176,-87.0309,"(36.0176, -87.0309)"
2010236505,3/8/2010 1:45,1,0,0,N,N,596399,2,HEAD-ON,1,NO ADVERSE CONDITIONS,2,DARK - NOT LIGHTED,50,DEER (ANIMAL),HILLVIEW DR & OLD HICKORY BLVD,NASHVILLE,TN,37220,7111,MIDTOW,36.0376,-86.7934,"(36.0376, -86.7934)"
2010236492,3/8/2010 1:46,1,0,0,N,N,633374,2,HEAD-ON,1,NO ADVERSE CONDITIONS,3,DARK - LIGHTED,50,DEER (ANIMAL),MARTINGALE DR & ROBINSON RD,OLD HICKORY,TN,37138,9611,HERMIT,36.2579,-86.6569,"(36.2579, -86.6569)"
2010250003,3/13/2010 0:10,1,0,0,N,N,630624,0,NOT COLLISION W/MOTOR VEHICLE-TRANSPORT,1,NO ADVERSE CONDITIONS,2,DARK - NOT LIGHTED,50,DEER (ANIMAL),7135 CHARLOTTE PIKE,,TN,37209,4701,WEST,36.127,-86.9082,"(36.127, -86.9082)"
2010256393,3/15/2010 19:51,1,0,0,N,N,224368,0,NOT COLLISION W/MOTOR VEHICLE-TRANSPORT,1,NO ADVERSE CONDITIONS,2,DARK - NOT LIGHTED,50,DEER (ANIMAL),5107 WHITES CREEK PIKE,WHITES CREEK,TN,37189,,,,,
2010257224,3/16/2010 4:15,1,0,0,N,N,676838,2,HEAD-ON,1,NO ADVERSE CONDITIONS,3,DARK - LIGHTED,50,DEER (ANIMAL),836 W TRINITY LN,,TN,37207,3013,NORTH,36.2071,-86.8001,"(36.2071, -86.8001)"
2010262405,3/17/2010 19:45,1,0,0,N,N,632442,2,HEAD-ON,1,NO ADVERSE CONDITIONS,2,DARK - NOT LIGHTED,50,DEER (ANIMAL),COCKRILL BEND BLVD & COCKRILL BEND CIR,,TN,37209,4653,WEST,36.1761,-86.8946,"(36.1761, -86.8946)"
2010263876,3/18/2010 8:20,1,0,0,N,N,224486,0,NOT COLLISION W/MOTOR VEHICLE-TRANSPORT,1,NO ADVERSE CONDITIONS,1,DAYLIGHT,50,DEER (ANIMAL),HOLT HILLS RD & HOLT RD,NASHVILLE,TN,37211,8651,MIDTOW,36.0147,-86.7255,"(36.0147, -86.7255)"
2010266737,3/19/2010 9:00,1,1,0,N,N,224412,0,NOT COLLISION W/MOTOR VEHICLE-TRANSPORT,1,NO ADVERSE CONDITIONS,1,DAYLIGHT,50,DEER (ANIMAL),MCCRORY LN & NEWSOM STATION RD,NASHVILLE,TN,37221,4713,WEST,36.0784,-87.0219,"(36.0784, -87.0219)"
2010270244,3/20/2010 19:13,1,0,0,Y,N,620080,0,NOT COLLISION W/MOTOR VEHICLE-TRANSPORT,1,NO ADVERSE CONDITIONS,2,DARK - NOT LIGHTED,50,DEER (ANIMAL),4539 BRICK CHURCH PIKE,GOODLETTSVILLE,TN,37072,2109,MADISO,36.299,-86.7829,"(36.299, -86.7829)"
2010296598,3/30/2010 18:58,1,0,0,N,N,418761,2,HEAD-ON,1,NO ADVERSE CONDITIONS,2,DARK - NOT LIGHTED,50,DEER (ANIMAL),861 LAKEMONT CT,,TN,37220,7111,MIDTOW,36.0492,-86.7901,"(36.0492, -86.7901)"
2010305369,4/2/2010 19:20,1,0,0,N,N,685924,0,NOT COLLISION W/MOTOR VEHICLE-TRANSPORT,1,NO ADVERSE CONDITIONS,5,DUSK,50,DEER (ANIMAL),DICKERSON PIKE & HUNTERS LN,GOODLETTSVILLE,TN,37072,2109,MADISO,36.2777,-86.7513,"(36.2777, -86.7513)"
20111037618,4/3/2010 15:07,1,0,0,N,N,676823,0,NOT COLLISION W/MOTOR VEHICLE-TRANSPORT,1,NO ADVERSE CONDITIONS,1,DAYLIGHT,50,DEER (ANIMAL),MCCRORY LN & NEWSOM STATION RD,NASHVILLE,TN,37221,4713,WEST,36.0784,-87.0219,"(36.0784, -87.0219)"
2010312550,4/5/2010 11:50,1,0,0,N,N,226099,4,ANGLE,1,NO ADVERSE CONDITIONS,1,DAYLIGHT,50,DEER (ANIMAL),7395 OLD HICKORY BLVD,WHITES CREEK,TN,37189,3301,NORTH,36.2763,-86.8092,"(36.2763, -86.8092)"
2010328074,4/10/2010 23:05,1,1,0,N,N,607045,0,NOT COLLISION W/MOTOR VEHICLE-TRANSPORT,1,NO ADVERSE CONDITIONS,3,DARK - LIGHTED,50,DEER (ANIMAL),HWY 100 & VAUGHNS GAP RD,NASHVILLE,TN,37205,4913,WEST,36.0789,-86.8854,"(36.0789, -86.8854)"
2010339829,4/13/2010 21:32,1,0,0,N,N,633368,0,NOT COLLISION W/MOTOR VEHICLE-TRANSPORT,1,NO ADVERSE CONDITIONS,2,DARK - NOT LIGHTED,50,DEER (ANIMAL),HWY 100 & OLD HICKORY BLVD,NASHVILLE,TN,37221,6211,WEST,36.0623,-86.9046,"(36.0623, -86.9046)"
2010354778,4/20/2010 20:30,1,0,0,N,N,653630,4,ANGLE,1,NO ADVERSE CONDITIONS,2,DARK - NOT LIGHTED,50,DEER (ANIMAL),INDUSTRIAL DR & ROBINSON RD,OLD HICKORY,TN,37138,9611,HERMIT,36.2634,-86.6619,"(36.2634, -86.6619)"
2010356173,4/21/2010 8:50,1,0,0,N,N,224412,0,NOT COLLISION W/MOTOR VEHICLE-TRANSPORT,1,NO ADVERSE CONDITIONS,1,DAYLIGHT,50,DEER (ANIMAL),808 BATTERY LN,NASHVILLE,TN,37220,,,,,
2010360589,4/22/2010 18:20,1,0,0,N,N,608786,0,NOT COLLISION W/MOTOR VEHICLE-TRANSPORT,1,NO ADVERSE CONDITIONS,1,DAYLIGHT,50,DEER (ANIMAL),I 24 E & WHITES CREEK PIKE,JOELTON,TN,37080,3311,NORTH,36.3241,-86.8684,"(36.3241, -86.8684)"
2010368908,4/26/2010 2:21,1,0,0,N,N,676838,2,HEAD-ON,1,NO ADVERSE CONDITIONS,2,DARK - NOT LIGHTED,50,DEER (ANIMAL),MM 39 I24 W,WHITES CREEK,TN,37189,2212,NORTH,36.2983,-86.8115,"(36.2983, -86.8115)"
2010376249,4/28/2010 14:20,1,0,0,N,N,226226,0,NOT COLLISION W/MOTOR VEHICLE-TRANSPORT,1,NO ADVERSE CONDITIONS,1,DAYLIGHT,50,DEER (ANIMAL),CHARLOTTE PIKE & SUMMERLY DR,NASHVILLE,,37205,,WEST,36.1368,-86.8835,"(36.1368, -86.8835)"
2010387581,5/3/2010 3:28,1,0,0,N,N,633380,2,HEAD-ON,5,FOG,3,DARK - LIGHTED,50,DEER (ANIMAL),DISSPAYNE DR & LEBANON PIKE,NASHVILLE,TN,37214,9403,HERMIT,36.1726,-86.6495,"(36.1726, -86.6495)"
2010407943,5/9/2010 6:46,1,0,0,N,N,226275,2,HEAD-ON,1,NO ADVERSE CONDITIONS,1,DAYLIGHT,50,DEER (ANIMAL),I 24 E & HICKORY HOLLOW PKWY,ANTIOCH,TN,37013,8704,SOUTH,36.0394,-86.6491,"(36.0394, -86.6491)"
2010410077,5/9/2010 20:26,1,0,0,N,N,467992,2,HEAD-ON,1,NO ADVERSE CONDITIONS,2,DARK - NOT LIGHTED,50,DEER (ANIMAL),HWY 100 & OLD HICKORY BLVD,NASHVILLE,TN,37221,6211,WEST,36.0623,-86.9046,"(36.0623, -86.9046)"
2010424857,5/14/2010 0:32,1,0,0,N,N,405447,0,NOT COLLISION W/MOTOR VEHICLE-TRANSPORT,1,NO ADVERSE CONDITIONS,3,DARK - LIGHTED,50,DEER (ANIMAL),3021 MURFREESBORO PIKE,ANTIOCH,TN,37013,8927,SOUTH,36.0618,-86.6251,"(36.0618, -86.6251)"
2010455997,5/14/2010 22:15,1,0,0,N,N,226220,0,NOT COLLISION W/MOTOR VEHICLE-TRANSPORT,1,NO ADVERSE CONDITIONS,2,DARK - NOT LIGHTED,50,DEER (ANIMAL),1311 SPRINGFIELD HWY,GOODLETSVILLE,TN,37072,,,,,
2010430608,5/16/2010 5:15,1,0,0,N,N,596399,2,HEAD-ON,2,RAIN,3,DARK - LIGHTED,50,DEER (ANIMAL),6730 CHARLOTTE PIKE,NASHVILLE,TN,37209,5009,WEST,36.1351,-86.8868,"(36.1351, -86.8868)"
2010447202,5/21/2010 14:50,1,0,0,N,N,620080,0,NOT COLLISION W/MOTOR VEHICLE-TRANSPORT,1,NO ADVERSE CONDITIONS,1,DAYLIGHT,50,DEER (ANIMAL),MM 40 0 I24 W,WHITES CREEK,TN,37189,2210,MADISO,36.2841,-86.8065,"(36.2841, -86.8065)"