Accident Number,Date and Time,Number of Motor Vehicles,Number of Injuries,Number of Fatalities,Property Damage,Hit and Run,Reporting Officer,Collision Type Code,Collision Type Description,Weather Code,Weather Description,Illumination Code,Illumination Description,Harmful Code,Harmful Code Description,Street Address,City,State,ZIP,RPA,Precinct,Latitude,Longitude,Mapped Location
2010466447,5/28/2010 3:50,1,0,0,N,N,693105,0,NOT COLLISION W/MOTOR VEHICLE-TRANSPORT,1,NO ADVERSE CONDITIONS,2,DARK - NOT LIGHTED,50,DEER (ANIMAL),HWY 100 & S HARPETH RD,NASHVILLE,TN,37221,4805,WEST,36.0255,-87.0235,"(36.0255, -87.0235)"
2010466584,5/28/2010 4:42,1,0,0,N,N,676824,0,NOT COLLISION W/MOTOR VEHICLE-TRANSPORT,1,NO ADVERSE CONDITIONS,3,DARK - LIGHTED,50,DEER (ANIMAL),I 24 E & I 65 S,NASHVILLE,TN,37207,3004,EAST,36.2204,-86.7749,"(36.2204, -86.7749)"
2010466777,5/28/2010 6:20,1,0,0,N,Y,714647,4,ANGLE,1,NO ADVERSE CONDITIONS,1,DAYLIGHT,50,DEER (ANIMAL),GRANNY WRIGHT LN & HOBSON PIKE,HERMITAGE,TN,37076,8973,SOUTH,36.1077,-86.5498,"(36.1077, -86.5498)"
2010471668,5/29/2010 23:13,1,0,0,N,N,687820,0,NOT COLLISION W/MOTOR VEHICLE-TRANSPORT,1,NO ADVERSE CONDITIONS,2,DARK - NOT LIGHTED,50,DEER (ANIMAL),I 24 W MM 36,NASHVILLE,TN,,,,,,
2010479456,6/1/2010 20:30,1,0,0,N,N,676832,2,HEAD-ON,1,NO ADVERSE CONDITIONS,2,DARK - NOT LIGHTED,50,DEER (ANIMAL),7400 RIVER ROAD PIKE,,TN,37209,4707,WEST,36.1493,-86.9509,"(36.1493, -86.9509)"
2010489365,6/4/2010 21:29,1,0,0,N,N,633388,0,NOT COLLISION W/MOTOR VEHICLE-TRANSPORT,1,NO ADVERSE CONDITIONS,2,DARK - NOT LIGHTED,50,DEER (ANIMAL),BELL RD & ELM HILL PIKE,NASHVILLE,,37214,,HERMIT,36.1423,-86.6273,"(36.1423, -86.6273)"
2010490032,6/5/2010 2:15,1,0,0,N,N,668422,2,HEAD-ON,1,NO ADVERSE CONDITIONS,3,DARK - LIGHTED,50,DEER (ANIMAL),ASHLAND CITY HWY & BRILEY PKWY N,NASHVILLE,TN,37218,3247,NORTH,36.2098,-86.8716,"(36.2098, -86.8716)"
2010492965,6/6/2010 6:00,1,0,0,N,N,226672,4,ANGLE,1,NO ADVERSE CONDITIONS,1,DAYLIGHT,50,DEER (ANIMAL),CLEECES FERRY RD & OLD HICKORY BLVD,NASHVILLE,TN,37218,3327,NORTH,36.204,-86.9274,"(36.204, -86.9274)"
2010506048,6/10/2010 19:28,1,1,0,N,N,414650,4,ANGLE,1,NO ADVERSE CONDITIONS,1,DAYLIGHT,50,DEER (ANIMAL),FOREST ACRES DR & FRANKLIN PIKE,,,37220,7111,MIDTOW,36.064,-86.7743,"(36.064, -86.7743)"
2010511692,6/12/2010 22:06,1,1,0,N,N,635484,2,HEAD-ON,1,NO ADVERSE CONDITIONS,2,DARK - NOT LIGHTED,50,DEER (ANIMAL),COLFAX DR & TWIN LAWN DR,NASHVILLE,TN,37214,9409,HERMIT,36.1521,-86.6584,"(36.1521, -86.6584)"
2010517819,6/15/2010 4:55,1,0,0,N,N,675829,0,NOT COLLISION W/MOTOR VEHICLE-TRANSPORT,1,NO ADVERSE CONDITIONS,1,DAYLIGHT,50,DEER (ANIMAL),CHARLOTTE PIKE & FORREST VALLEY DR,NASHVILLE,TN,37221,4711,WEST,36.1076,-86.9382,"(36.1076, -86.9382)"
2010524040,6/17/2010 5:20,2,0,0,N,N,617353,2,HEAD-ON,1,NO ADVERSE CONDITIONS,1,DAYLIGHT,50,DEER (ANIMAL),FRANKLIN PIKE & WILLOWDALE CT,,TN,37220,7111,MIDTOW,36.0577,-86.7745,"(36.0577, -86.7745)"
2010525091,6/17/2010 14:00,1,0,0,N,N,652760,0,NOT COLLISION W/MOTOR VEHICLE-TRANSPORT,1,NO ADVERSE CONDITIONS,1,DAYLIGHT,50,DEER (ANIMAL),2500 OLD HICKORY BLVD,OLD HICKORY,TN,37138,9607,HERMIT,,,
2010527774,6/18/2010 12:00,1,0,0,N,N,226622,4,ANGLE,1,NO ADVERSE CONDITIONS,1,DAYLIGHT,50,DEER (ANIMAL),HWY 100 & OLD HICKORY BLVD,NASHVILLE,TN,37221,6211,WEST,36.0623,-86.9046,"(36.0623, -86.9046)"
2010533188,6/20/2010 11:15,1,0,0,N,N,226532,0,NOT COLLISION W/MOTOR VEHICLE-TRANSPORT,1,NO ADVERSE CONDITIONS,1,DAYLIGHT,50,DEER (ANIMAL),I 65  N & OLD HICKORY BLVD,,TN,37220,,,,,
2010538561,6/22/2010 13:00,1,0,0,N,N,268030,0,NOT COLLISION W/MOTOR VEHICLE-TRANSPORT,1,NO ADVERSE CONDITIONS,1,DAYLIGHT,50,DEER (ANIMAL),HWY 100 & VAUGHNS GAP RD,NASHVILLE,TN,37205,4913,WEST,36.0789,-86.8854,"(36.0789, -86.8854)"
2010545426,6/24/2010 20:21,1,0,0,N,N,591933,0,NOT COLLISION W/MOTOR VEHICLE-TRANSPORT,1,NO ADVERSE CONDITIONS,1,DAYLIGHT,50,DEER (ANIMAL),807 CLAY LICK CT,WHITES CREEK,TN,37189,3303,NORTH,36.3062,-86.8181,"(36.3062, -86.8181)"
2010545602,6/24/2010 21:40,1,0,0,N,N,596386,2,HEAD-ON,1,NO ADVERSE CONDITIONS,3,DARK - LIGHTED,50,DEER (ANIMAL),HARDING PIKE & VAUGHNS GAP RD,NASHVILLE,TN,37205,4909,WEST,36.0926,-86.8854,"(36.0926, -86.8854)"
2010556778,6/29/2010 5:55,2,0,0,N,N,562549,0,NOT COLLISION W/MOTOR VEHICLE-TRANSPORT,1,NO ADVERSE CONDITIONS,1,DAYLIGHT,50,DEER (ANIMAL),BELL RD & OLD HICKORY BLVD,HERMITAGE,TN,37076,9545,HERMIT,36.1613,-86.5971,"(36.1613, -86.5971)"
2010558399,6/29/2010 18:40,1,0,0,N,N,596389,0,NOT COLLISION W/MOTOR VEHICLE-TRANSPORT,1,NO ADVERSE CONDITIONS,1,DAYLIGHT,50,DEER (ANIMAL),HWY 100 & WILLIAMSON LINE CORD,,TN,37221,4805,WEST,36.013,-87.0452,"(36.013, -87.0452)"
2010558722,6/29/2010 21:25,1,0,0,N,N,676832,2,HEAD-ON,1,NO ADVERSE CONDITIONS,3,DARK - LIGHTED,50,DEER (ANIMAL),KNOB RD & WHITE BRIDGE PIKE,NASHVILLE,TN,37209,5105,WEST,36.1378,-86.8577,"(36.1378, -86.8577)"
2010577698,7/7/2010 20:07,1,1,0,N,N,596388,4,ANGLE,1,NO ADVERSE CONDITIONS,5,DUSK,50,DEER (ANIMAL),HWY 100 & OLD HICKORY BLVD,NASHVILLE,TN,37221,6211,WEST,36.0623,-86.9046,"(36.0623, -86.9046)"
2010584386,7/9/2010 5:29,1,0,0,N,N,596399,0,NOT COLLISION W/MOTOR VEHICLE-TRANSPORT,1,NO ADVERSE CONDITIONS,4,DAWN,50,DEER (ANIMAL),1550 OLD HICKORY BLVD,,TN,37215,6305,MIDTOW,36.0421,-86.8343,"(36.0421, -86.8343)"
2010592970,7/12/2010 18:03,1,0,0,N,Y,267478,0,NOT COLLISION W/MOTOR VEHICLE-TRANSPORT,1,NO ADVERSE CONDITIONS,1,DAYLIGHT,50,DEER (ANIMAL),I24 EASTBOUND & MM 60,NASHVILLE,TN,,,,,,
2010609508,7/19/2010 5:20,1,0,0,N,N,693105,0,NOT COLLISION W/MOTOR VEHICLE-TRANSPORT,1,NO ADVERSE CONDITIONS,1,DAYLIGHT,50,DEER (ANIMAL),HWY 100 & OLD HICKORY BLVD,NASHVILLE,TN,37221,6211,WEST,36.0623,-86.9046,"(36.0623, -86.9046)"
2010620954,7/23/2010 13:30,1,0,0,N,N,225968,2,HEAD-ON,1,NO ADVERSE CONDITIONS,1,DAYLIGHT,50,DEER (ANIMAL),GRAYS POINT RD & LITTLE MARROWBONE RD,,TN,37080,3339,NORTH,36.2719,-86.9255,"(36.2719, -86.9255)"
2010625962,7/25/2010 18:57,1,0,0,N,N,420034,0,NOT COLLISION W/MOTOR VEHICLE-TRANSPORT,1,NO ADVERSE CONDITIONS,1,DAYLIGHT,50,DEER (ANIMAL),I 65 S & LONG HOLLOW PIKE,GOODLETTSVILLE,TN,37072,2121,MADISO,36.324,-86.7049,"(36.324, -86.7049)"
2010638745,7/30/2010 10:30,1,0,0,N,N,226809,0,NOT COLLISION W/MOTOR VEHICLE-TRANSPORT,1,NO ADVERSE CONDITIONS,1,DAYLIGHT,50,DEER (ANIMAL),5887 EATONS CREEK RD,JOELTON,TN,37080,,,,,
2010662518,8/8/2010 18:08,1,0,0,N,N,693106,0,NOT COLLISION W/MOTOR VEHICLE-TRANSPORT,1,NO ADVERSE CONDITIONS,1,DAYLIGHT,50,DEER (ANIMAL),OLD HICKORY BLVD & WHITES CREEK PIKE,WHITES CREEK,TN,37189,3305,NORTH,36.2657,-86.8309,"(36.2657, -86.8309)"
2010663453,8/9/2010 3:15,1,0,0,N,N,226220,0,NOT COLLISION W/MOTOR VEHICLE-TRANSPORT,1,NO ADVERSE CONDITIONS,2,DARK - NOT LIGHTED,50,DEER (ANIMAL),1604 SPRINGFIELD HWY,GOODLETTSVILLE,TN,37072,2201,MADISO,,,
2010672198,8/12/2010 5:40,1,0,0,N,N,653629,2,HEAD-ON,1,NO ADVERSE CONDITIONS,4,DAWN,50,DEER (ANIMAL),GREENBRIER RD & WHITES CREEK PIKE,JOELTON,,37080,,EAST,36.3468,-86.8748,"(36.3468, -86.8748)"
2010676623,8/13/2010 20:35,1,0,0,N,N,620080,0,NOT COLLISION W/MOTOR VEHICLE-TRANSPORT,1,NO ADVERSE CONDITIONS,2,DARK - NOT LIGHTED,50,DEER (ANIMAL),BUENA VISTA PIKE & DRY FORK RD,NASHVILLE,TN,37207,3221,NORTH,36.2474,-86.8293,"(36.2474, -86.8293)"
2010693322,8/20/2010 6:25,1,0,0,N,N,653631,0,NOT COLLISION W/MOTOR VEHICLE-TRANSPORT,5,FOG,1,DAYLIGHT,50,DEER (ANIMAL),CLEECES FERRY RD & OLD HICKORY BLVD,NASHVILLE,TN,37218,3327,NORTH,36.204,-86.9274,"(36.204, -86.9274)"
2010702645,8/24/2010 2:15,1,0,0,Y,N,633381,0,NOT COLLISION W/MOTOR VEHICLE-TRANSPORT,1,NO ADVERSE CONDITIONS,3,DARK - LIGHTED,50,DEER (ANIMAL),3500 BRICK CHURCH PIKE,NASHVILLE,,37207,2045,MADISO,36.253,-86.7769,"(36.253, -86.7769)"
2010704235,8/24/2010 20:22,1,0,0,N,N,620080,0,NOT COLLISION W/MOTOR VEHICLE-TRANSPORT,1,NO ADVERSE CONDITIONS,2,DARK - NOT LIGHTED,50,DEER (ANIMAL),OLD HICKORY BLVD & 1149 BUENA VISTA PKE,NASHVILLE,TN,,,,,,
2010719298,8/30/2010 15:00,1,0,0,N,Y,224946,2,HEAD-ON,1,NO ADVERSE CONDITIONS,1,DAYLIGHT,50,DEER (ANIMAL),I 24 W & OLD HICKORY BLVD,ANTIOCH,,37013,8806,SOUTH,36.0146,-86.6204,"(36.0146, -86.6204)"
2010730818,9/3/2010 15:51,1,0,0,N,N,653630,0,NOT COLLISION W/MOTOR VEHICLE-TRANSPORT,1,NO ADVERSE CONDITIONS,1,DAYLIGHT,50,DEER (ANIMAL),OLD HICKORY BLVD & SHUTE LN,OLD HICKORY,TN,37138,9605,HERMIT,36.2323,-86.6247,"(36.2323, -86.6247)"
2010731769,9/3/2010 23:08,1,0,0,N,N,617350,2,HEAD-ON,1,NO ADVERSE CONDITIONS,3,DARK - LIGHTED,50,DEER (ANIMAL),EDMONDSON PIKE & GESSNER LN,BRENTWOOD,TN,37027,8621,MIDTOW,36.0333,-86.7437,"(36.0333, -86.7437)"
2010735428,9/5/2010 15:14,1,0,0,N,N,668421,0,NOT COLLISION W/MOTOR VEHICLE-TRANSPORT,1,NO ADVERSE CONDITIONS,1,DAYLIGHT,50,DEER (ANIMAL),MOUNT VIEW CIR & MURFREESBORO PIKE,ANTIOCH,TN,37013,8927,SOUTH,36.0541,-86.6185,"(36.0541, -86.6185)"
2010735978,9/5/2010 20:42,1,0,0,N,N,716977,0,NOT COLLISION W/MOTOR VEHICLE-TRANSPORT,1,NO ADVERSE CONDITIONS,3,DARK - LIGHTED,50,DEER (ANIMAL),LEBANON PIKE & SHUTE LN,HERMITAGE,TN,37076,9535,HERMIT,36.2145,-86.6048,"(36.2145, -86.6048)"
2010744443,9/8/2010 18:30,1,0,0,N,N,420051,2,HEAD-ON,1,NO ADVERSE CONDITIONS,1,DAYLIGHT,50,DEER (ANIMAL),CHARLOTTE PIKE & HEATH RD,,TN,,,,,,
2010748736,9/10/2010 5:00,1,0,0,N,N,466823,0,NOT COLLISION W/MOTOR VEHICLE-TRANSPORT,1,NO ADVERSE CONDITIONS,3,DARK - LIGHTED,50,DEER (ANIMAL),BROOK HOLLOW RD & HARDING PIKE,NASHVILLE,TN,37205,4909,WEST,36.0944,-86.8818,"(36.0944, -86.8818)"
2010758079,9/13/2010 22:25,1,0,0,N,N,468059,6,SIDESWIPE - OPPOSITE DIRECTION,1,NO ADVERSE CONDITIONS,3,DARK - LIGHTED,50,DEER (ANIMAL),3535 BELL RD,NASHVILLE,TN,37214,8957,HERMIT,36.1432,-86.6267,"(36.1432, -86.6267)"
2010791882,9/26/2010 9:43,1,0,0,N,N,474373,0,NOT COLLISION W/MOTOR VEHICLE-TRANSPORT,1,NO ADVERSE CONDITIONS,1,DAYLIGHT,50,DEER (ANIMAL),OLD HICKORY BLVD & WOODLANDS AVE,NASHVILLE,,37211,,SOUTH,36.0431,-86.726,"(36.0431, -86.726)"
2010793317,9/27/2010 0:08,1,0,0,N,N,608788,0,NOT COLLISION W/MOTOR VEHICLE-TRANSPORT,1,NO ADVERSE CONDITIONS,2,DARK - NOT LIGHTED,50,DEER (ANIMAL),MURFREESBORO PK & PARKS RETREAT,NASHVILLE,TN,,,,,,
2010794302,9/27/2010 9:45,1,1,0,N,N,226812,0,NOT COLLISION W/MOTOR VEHICLE-TRANSPORT,1,NO ADVERSE CONDITIONS,1,DAYLIGHT,50,DEER (ANIMAL),ASHLAND CITY HWY & PECAN VALLEY RD,,TN,37218,,,36.2046,-86.9468,"(36.2046, -86.9468)"
2010794880,9/27/2010 14:00,1,0,0,N,N,224486,0,NOT COLLISION W/MOTOR VEHICLE-TRANSPORT,1,NO ADVERSE CONDITIONS,1,DAYLIGHT,50,DEER (ANIMAL),I24 W & OLD FRANKLIN RD,,TN,,,,,,
2010804313,9/30/2010 17:39,1,0,0,N,N,714641,4,ANGLE,1,NO ADVERSE CONDITIONS,1,DAYLIGHT,50,DEER (ANIMAL),CAHAL AVE & CAHAL AVE,NASHVILLE,TN,37206,1335,EAST,36.1949,-86.7261,"(36.1949, -86.7261)"
2010804832,9/30/2010 21:53,1,0,0,N,N,224851,2,HEAD-ON,1,NO ADVERSE CONDITIONS,2,DARK - NOT LIGHTED,50,DEER (ANIMAL),3549 PIN HOOK RD,ANTIOCH,TN,37013,8927,SOUTH,36.0505,-86.6102,"(36.0505, -86.6102)"
2010978562,10/6/2010 20:25,1,0,0,N,N,226208,0,NOT COLLISION W/MOTOR VEHICLE-TRANSPORT,1,NO ADVERSE CONDITIONS,2,DARK - NOT LIGHTED,50,DEER (ANIMAL),BELL RD & CANE RIDGE RD,ANTIOCH,TN,37013,8721,SOUTH,36.0447,-86.6615,"(36.0447, -86.6615)"
2010824853,10/7/2010 21:05,1,0,0,N,N,596389,0,NOT COLLISION W/MOTOR VEHICLE-TRANSPORT,1,NO ADVERSE CONDITIONS,2,DARK - NOT LIGHTED,50,DEER (ANIMAL),HWY 70 S & SADDLE RDG,,TN,37221,4713,WEST,36.0804,-86.9664,"(36.0804, -86.9664)"
2010832127,10/10/2010 21:55,1,0,0,N,N,716884,2,HEAD-ON,1,NO ADVERSE CONDITIONS,2,DARK - NOT LIGHTED,50,DEER (ANIMAL),BELL RD & ZELIDA AVE,ANTIOCH,TN,37013,8865,SOUTH,36.0549,-86.6425,"(36.0549, -86.6425)"
2010835115,10/11/2010 22:18,1,0,0,N,N,714630,0,NOT COLLISION W/MOTOR VEHICLE-TRANSPORT,1,NO ADVERSE CONDITIONS,2,DARK - NOT LIGHTED,50,DEER (ANIMAL),RIVER DR & RIVER RD,,TN,,,,,,
2010849722,10/17/2010 5:09,1,0,0,N,N,473669,0,NOT COLLISION W/MOTOR VEHICLE-TRANSPORT,1,NO ADVERSE CONDITIONS,2,DARK - NOT LIGHTED,50,DEER (ANIMAL),I 40 E & OLD HICKORY BLVD,HERMITAGE,TN,37076,9543,HERMIT,36.1703,-86.6014,"(36.1703, -86.6014)"
2010850954,10/17/2010 19:46,1,0,0,N,N,433989,2,HEAD-ON,1,NO ADVERSE CONDITIONS,3,DARK - LIGHTED,50,DEER (ANIMAL),BROOKVIEW FOREST DR & HOLT RD,NASHVILLE,TN,37211,8651,MIDTOW,36.0131,-86.7109,"(36.0131, -86.7109)"
2010851213,10/17/2010 23:42,1,0,0,N,N,420046,0,NOT COLLISION W/MOTOR VEHICLE-TRANSPORT,1,NO ADVERSE CONDITIONS,3,DARK - LIGHTED,50,DEER (ANIMAL),3410 KNIGHT DR,WHITES CREEK,TN,37189,3223,NORTH,36.2374,-86.8031,"(36.2374, -86.8031)"
2010853577,10/18/2010 20:35,1,0,0,N,N,714639,2,HEAD-ON,1,NO ADVERSE CONDITIONS,1,DAYLIGHT,50,DEER (ANIMAL),OLD HARDING PIKE & S COLONY DR,NASHVILLE,TN,37221,4819,WEST,36.0519,-86.9522,"(36.0519, -86.9522)"
2010855978,10/19/2010 18:37,1,0,0,N,N,596389,0,NOT COLLISION W/MOTOR VEHICLE-TRANSPORT,1,NO ADVERSE CONDITIONS,5,DUSK,50,DEER (ANIMAL),BEVERLY HILLS DR & HWY 70,NASHVILLE,TN,37221,4713,WEST,36.0938,-87.0235,"(36.0938, -87.0235)"
2010856004,10/19/2010 18:55,1,0,0,N,N,676827,0,NOT COLLISION W/MOTOR VEHICLE-TRANSPORT,2,RAIN,2,DARK - NOT LIGHTED,50,DEER (ANIMAL),ANDREW JACKSON PKWY & OLD HICKORY BLVD,HERMITAGE,TN,37076,9561,HERMIT,36.1835,-86.6108,"(36.1835, -86.6108)"
2010856051,10/19/2010 19:54,1,0,0,N,N,429193,0,NOT COLLISION W/MOTOR VEHICLE-TRANSPORT,2,RAIN,2,DARK - NOT LIGHTED,50,DEER (ANIMAL),CASTLEWOOD CT & HILLSBORO PIKE,NASHVILLE,TN,37215,6307,MIDTOW,36.0739,-86.8403,"(36.0739, -86.8403)"
2010859287,10/21/2010 0:04,1,0,0,N,N,620072,2,HEAD-ON,1,NO ADVERSE CONDITIONS,3,DARK - LIGHTED,50,DEER (ANIMAL),6820 70 S,NASHVILLE,TN,,4903,WEST,36.2513,-86.7429,"(36.2513, -86.7429)"
2010861515,10/21/2010 20:25,1,1,0,N,N,224676,4,ANGLE,1,NO ADVERSE CONDITIONS,3,DARK - LIGHTED,50,DEER (ANIMAL),MCGAVOCK PIKE & PENNINGTON BEND RD,NASHVILLE,TN,37214,9215,HERMIT,36.2152,-86.6884,"(36.2152, -86.6884)"
2010862472,10/22/2010 6:37,1,0,0,N,N,633389,5,SIDESWIPE - SAME DIRECTION,1,NO ADVERSE CONDITIONS,1,DAYLIGHT,50,DEER (ANIMAL),BLUFF RD & NOLENSVILLE PIKE,BRENTWOOD,TN,37027,,,,,
2010864080,10/22/2010 20:36,1,0,0,N,N,467992,4,ANGLE,1,NO ADVERSE CONDITIONS,2,DARK - NOT LIGHTED,50,DEER (ANIMAL),5511 GRANNY WHITE PIKE,NASHVILLE,TN,37215,6305,MIDTOW,36.0531,-86.8162,"(36.0531, -86.8162)"
2010871521,10/26/2010 6:50,1,0,0,N,N,224412,0,NOT COLLISION W/MOTOR VEHICLE-TRANSPORT,1,NO ADVERSE CONDITIONS,1,DAYLIGHT,50,DEER (ANIMAL),5606 GRANNY WHITE PIKE,NASHVILLE,TN,37220,7111,MIDTOW,36.0469,-86.8159,"(36.0469, -86.8159)"
2010878064,10/28/2010 8:11,1,0,0,N,N,462494,0,NOT COLLISION W/MOTOR VEHICLE-TRANSPORT,1,NO ADVERSE CONDITIONS,1,DAYLIGHT,50,DEER (ANIMAL),CLARKSVILLE PIKE & SAINT LAWRENCE DR,JOELTON,TN,37080,3245,NORTH,36.2882,-86.8796,"(36.2882, -86.8796)"
2010879179,10/28/2010 16:17,1,0,0,Y,N,665899,2,HEAD-ON,1,NO ADVERSE CONDITIONS,1,DAYLIGHT,50,DEER (ANIMAL),CLOVERLAND DR & STERLING OAKS DR,BRENTWOOD,TN,37027,8623,MIDTOW,36.0307,-86.7472,"(36.0307, -86.7472)"
2010882718,10/29/2010 22:50,1,0,0,N,Y,405429,0,NOT COLLISION W/MOTOR VEHICLE-TRANSPORT,1,NO ADVERSE CONDITIONS,2,DARK - NOT LIGHTED,50,DEER (ANIMAL),I40 EASTBOUND EXIT RAMP & CENTRAL PK,NASHVILLE,TN,,,,,,
2010884371,10/30/2010 18:29,1,0,0,N,N,716877,0,NOT COLLISION W/MOTOR VEHICLE-TRANSPORT,1,NO ADVERSE CONDITIONS,2,DARK - NOT LIGHTED,50,DEER (ANIMAL),SAUNDERSVILLE RD & SHUTE LN,HERMITAGE,TN,37076,9715,HERMIT,36.2263,-86.6032,"(36.2263, -86.6032)"
2010887715,11/1/2010 6:15,1,0,0,N,N,226226,0,NOT COLLISION W/MOTOR VEHICLE-TRANSPORT,1,NO ADVERSE CONDITIONS,1,DAYLIGHT,50,DEER (ANIMAL),8901 HWY 100,,,37221,4805,WEST,36.0302,-86.9974,"(36.0302, -86.9974)"
2010888524,11/1/2010 13:22,1,0,0,N,N,226226,0,NOT COLLISION W/MOTOR VEHICLE-TRANSPORT,1,NO ADVERSE CONDITIONS,1,DAYLIGHT,50,DEER (ANIMAL),HWY 100 & STONEMEADE DR,NASHVILLE,TN,37221,4809,WEST,36.0404,-86.9621,"(36.0404, -86.9621)"
2010889673,11/1/2010 21:32,1,0,0,N,N,676832,2,HEAD-ON,1,NO ADVERSE CONDITIONS,2,DARK - NOT LIGHTED,50,DEER (ANIMAL),CHARLOTTE PIKE & WOODLAND WAY,NASHVILLE,TN,37221,4711,WEST,36.1088,-86.9347,"(36.1088, -86.9347)"
2010894222,11/3/2010 7:30,1,0,0,N,N,226226,0,NOT COLLISION W/MOTOR VEHICLE-TRANSPORT,1,NO ADVERSE CONDITIONS,1,DAYLIGHT,50,DEER (ANIMAL),320 OLD HICKORY BLVD,,TN,37138,9705,HERMIT,36.2673,-86.6573,"(36.2673, -86.6573)"
2010894844,11/3/2010 12:20,1,0,0,N,N,462494,0,NOT COLLISION W/MOTOR VEHICLE-TRANSPORT,2,RAIN,1,DAYLIGHT,50,DEER (ANIMAL),I24 EASTBOUND & WHITES CREEK PK,NASHVILLE,TN,,,,,,
2010899037,11/4/2010 18:41,1,0,0,N,N,676832,0,NOT COLLISION W/MOTOR VEHICLE-TRANSPORT,1,NO ADVERSE CONDITIONS,2,DARK - NOT LIGHTED,50,DEER (ANIMAL),7300 CENTENNIAL BLVD & CENTENNIAL PL,NASHVILLE,TN,,,,,,
2010899249,11/4/2010 21:25,1,0,0,N,N,633387,0,NOT COLLISION W/MOTOR VEHICLE-TRANSPORT,1,NO ADVERSE CONDITIONS,2,DARK - NOT LIGHTED,50,DEER (ANIMAL),OLD LEBANON DIRT RD & N NEWHOPE RD,,TN,,,,,,
2010933620,11/8/2010 6:05,1,0,0,N,N,466823,0,NOT COLLISION W/MOTOR VEHICLE-TRANSPORT,1,NO ADVERSE CONDITIONS,5,DUSK,50,DEER (ANIMAL),7475 COCKRILL BEND BLVD,NASHVILLE,TN,37209,4653,WEST,36.1784,-86.896,"(36.1784, -86.896)"
2010911286,11/9/2010 18:10,1,0,0,N,N,580816,0,NOT COLLISION W/MOTOR VEHICLE-TRANSPORT,1,NO ADVERSE CONDITIONS,2,DARK - NOT LIGHTED,50,DEER (ANIMAL),HOBSON PIKE & WINDCREST TRL,ANTIOCH,TN,37013,8907,SOUTH,36.0619,-86.594,"(36.0619, -86.594)"
2010913977,11/10/2010 16:44,1,0,0,N,N,224368,0,NOT COLLISION W/MOTOR VEHICLE-TRANSPORT,1,NO ADVERSE CONDITIONS,5,DUSK,50,DEER (ANIMAL),DICKERSON PIKE & MULBERRY DOWNS CIR,MADISON,TN,37115,2017,MADISO,36.2515,-86.7574,"(36.2515, -86.7574)"
2010914222,11/10/2010 18:06,1,0,0,N,N,596386,0,NOT COLLISION W/MOTOR VEHICLE-TRANSPORT,1,NO ADVERSE CONDITIONS,2,DARK - NOT LIGHTED,50,DEER (ANIMAL),HWY 96 & LITTLE EAST FORK RD,NASHVILLE,TN,37221,4805,WEST,36.0022,-87.0249,"(36.0022, -87.0249)"
2010914133,11/10/2010 18:10,1,0,0,N,N,687816,2,HEAD-ON,1,NO ADVERSE CONDITIONS,3,DARK - LIGHTED,50,DEER (ANIMAL),210 OLD HICKORY BLVD,NASHVILLE,TN,37205,4903,WEST,36.0768,-86.9205,"(36.0768, -86.9205)"
2010915557,11/11/2010 7:10,1,0,0,N,N,225741,0,NOT COLLISION W/MOTOR VEHICLE-TRANSPORT,1,NO ADVERSE CONDITIONS,1,DAYLIGHT,50,DEER (ANIMAL),ASHLAND CITY HWY & OLD HICKORY BLVD,NASHVILLE,TN,37218,3237,NORTH,36.2114,-86.9212,"(36.2114, -86.9212)"
2010916943,11/11/2010 17:39,1,0,0,N,N,620080,0,NOT COLLISION W/MOTOR VEHICLE-TRANSPORT,1,NO ADVERSE CONDITIONS,2,DARK - NOT LIGHTED,50,DEER (ANIMAL),BRICK CHURCH PIKE & OLD HICKORY BLVD,NASHVILLE,TN,37207,2103,MADISO,36.2793,-86.7845,"(36.2793, -86.7845)"
2010917247,11/11/2010 19:27,1,0,0,N,N,596389,0,NOT COLLISION W/MOTOR VEHICLE-TRANSPORT,1,NO ADVERSE CONDITIONS,2,DARK - NOT LIGHTED,50,DEER (ANIMAL),AVONDALE PARK BLVD & MCCRORY LN,,,37221,4801,WEST,36.0654,-86.9958,"(36.0654, -86.9958)"
2010917210,11/11/2010 19:39,1,0,0,N,N,596389,0,NOT COLLISION W/MOTOR VEHICLE-TRANSPORT,1,NO ADVERSE CONDITIONS,2,DARK - NOT LIGHTED,50,DEER (ANIMAL),HWY 96 & WILLIAMSON LINE CORD,NASHVILLE,TN,37221,4805,WEST,35.9978,-87.0159,"(35.9978, -87.0159)"
2010917354,11/11/2010 22:10,1,0,0,N,N,648799,0,NOT COLLISION W/MOTOR VEHICLE-TRANSPORT,1,NO ADVERSE CONDITIONS,3,DARK - LIGHTED,50,DEER (ANIMAL),BELL RD & HICKORY HIGHLANDS DR,ANTIOCH,TN,37013,8865,SOUTH,36.0606,-86.64,"(36.0606, -86.64)"
2010917442,11/11/2010 22:20,1,0,0,N,N,676828,2,HEAD-ON,1,NO ADVERSE CONDITIONS,3,DARK - LIGHTED,50,DEER (ANIMAL),E PARK DR & OLD HICKORY BLVD,NASHVILLE,TN,37220,7111,MIDTOW,36.0375,-86.791,"(36.0375, -86.791)"