Accident Number,Date and Time,Number of Motor Vehicles,Number of Injuries,Number of Fatalities,Property Damage,Hit and Run,Reporting Officer,Collision Type Code,Collision Type Description,Weather Code,Weather Description,Illumination Code,Illumination Description,Harmful Code,Harmful Code Description,Street Address,City,State,ZIP,RPA,Precinct,Latitude,Longitude,Mapped Location
2010918251,11/12/2010 7:28,1,0,0,N,N,538214,4,ANGLE,1,NO ADVERSE CONDITIONS,1,DAYLIGHT,50,DEER (ANIMAL),BRILEY PKWY S & CENTENNIAL BLVD,NASHVILLE,TN,37209,4606,WEST,36.1714,-86.8693,"(36.1714, -86.8693)"
2010919548,11/12/2010 17:25,1,1,0,N,N,714640,0,NOT COLLISION W/MOTOR VEHICLE-TRANSPORT,1,NO ADVERSE CONDITIONS,2,DARK - NOT LIGHTED,50,DEER (ANIMAL),OLD HICKORY BLVD & I24,NASHVILLE,TN,,,,,,
2010920091,11/12/2010 22:00,1,0,0,N,N,676833,0,NOT COLLISION W/MOTOR VEHICLE-TRANSPORT,1,NO ADVERSE CONDITIONS,3,DARK - LIGHTED,50,DEER (ANIMAL),CHARLOTTE PIKE & OLD HICKORY BLVD,NASHVILLE,TN,37209,4701,WEST,36.1167,-86.9232,"(36.1167, -86.9232)"
2010922978,11/14/2010 7:00,1,0,0,N,N,226578,4,ANGLE,2,RAIN,1,DAYLIGHT,50,DEER (ANIMAL),I 24 E & MM 61,NASHVILLE,TN,,,,,,
2010926776,11/15/2010 19:00,1,0,0,N,N,727204,0,NOT COLLISION W/MOTOR VEHICLE-TRANSPORT,1,NO ADVERSE CONDITIONS,2,DARK - NOT LIGHTED,50,DEER (ANIMAL),HAMILTON CHURCH RD & MOUNT VIEW RD,ANTIOCH,,37013,,HERMIT,36.0627,-86.6082,"(36.0627, -86.6082)"
2010927091,11/15/2010 21:54,1,0,0,N,N,596389,0,NOT COLLISION W/MOTOR VEHICLE-TRANSPORT,1,NO ADVERSE CONDITIONS,2,DARK - NOT LIGHTED,50,DEER (ANIMAL),HWY96 & LITTLE EAST FORK,,TN,,,,,,
2010930533,11/17/2010 2:43,1,0,0,Y,N,420046,0,NOT COLLISION W/MOTOR VEHICLE-TRANSPORT,1,NO ADVERSE CONDITIONS,3,DARK - LIGHTED,50,DEER (ANIMAL),4916 CLARKSVILLE PIKE,WHITES CREEK,TN,37189,3229,NORTH,36.2525,-86.8436,"(36.2525, -86.8436)"
2010930948,11/17/2010 7:30,1,0,0,N,N,226226,0,NOT COLLISION W/MOTOR VEHICLE-TRANSPORT,1,NO ADVERSE CONDITIONS,1,DAYLIGHT,50,DEER (ANIMAL),OLD HICKORY BLVD & TOLBERT RD,NASHVILLE,TN,,,,,,
2010931914,11/17/2010 15:15,1,0,0,N,N,483527,0,NOT COLLISION W/MOTOR VEHICLE-TRANSPORT,1,NO ADVERSE CONDITIONS,1,DAYLIGHT,50,DEER (ANIMAL),SAUNDERSVILLE RD & SHUTE LN,HERMITAGE,TN,37076,9715,HERMIT,36.2263,-86.6032,"(36.2263, -86.6032)"
2010933236,11/18/2010 1:40,1,0,0,N,N,226220,0,NOT COLLISION W/MOTOR VEHICLE-TRANSPORT,1,NO ADVERSE CONDITIONS,2,DARK - NOT LIGHTED,50,DEER (ANIMAL),5025 ASHLAND CITY HWY,NASHVILLE,TN,37218,,,,,
2010933599,11/18/2010 6:02,1,0,0,N,N,676838,2,HEAD-ON,1,NO ADVERSE CONDITIONS,3,DARK - LIGHTED,50,DEER (ANIMAL),4672 CLARKSVILLE PIKE,,TN,37218,3215,NORTH,36.2412,-86.8307,"(36.2412, -86.8307)"
2010935590,11/19/2010 0:05,1,0,0,N,N,527757,2,HEAD-ON,1,NO ADVERSE CONDITIONS,3,DARK - LIGHTED,50,DEER (ANIMAL),KAYLA DR & SPRINGFIELD HWY,GOODLETTSVILLE,TN,37072,2219,MADISO,36.3698,-86.7402,"(36.3698, -86.7402)"
2010937052,11/19/2010 13:14,1,0,0,N,N,225805,0,NOT COLLISION W/MOTOR VEHICLE-TRANSPORT,1,NO ADVERSE CONDITIONS,1,DAYLIGHT,50,DEER (ANIMAL),I 65  N & OLD HICKORY BLVD,,TN,37220,,,,,
2010937464,11/19/2010 15:08,1,0,0,N,N,620080,0,NOT COLLISION W/MOTOR VEHICLE-TRANSPORT,1,NO ADVERSE CONDITIONS,1,DAYLIGHT,50,DEER (ANIMAL),ASHLAND CITY HWY & HYDESDALE LN,NASHVILLE,TN,37218,3167,NORTH,36.2066,-86.8558,"(36.2066, -86.8558)"
2010937677,11/19/2010 17:33,1,0,0,N,N,224851,2,HEAD-ON,1,NO ADVERSE CONDITIONS,2,DARK - NOT LIGHTED,50,DEER (ANIMAL),HOBSON PIKE & OLE NOTTINGHAM DR,ANTIOCH,TN,37013,8977,SOUTH,36.0722,-86.576,"(36.0722, -86.576)"
2010937752,11/19/2010 19:02,1,0,0,N,N,596386,2,HEAD-ON,1,NO ADVERSE CONDITIONS,2,DARK - NOT LIGHTED,50,DEER (ANIMAL),I-40 E MM 199,NASHVILLE,TN,,,,,,
2010938206,11/19/2010 23:25,1,0,0,N,N,628640,0,NOT COLLISION W/MOTOR VEHICLE-TRANSPORT,1,NO ADVERSE CONDITIONS,2,DARK - NOT LIGHTED,50,DEER (ANIMAL),14804 OLD HICKORY BLVD,ANTIOCH,TN,37013,,,,,
2010940487,11/21/2010 2:24,1,0,0,N,N,716896,4,ANGLE,1,NO ADVERSE CONDITIONS,2,DARK - NOT LIGHTED,50,DEER (ANIMAL),HUNTWICK TRL & HWY 70,,,37221,4709,WEST,36.0917,-86.9844,"(36.0917, -86.9844)"
2010942058,11/21/2010 21:15,1,0,0,N,N,714632,2,HEAD-ON,1,NO ADVERSE CONDITIONS,2,DARK - NOT LIGHTED,50,DEER (ANIMAL),RIVER ROAD & MCNAMEE,,TN,,,,,,
2010948063,11/24/2010 5:20,1,0,0,N,N,620067,0,NOT COLLISION W/MOTOR VEHICLE-TRANSPORT,1,NO ADVERSE CONDITIONS,2,DARK - NOT LIGHTED,50,DEER (ANIMAL),CLARKSVILLE PIKE & STEVENS LN,NASHVILLE,TN,37218,3219,,36.238,-86.8309,"(36.238, -86.8309)"
2010951349,11/25/2010 17:51,1,0,0,N,N,594471,4,ANGLE,2,RAIN,3,DARK - LIGHTED,50,DEER (ANIMAL),HARDING PL & MURFREESBORO PIKE,NASHVILLE,TN,37217,8849,SOUTH,36.0986,-86.6594,"(36.0986, -86.6594)"
2010951562,11/25/2010 21:02,1,0,0,N,N,596389,0,NOT COLLISION W/MOTOR VEHICLE-TRANSPORT,2,RAIN,2,DARK - NOT LIGHTED,50,DEER (ANIMAL),HUNTWICK TRL & HWY 70,,,37221,4709,WEST,36.0917,-86.9844,"(36.0917, -86.9844)"
2010953953,11/26/2010 22:13,1,0,0,N,N,620080,0,NOT COLLISION W/MOTOR VEHICLE-TRANSPORT,1,NO ADVERSE CONDITIONS,3,DARK - LIGHTED,50,DEER (ANIMAL),BRILEY PKWY N & I 24 W,NASHVILLE,TN,37211,8898,SOUTH,36.1096,-86.7215,"(36.1096, -86.7215)"
2010954953,11/27/2010 8:55,1,0,0,N,N,412355,2,HEAD-ON,1,NO ADVERSE CONDITIONS,1,DAYLIGHT,50,DEER (ANIMAL),I 24 W & OLD HICKORY BLVD,ANTIOCH,,37013,8806,SOUTH,36.0146,-86.6204,"(36.0146, -86.6204)"
2010955828,11/27/2010 19:52,1,0,0,N,N,648799,0,NOT COLLISION W/MOTOR VEHICLE-TRANSPORT,1,NO ADVERSE CONDITIONS,3,DARK - LIGHTED,50,DEER (ANIMAL),BABY RUTH LN & MOUNT VIEW RD,ANTIOCH,TN,37013,8863,SOUTH,36.0432,-86.6403,"(36.0432, -86.6403)"
2010957662,11/28/2010 19:44,1,0,0,N,N,472337,0,NOT COLLISION W/MOTOR VEHICLE-TRANSPORT,1,NO ADVERSE CONDITIONS,2,DARK - NOT LIGHTED,50,DEER (ANIMAL),I 40 E & DONELSON PIKE,NASHVILLE,TN,37214,8906,HERMIT,36.1414,-86.6663,"(36.1414, -86.6663)"
2010958683,11/29/2010 6:55,1,0,0,N,N,226622,2,HEAD-ON,1,NO ADVERSE CONDITIONS,1,DAYLIGHT,50,DEER (ANIMAL),BANCROFT PL & HILLSBORO PIKE,,TN,37215,6307,MIDTOW,36.0693,-86.8432,"(36.0693, -86.8432)"
2010967685,12/2/2010 6:50,1,0,0,N,N,224412,0,NOT COLLISION W/MOTOR VEHICLE-TRANSPORT,1,NO ADVERSE CONDITIONS,1,DAYLIGHT,50,DEER (ANIMAL),615 HILLWOOD BLVD,,TN,37209,5021,WEST,36.1329,-86.8705,"(36.1329, -86.8705)"
2010973115,12/4/2010 8:11,1,0,0,N,N,332229,0,NOT COLLISION W/MOTOR VEHICLE-TRANSPORT,98,OTHER (NARRATIVE),1,DAYLIGHT,50,DEER (ANIMAL),328 KAWAKWA TR,NASHVILLE,TN,,,,,,
2010973917,12/4/2010 18:11,1,0,0,N,N,714644,2,HEAD-ON,1,NO ADVERSE CONDITIONS,2,DARK - NOT LIGHTED,50,DEER (ANIMAL),I 24 W & HICKORY HOLLOW PKWY,ANTIOCH,TN,37013,8806,SOUTH,36.0399,-86.6492,"(36.0399, -86.6492)"
2010101124,12/17/2010 17:45,1,0,0,N,N,223388,4,ANGLE,1,NO ADVERSE CONDITIONS,2,DARK - NOT LIGHTED,50,DEER (ANIMAL),6476 BURKITT RD,,TN,37013,8769,SOUTH,35.9899,-86.6332,"(35.9899, -86.6332)"
20101011590,12/17/2010 21:20,2,0,0,N,N,716893,2,HEAD-ON,1,NO ADVERSE CONDITIONS,2,DARK - NOT LIGHTED,50,DEER (ANIMAL),HARDING PL & HILLSBORO PIKE,NASHVILLE,TN,37215,6403,MIDTOW,36.0914,-86.8284,"(36.0914, -86.8284)"
20101017459,12/20/2010 18:09,1,0,0,N,N,596389,0,NOT COLLISION W/MOTOR VEHICLE-TRANSPORT,1,NO ADVERSE CONDITIONS,2,DARK - NOT LIGHTED,50,DEER (ANIMAL),HWY 70 & MCCRORY LN,NASHVILLE,TN,37221,4713,WEST,36.0938,-87.0235,"(36.0938, -87.0235)"
20101023660,12/23/2010 9:20,1,0,0,N,N,226811,0,NOT COLLISION W/MOTOR VEHICLE-TRANSPORT,1,NO ADVERSE CONDITIONS,1,DAYLIGHT,50,DEER (ANIMAL),1 24 E  & OLD HICORY BLVD,NASHVILLE,TN,,,,,,
20101035865,12/29/2010 17:18,1,0,0,N,N,676832,2,HEAD-ON,2,RAIN,2,DARK - NOT LIGHTED,50,DEER (ANIMAL),RIVER RD & INDIAN CREEK RD,NASHVILLE,TN,,,,,,
20110010161,1/5/2011 6:55,1,0,0,N,N,224412,0,NOT COLLISION W/MOTOR VEHICLE-TRANSPORT,1,NO ADVERSE CONDITIONS,1,DAYLIGHT,50,DEER (ANIMAL),7050 RIVER RD,,TN,,,,,,
20110010188,1/5/2011 7:00,1,0,0,N,N,462494,0,NOT COLLISION W/MOTOR VEHICLE-TRANSPORT,1,NO ADVERSE CONDITIONS,1,DAYLIGHT,50,DEER (ANIMAL),SYCAMORE CREEK RD & WHITES CREEK PIKE,JOELTON,TN,37080,2321,NORTH,36.3817,-86.8948,"(36.3817, -86.8948)"
20110015271,1/6/2011 21:05,1,0,0,N,N,728059,2,HEAD-ON,1,NO ADVERSE CONDITIONS,2,DARK - NOT LIGHTED,50,DEER (ANIMAL),BATTLE RD & BURKITT RD,ANTIOCH,TN,37013,8769,SOUTH,35.995,-86.6244,"(35.995, -86.6244)"
20110016522,1/7/2011 8:00,1,0,0,N,N,225930,0,NOT COLLISION W/MOTOR VEHICLE-TRANSPORT,1,NO ADVERSE CONDITIONS,1,DAYLIGHT,50,DEER (ANIMAL),OLD SPRINGFIELD PIKE & SPRINGFIELD HWY,GOODLETTSVILLE,TN,37072,2201,MADISO,36.3748,-86.747,"(36.3748, -86.747)"
20110025107,1/10/2011 21:26,1,0,0,N,N,596389,0,NOT COLLISION W/MOTOR VEHICLE-TRANSPORT,1,NO ADVERSE CONDITIONS,2,DARK - NOT LIGHTED,50,DEER (ANIMAL),9500 HWY 100,NASHVILLE,TN,37221,4803,WEST,36.0153,-87.0375,"(36.0153, -87.0375)"
20110029080,1/12/2011 5:14,1,0,0,N,N,420046,0,NOT COLLISION W/MOTOR VEHICLE-TRANSPORT,4,SNOW,3,DARK - LIGHTED,50,DEER (ANIMAL),4561 WHITES CREEK PIKE,WHITES CREEK,TN,37189,3303,NORTH,36.2703,-86.8316,"(36.2703, -86.8316)"
20110042859,1/17/2011 7:00,1,0,0,N,N,224412,0,NOT COLLISION W/MOTOR VEHICLE-TRANSPORT,2,RAIN,1,DAYLIGHT,50,DEER (ANIMAL),6820 70 S,NASHVILLE,TN,,4903,WEST,36.2513,-86.7429,"(36.2513, -86.7429)"
20110044653,1/17/2011 21:53,1,0,0,N,N,420046,0,NOT COLLISION W/MOTOR VEHICLE-TRANSPORT,2,RAIN,3,DARK - LIGHTED,50,DEER (ANIMAL),OLD HICKORY BLVD & WHITES CREEK PIKE,WHITES CREEK,TN,37189,3305,NORTH,36.2657,-86.8309,"(36.2657, -86.8309)"
20110047093,1/18/2011 18:10,1,1,0,N,N,633379,0,NOT COLLISION W/MOTOR VEHICLE-TRANSPORT,1,NO ADVERSE CONDITIONS,2,DARK - NOT LIGHTED,50,DEER (ANIMAL),PENNINGTON BEND RD & VALLEY BEND DR,NASHVILLE,TN,37214,9215,HERMIT,36.2233,-86.6887,"(36.2233, -86.6887)"
20110045582,1/18/2011 18:11,1,0,0,N,N,226226,0,NOT COLLISION W/MOTOR VEHICLE-TRANSPORT,2,RAIN,1,DAYLIGHT,50,DEER (ANIMAL),HILLSBORO PIKE & OLD HICKORY BLVD,BRENTWOOD,TN,37027,6301,MIDTOW,36.0473,-86.8627,"(36.0473, -86.8627)"
20110050094,1/19/2011 17:20,1,0,0,N,N,727212,0,NOT COLLISION W/MOTOR VEHICLE-TRANSPORT,1,NO ADVERSE CONDITIONS,2,DARK - NOT LIGHTED,50,DEER (ANIMAL),COUCHVILLE PIKE & REYNOLDS RD,NASHVILLE,TN,37214,8993,HERMIT,36.1147,-86.6473,"(36.1147, -86.6473)"
20110051573,1/20/2011 3:35,1,0,0,N,N,633381,0,NOT COLLISION W/MOTOR VEHICLE-TRANSPORT,1,NO ADVERSE CONDITIONS,3,DARK - LIGHTED,50,DEER (ANIMAL),4688 ASHLAND CITY HWY,,TN,37218,3237,NORTH,36.2116,-86.89,"(36.2116, -86.89)"
20110055643,1/21/2011 23:44,1,0,0,N,N,687816,0,NOT COLLISION W/MOTOR VEHICLE-TRANSPORT,1,NO ADVERSE CONDITIONS,3,DARK - LIGHTED,50,DEER (ANIMAL),INDUSTRIAL DR & ROBINSON RD,OLD HICKORY,TN,37138,9611,HERMIT,36.2634,-86.6619,"(36.2634, -86.6619)"
20110061432,1/23/2011 6:20,1,0,0,N,N,620061,0,NOT COLLISION W/MOTOR VEHICLE-TRANSPORT,1,NO ADVERSE CONDITIONS,2,DARK - NOT LIGHTED,50,DEER (ANIMAL),BABY RUTH LN & MOUNT VIEW RD,ANTIOCH,TN,37013,8863,SOUTH,36.0432,-86.6403,"(36.0432, -86.6403)"
20110068878,1/26/2011 17:57,1,0,0,N,N,620080,0,NOT COLLISION W/MOTOR VEHICLE-TRANSPORT,1,NO ADVERSE CONDITIONS,3,DARK - LIGHTED,50,DEER (ANIMAL),ASHLAND CITY HWY & BRILEY PKWY N,NASHVILLE,TN,37218,3247,NORTH,36.2098,-86.8716,"(36.2098, -86.8716)"
20110083624,2/1/2011 9:30,1,0,0,N,N,226226,0,NOT COLLISION W/MOTOR VEHICLE-TRANSPORT,1,NO ADVERSE CONDITIONS,1,DAYLIGHT,50,DEER (ANIMAL),HWY 100 & 8809 HWY 100,,TN,,,,,,
20110085216,2/1/2011 20:40,1,0,0,N,N,728065,2,HEAD-ON,2,RAIN,2,DARK - NOT LIGHTED,50,DEER (ANIMAL),BURKITT RD & OLD HICKORY BLVD,ANTIOCH,TN,37013,8765,SOUTH,36.0051,-86.6218,"(36.0051, -86.6218)"
20110091646,2/3/2011 21:15,1,0,0,N,N,267358,4,ANGLE,1,NO ADVERSE CONDITIONS,2,DARK - NOT LIGHTED,50,DEER (ANIMAL),HWY 100 & OLD HICKORY BLVD,NASHVILLE,TN,37221,6211,WEST,36.0623,-86.9046,"(36.0623, -86.9046)"
20110091907,2/3/2011 22:30,1,0,0,Y,N,474557,0,NOT COLLISION W/MOTOR VEHICLE-TRANSPORT,1,NO ADVERSE CONDITIONS,2,DARK - NOT LIGHTED,50,DEER (ANIMAL),BARNES RD & 1005,,TN,,,,,,
20110097507,2/6/2011 7:04,1,0,0,N,N,728061,2,HEAD-ON,1,NO ADVERSE CONDITIONS,1,DAYLIGHT,50,DEER (ANIMAL),ASHLAND CITY HWY & PECAN VALLEY RD,,TN,37218,,,36.2046,-86.9468,"(36.2046, -86.9468)"
20110109463,2/10/2011 18:45,1,0,0,N,N,714633,0,NOT COLLISION W/MOTOR VEHICLE-TRANSPORT,1,NO ADVERSE CONDITIONS,2,DARK - NOT LIGHTED,50,DEER (ANIMAL),4410 WHITES CREEK PIKE,WHITES CREEK,TN,37189,3227,NORTH,36.2642,-86.8308,"(36.2642, -86.8308)"
20110120019,2/14/2011 23:35,1,0,0,N,N,633381,1,REAR END,1,NO ADVERSE CONDITIONS,2,DARK - NOT LIGHTED,50,DEER (ANIMAL),BRILEY PKWY N & COUNTY HOSPITAL RD,NASHVILLE,TN,37218,3133,NORTH,36.1876,-86.8624,"(36.1876, -86.8624)"
20110127722,2/17/2011 17:23,1,1,0,N,N,405429,0,NOT COLLISION W/MOTOR VEHICLE-TRANSPORT,1,NO ADVERSE CONDITIONS,1,DAYLIGHT,50,DEER (ANIMAL),ROBINSON RD & 1102 ROBINSON RD,NASHVILLE,TN,,,,,,
20110127987,2/17/2011 18:26,1,0,0,N,N,620080,0,NOT COLLISION W/MOTOR VEHICLE-TRANSPORT,1,NO ADVERSE CONDITIONS,2,DARK - NOT LIGHTED,50,DEER (ANIMAL),3666 KNIGHT DR,WHITES CREEK,TN,37189,3223,NORTH,36.2542,-86.8058,"(36.2542, -86.8058)"
20110128420,2/17/2011 23:47,1,0,0,N,N,420046,0,NOT COLLISION W/MOTOR VEHICLE-TRANSPORT,1,NO ADVERSE CONDITIONS,3,DARK - LIGHTED,50,DEER (ANIMAL),WHITE CREEKS PIKE & GREEN LN,NASHVILLE,TN,,,,,,
20110145006,2/24/2011 19:08,1,0,0,N,N,224368,0,NOT COLLISION W/MOTOR VEHICLE-TRANSPORT,1,NO ADVERSE CONDITIONS,3,DARK - LIGHTED,50,DEER (ANIMAL),4618 ASHLAND CITY HWY,NASHVILLE,TN,37218,3237,NORTH,36.2104,-86.8828,"(36.2104, -86.8828)"
20110153411,2/28/2011 6:08,1,0,0,N,N,633390,0,NOT COLLISION W/MOTOR VEHICLE-TRANSPORT,1,NO ADVERSE CONDITIONS,4,DAWN,50,DEER (ANIMAL),CHANDLER RD & TULIP GROVE RD,HERMITAGE,TN,37076,9523,HERMIT,36.1997,-86.592,"(36.1997, -86.592)"
20110155345,2/28/2011 22:03,1,0,0,N,N,596386,2,HEAD-ON,1,NO ADVERSE CONDITIONS,2,DARK - NOT LIGHTED,50,DEER (ANIMAL),CROCKRILL BEND BLVD & CROCKRILL BEND CIR,,TN,,,,,,
20110162961,3/3/2011 7:20,1,0,0,N,N,468285,0,NOT COLLISION W/MOTOR VEHICLE-TRANSPORT,1,NO ADVERSE CONDITIONS,1,DAYLIGHT,50,DEER (ANIMAL),6648 HOLT RD,NASHVILLE,TN,37211,8651,MIDTOW,,,
20110172404,3/6/2011 23:55,1,0,0,N,N,596392,4,ANGLE,1,NO ADVERSE CONDITIONS,2,DARK - NOT LIGHTED,50,DEER (ANIMAL),HOBSON PIKE & WILSON LINE CORD,HERMITAGE,TN,37076,8973,SOUTH,36.1101,-86.5356,"(36.1101, -86.5356)"
20110205709,3/18/2011 0:16,1,0,0,N,N,449286,5,SIDESWIPE - SAME DIRECTION,1,NO ADVERSE CONDITIONS,2,DARK - NOT LIGHTED,50,DEER (ANIMAL),2901 BELL RD,NASHVILLE,TN,37217,8987,HERMIT,36.108,-86.6299,"(36.108, -86.6299)"
20110212070,3/20/2011 9:40,1,0,0,N,N,332253,0,NOT COLLISION W/MOTOR VEHICLE-TRANSPORT,1,NO ADVERSE CONDITIONS,1,DAYLIGHT,50,DEER (ANIMAL),HOBSON PIKE & WALKER RD,HERMITAGE,TN,37076,8909,SOUTH,36.0957,-86.5553,"(36.0957, -86.5553)"
20110220044,3/23/2011 6:50,1,0,0,N,N,226226,0,NOT COLLISION W/MOTOR VEHICLE-TRANSPORT,1,NO ADVERSE CONDITIONS,1,DAYLIGHT,50,DEER (ANIMAL),HILLSBORO PIKE & STANFORD DR,NASHVILLE,TN,37215,6203,WEST,36.0887,-86.8305,"(36.0887, -86.8305)"
20110237786,3/29/2011 8:15,1,1,0,N,N,693094,0,NOT COLLISION W/MOTOR VEHICLE-TRANSPORT,1,NO ADVERSE CONDITIONS,1,DAYLIGHT,50,DEER (ANIMAL),I 24 E & WHITES CREEK PIKE,JOELTON,TN,37080,3311,NORTH,36.3241,-86.8684,"(36.3241, -86.8684)"
20110254765,4/3/2011 21:41,1,0,0,N,N,596389,0,NOT COLLISION W/MOTOR VEHICLE-TRANSPORT,1,NO ADVERSE CONDITIONS,2,DARK - NOT LIGHTED,50,DEER (ANIMAL),HWY 100 & NATCHEZ TRACE PKWY,NASHVILLE,TN,37221,4803,WEST,,,
20110254880,4/4/2011 23:11,1,0,0,N,N,468044,2,HEAD-ON,1,NO ADVERSE CONDITIONS,2,DARK - NOT LIGHTED,50,DEER (ANIMAL),MOUNT VIEW CIR & MURFREESBORO PIKE,,TN,37013,8927,SOUTH,36.0541,-86.6185,"(36.0541, -86.6185)"
20110261530,4/6/2011 6:00,1,0,0,N,N,468062,0,NOT COLLISION W/MOTOR VEHICLE-TRANSPORT,1,NO ADVERSE CONDITIONS,1,DAYLIGHT,50,DEER (ANIMAL),ANDERSON RD & PRIEST LAKE DR,NASHVILLE,TN,37217,8931,HERMIT,36.1026,-86.604,"(36.1026, -86.604)"
20110271975,4/9/2011 12:02,1,0,0,N,N,466823,0,NOT COLLISION W/MOTOR VEHICLE-TRANSPORT,1,NO ADVERSE CONDITIONS,1,DAYLIGHT,50,DEER (ANIMAL),BUENA VISTA PIKE & MOORMANS ARM RD,NASHVILLE,TN,37207,3043,NORTH,36.2148,-86.8177,"(36.2148, -86.8177)"
20110289652,4/15/2011 6:38,1,0,0,N,N,466823,0,NOT COLLISION W/MOTOR VEHICLE-TRANSPORT,2,RAIN,1,DAYLIGHT,50,DEER (ANIMAL),I 24W & MM40,,TN,,,,,,
20110296796,4/18/2011 0:20,1,1,0,N,N,420051,0,NOT COLLISION W/MOTOR VEHICLE-TRANSPORT,1,NO ADVERSE CONDITIONS,2,DARK - NOT LIGHTED,50,DEER (ANIMAL),OLD HICKORY BLVD & WHITES CREEK PIKE,WHITES CREEK,TN,37189,3229,NORTH,36.2657,-86.8309,"(36.2657, -86.8309)"
20110317368,4/24/2011 19:11,1,0,0,N,N,596389,0,NOT COLLISION W/MOTOR VEHICLE-TRANSPORT,1,NO ADVERSE CONDITIONS,1,DAYLIGHT,50,DEER (ANIMAL),829 PERCY WARNER BLVD,NASHVILLE,TN,37205,4911,WEST,36.0828,-86.8875,"(36.0828, -86.8875)"
20110318581,4/25/2011 6:05,1,0,0,N,N,468044,2,HEAD-ON,1,NO ADVERSE CONDITIONS,4,DAWN,50,DEER (ANIMAL),I 24 W & HICKORY HOLLOW PKWY,ANTIOCH,TN,37013,8806,SOUTH,36.0397,-86.6491,"(36.0397, -86.6491)"
20110319261,4/25/2011 12:10,1,0,0,N,N,226022,2,HEAD-ON,1,NO ADVERSE CONDITIONS,1,DAYLIGHT,50,DEER (ANIMAL),I 40 E & MM201,,TN,,,,,,
20110333994,4/29/2011 20:12,1,0,0,N,N,224544,0,NOT COLLISION W/MOTOR VEHICLE-TRANSPORT,1,NO ADVERSE CONDITIONS,2,DARK - NOT LIGHTED,50,DEER (ANIMAL),6506 LICKTON PIKE,GOODLETTSVILLE,TN,37072,2221,MADISO,36.3479,-86.7311,"(36.3479, -86.7311)"
20110337315,5/1/2011 1:50,1,0,0,N,N,687821,2,HEAD-ON,1,NO ADVERSE CONDITIONS,2,DARK - NOT LIGHTED,50,DEER (ANIMAL),SPRINGFIELD HWY & WEEPING WILLOW WAY,,TN,,,,,,
20110347142,5/4/2011 6:30,1,0,0,N,N,2626099,4,ANGLE,1,NO ADVERSE CONDITIONS,1,DAYLIGHT,50,DEER (ANIMAL),AHLAND CITY HWY & OLD HICKORY BLVD,,TN,,,,,,
20110352565,5/5/2011 19:48,1,0,0,N,N,728060,0,NOT COLLISION W/MOTOR VEHICLE-TRANSPORT,1,NO ADVERSE CONDITIONS,2,DARK - NOT LIGHTED,50,DEER (ANIMAL),CHANDLER RD & TULIP GROVE RD,HERMITAGE,TN,37076,9523,HERMIT,36.1997,-86.592,"(36.1997, -86.592)"
20110353636,5/6/2011 3:45,1,0,0,N,N,556887,0,NOT COLLISION W/MOTOR VEHICLE-TRANSPORT,1,NO ADVERSE CONDITIONS,2,DARK - NOT LIGHTED,50,DEER (ANIMAL),MM 27 BRILEY S,NASHVILLE,TN,,,,,,
20110361236,5/8/2011 20:28,1,0,0,N,N,637370,0,NOT COLLISION W/MOTOR VEHICLE-TRANSPORT,1,NO ADVERSE CONDITIONS,2,DARK - NOT LIGHTED,50,DEER (ANIMAL),I40 E & MM 202/4,,TN,,,,,,
20110371157,5/11/2011 22:44,1,1,0,N,N,405447,0,NOT COLLISION W/MOTOR VEHICLE-TRANSPORT,1,NO ADVERSE CONDITIONS,3,DARK - LIGHTED,50,DEER (ANIMAL),BELL RD & RICE RD,ANTIOCH,TN,37013,8861,SOUTH,36.0633,-86.6374,"(36.0633, -86.6374)"
20110379916,5/14/2011 21:10,1,0,0,N,N,714630,0,NOT COLLISION W/MOTOR VEHICLE-TRANSPORT,2,RAIN,3,DARK - LIGHTED,50,DEER (ANIMAL),JOCELYN HOLLOW RD & VAUGHNS GAP RD,NASHVILLE,TN,37205,4907,WEST,36.1021,-86.894,"(36.1021, -86.894)"
20110382152,5/15/2011 17:52,1,0,0,N,N,633385,0,NOT COLLISION W/MOTOR VEHICLE-TRANSPORT,1,NO ADVERSE CONDITIONS,1,DAYLIGHT,50,DEER (ANIMAL),1609 BELL RD,ANTIOCH,TN,37013,8719,SOUTH,36.0451,-86.6983,"(36.0451, -86.6983)"
20110382902,5/16/2011 0:32,1,0,0,N,N,676836,0,NOT COLLISION W/MOTOR VEHICLE-TRANSPORT,1,NO ADVERSE CONDITIONS,3,DARK - LIGHTED,50,DEER (ANIMAL),FOREST HILLS DR & FRANKLIN PIKE,NASHVILLE,TN,37220,7111,MIDTOW,36.0524,-86.776,"(36.0524, -86.776)"
20110383932,5/16/2011 9:45,1,0,0,N,N,226099,4,ANGLE,1,NO ADVERSE CONDITIONS,1,DAYLIGHT,50,DEER (ANIMAL),BRILEY PKWY W & CLARKSVILLE PIKE,NASHVILLE,TN,37218,3220,NORTH,36.2291,-86.8343,"(36.2291, -86.8343)"
20110411587,5/25/2011 5:25,1,0,0,N,N,225990,0,NOT COLLISION W/MOTOR VEHICLE-TRANSPORT,1,NO ADVERSE CONDITIONS,4,DAWN,50,DEER (ANIMAL),13620 OLD HICKORY BLVD,ANTIOCH,TN,37013,8763,SOUTH,36.0012,-86.6449,"(36.0012, -86.6449)"