Accident Number,Date and Time,Number of Motor Vehicles,Number of Injuries,Number of Fatalities,Property Damage,Hit and Run,Reporting Officer,Collision Type Code,Collision Type Description,Weather Code,Weather Description,Illumination Code,Illumination Description,Harmful Code,Harmful Code Description,Street Address,City,State,ZIP,RPA,Precinct,Latitude,Longitude,Mapped Location
20110423752,5/29/2011 0:20,1,0,0,N,N,646691,0,NOT COLLISION W/MOTOR VEHICLE-TRANSPORT,1,NO ADVERSE CONDITIONS,3,DARK - LIGHTED,50,DEER (ANIMAL),LENOX VILLAGE DR & NOLENSVILLE PIKE,NASHVILLE,TN,37211,8651,MIDTOW,36.0255,-86.713,"(36.0255, -86.713)"
20110431386,5/31/2011 18:43,1,0,0,N,N,467992,4,ANGLE,1,NO ADVERSE CONDITIONS,1,DAYLIGHT,50,DEER (ANIMAL),GRANNY WHITE PIKE & MCGRACE LN,NASHVILLE,TN,37220,7109,MIDTOW,36.0696,-86.8113,"(36.0696, -86.8113)"
20110441629,6/3/2011 20:15,1,0,0,N,N,725755,0,NOT COLLISION W/MOTOR VEHICLE-TRANSPORT,1,NO ADVERSE CONDITIONS,3,DARK - LIGHTED,50,DEER (ANIMAL),I440 WESTBOUND & I40,NASHVILLE,TN,,,,,,
20110454047,6/8/2011 2:50,1,0,0,N,N,459092,0,NOT COLLISION W/MOTOR VEHICLE-TRANSPORT,1,NO ADVERSE CONDITIONS,3,DARK - LIGHTED,50,DEER (ANIMAL),BRILEY PKWY E & GALLATIN PIKE,NASHVILLE,TN,37216,1592,EAST,36.235,-86.7248,"(36.235, -86.7248)"
20110468469,6/12/2011 20:28,1,0,0,N,N,728068,2,HEAD-ON,1,NO ADVERSE CONDITIONS,2,DARK - NOT LIGHTED,50,DEER (ANIMAL),MUCI DR & OLD HICKORY BLVD,ANTIOCH,TN,37013,8765,SOUTH,36.0119,-86.6211,"(36.0119, -86.6211)"
20110468844,6/13/2011 0:00,1,0,0,N,N,676836,0,NOT COLLISION W/MOTOR VEHICLE-TRANSPORT,1,NO ADVERSE CONDITIONS,2,DARK - NOT LIGHTED,50,DEER (ANIMAL),E PARK DR & OLD HICKORY BLVD,NASHVILLE,TN,37220,7111,MIDTOW,36.0375,-86.791,"(36.0375, -86.791)"
20110471152,6/13/2011 20:15,1,0,0,N,N,714637,4,ANGLE,1,NO ADVERSE CONDITIONS,2,DARK - NOT LIGHTED,50,DEER (ANIMAL),BRIDLEWOOD LN & OLD HICKORY BLVD,NASHVILLE,TN,37215,6305,MIDTOW,36.0422,-86.8317,"(36.0422, -86.8317)"
20110474079,6/14/2011 17:58,1,1,0,N,N,224368,0,NOT COLLISION W/MOTOR VEHICLE-TRANSPORT,1,NO ADVERSE CONDITIONS,1,DAYLIGHT,50,DEER (ANIMAL),3940 DICKERSON PIKE,NASHVILLE,TN,37207,2133,MADISO,36.2728,-86.7539,"(36.2728, -86.7539)"
20110476666,6/15/2011 13:00,1,0,0,N,N,235761,0,NOT COLLISION W/MOTOR VEHICLE-TRANSPORT,2,RAIN,1,DAYLIGHT,50,DEER (ANIMAL),1555 OLD HICKORY BLVD,NASHVILLE,TN,37215,6305,MIDTOW,36.042,-86.8344,"(36.042, -86.8344)"
20110481623,6/16/2011 19:55,1,0,0,N,N,728060,0,NOT COLLISION W/MOTOR VEHICLE-TRANSPORT,99,UNKNOWN,2,DARK - NOT LIGHTED,50,DEER (ANIMAL),BELL RD & DODSON CHAPEL RD,HERMITAGE,TN,37076,9501,HERMIT,36.1633,-86.6131,"(36.1633, -86.6131)"
20110488238,6/19/2011 6:43,1,0,0,N,N,562545,0,NOT COLLISION W/MOTOR VEHICLE-TRANSPORT,1,NO ADVERSE CONDITIONS,1,DAYLIGHT,50,DEER (ANIMAL),15 WHITE BRIDGE PIKE,NASHVILLE,TN,37205,5017,WEST,36.127,-86.8504,"(36.127, -86.8504)"
20110491084,6/20/2011 11:05,1,0,0,N,N,226184,4,ANGLE,1,NO ADVERSE CONDITIONS,1,DAYLIGHT,50,DEER (ANIMAL),BRILEY PKWY N & COUNTY HOSPITAL RD,NASHVILLE,TN,37218,3102,NORTH,36.1876,-86.8624,"(36.1876, -86.8624)"
20110492752,6/20/2011 22:10,1,0,0,N,N,571320,2,HEAD-ON,1,NO ADVERSE CONDITIONS,2,DARK - NOT LIGHTED,50,DEER (ANIMAL),I 65 S & HARDING PL,NASHVILLE,TN,37204,7002,MIDTOW,36.0825,-86.764,"(36.0825, -86.764)"
20110521369,7/1/2011 5:07,1,0,0,N,N,420046,0,NOT COLLISION W/MOTOR VEHICLE-TRANSPORT,1,NO ADVERSE CONDITIONS,1,DAYLIGHT,50,DEER (ANIMAL),CLAY LICK RD & LICKTON PIKE,WHITES CREEK,TN,37189,2105,MADISO,36.3015,-86.8096,"(36.3015, -86.8096)"
20110532161,7/5/2011 15:30,1,0,0,N,N,467992,0,NOT COLLISION W/MOTOR VEHICLE-TRANSPORT,1,NO ADVERSE CONDITIONS,1,DAYLIGHT,50,DEER (ANIMAL),BRIDLEWAY TRL & HILLSBORO PIKE,NASHVILLE,TN,37215,6303,MIDTOW,36.0515,-86.8592,"(36.0515, -86.8592)"
20110544215,7/9/2011 8:50,1,0,0,N,N,769382,0,NOT COLLISION W/MOTOR VEHICLE-TRANSPORT,1,NO ADVERSE CONDITIONS,1,DAYLIGHT,50,DEER (ANIMAL),S NEW HOPE RD & BELL RD,HERMITAGE,TN,37076,9545,HERMIT,36.1606,-86.5854,"(36.1606, -86.5854)"
20110546654,7/10/2011 23:53,1,0,0,N,N,723079,0,NOT COLLISION W/MOTOR VEHICLE-TRANSPORT,1,NO ADVERSE CONDITIONS,3,DARK - LIGHTED,50,DEER (ANIMAL),BELL RD & PRIEST WOODS DR,NASHVILLE,TN,37214,8945,HERMIT,36.1275,-86.6296,"(36.1275, -86.6296)"
20110613752,8/4/2011 15:46,1,0,0,N,N,224368,0,NOT COLLISION W/MOTOR VEHICLE-TRANSPORT,1,NO ADVERSE CONDITIONS,1,DAYLIGHT,50,DEER (ANIMAL),ASHLAND CITY HWY & WWCR AVE,NASHVILLE,TN,37218,3235,NORTH,36.2117,-86.8955,"(36.2117, -86.8955)"
20110615079,8/5/2011 0:25,1,0,0,N,N,635484,0,NOT COLLISION W/MOTOR VEHICLE-TRANSPORT,1,NO ADVERSE CONDITIONS,2,DARK - NOT LIGHTED,50,DEER (ANIMAL),BELL RD & STEWARTS FERRY PIKE,NASHVILLE,TN,37214,8955,HERMIT,36.1522,-86.6251,"(36.1522, -86.6251)"
20110618050,8/6/2011 0:01,1,0,0,N,N,476332,2,HEAD-ON,1,NO ADVERSE CONDITIONS,3,DARK - LIGHTED,50,DEER (ANIMAL),DISSPAYNE DR & LEBANON PIKE,NASHVILLE,TN,37214,9403,HERMIT,36.1726,-86.6495,"(36.1726, -86.6495)"
20110626379,8/9/2011 9:35,1,1,0,N,N,224791,4,ANGLE,1,NO ADVERSE CONDITIONS,1,DAYLIGHT,50,DEER (ANIMAL),LEBANON PIKE & TULIP GROVE RD,HERMITAGE,TN,37076,9537,HERMIT,36.2154,-86.5885,"(36.2154, -86.5885)"
20110644190,8/15/2011 18:18,1,1,0,N,N,226092,4,ANGLE,1,NO ADVERSE CONDITIONS,1,DAYLIGHT,50,DEER (ANIMAL),I24 WESTBOUND & EXIT 35,NASHVILLE,TN,,,,,,
20110653581,8/18/2011 19:50,1,0,0,N,N,653637,0,NOT COLLISION W/MOTOR VEHICLE-TRANSPORT,1,NO ADVERSE CONDITIONS,2,DARK - NOT LIGHTED,50,DEER (ANIMAL),HAMILTON CHURCH RD & MT VIEW RD,ANTIOCH,TN,37013,8927,SOUTH,36.0628,-86.6082,"(36.0628, -86.6082)"
20110671706,8/25/2011 3:55,1,0,0,N,Y,420046,0,NOT COLLISION W/MOTOR VEHICLE-TRANSPORT,1,NO ADVERSE CONDITIONS,2,DARK - NOT LIGHTED,50,DEER (ANIMAL),BELL RD & OLD HICKORY BLVD,HERMITAGE,TN,37076,9501,HERMIT,36.1613,-86.5971,"(36.1613, -86.5971)"
20110673271,8/25/2011 16:13,1,0,0,N,N,467992,0,NOT COLLISION W/MOTOR VEHICLE-TRANSPORT,1,NO ADVERSE CONDITIONS,1,DAYLIGHT,50,DEER (ANIMAL),CAMELOT RD & GRANNY WHITE PIKE,NASHVILLE,TN,37220,7111,MIDTOW,36.0589,-86.8152,"(36.0589, -86.8152)"
20110673315,8/25/2011 16:13,1,0,0,N,N,467992,4,ANGLE,1,NO ADVERSE CONDITIONS,1,DAYLIGHT,50,DEER (ANIMAL),CAMELOT RD & GRANNY WHITE PIKE,NASHVILLE,TN,37220,7111,MIDTOW,36.0589,-86.8152,"(36.0589, -86.8152)"
20110681951,8/29/2011 6:30,1,0,0,N,N,226622,4,ANGLE,1,NO ADVERSE CONDITIONS,1,DAYLIGHT,50,DEER (ANIMAL),BRILEY PKWY N & CENTENNIAL BLVD,NASHVILLE,TN,37209,4618,WEST,36.1714,-86.8691,"(36.1714, -86.8691)"
20110724305,9/13/2011 5:40,1,0,0,N,N,420046,0,NOT COLLISION W/MOTOR VEHICLE-TRANSPORT,1,NO ADVERSE CONDITIONS,2,DARK - NOT LIGHTED,50,DEER (ANIMAL),CLAY LICK CT & LICKTON PIKE,WHITES CREEK,TN,37189,2209,NORTH,36.3005,-86.8103,"(36.3005, -86.8103)"
20110728397,9/14/2011 14:58,1,0,0,Y,N,620080,0,NOT COLLISION W/MOTOR VEHICLE-TRANSPORT,1,NO ADVERSE CONDITIONS,1,DAYLIGHT,50,DEER (ANIMAL),GAYLEMORE DR & SPRINGFIELD HWY,GOODLETTSVILLE,TN,37072,2201,MADISO,36.3655,-86.7339,"(36.3655, -86.7339)"
20110736815,9/17/2011 15:00,1,0,0,N,N,646690,0,NOT COLLISION W/MOTOR VEHICLE-TRANSPORT,1,NO ADVERSE CONDITIONS,1,DAYLIGHT,50,DEER (ANIMAL),828 OLD HICKORY BLVD,NASHVILLE,TN,37220,7111,MIDTOW,36.0375,-86.7911,"(36.0375, -86.7911)"
20110737446,9/17/2011 19:10,1,0,0,N,N,648798,4,ANGLE,1,NO ADVERSE CONDITIONS,2,DARK - NOT LIGHTED,50,DEER (ANIMAL),HWY 100 & NATCHEZ TRACE PKWY,NASHVILLE,TN,37221,4805,WEST,36.0346,-86.9758,"(36.0346, -86.9758)"
20110754165,9/23/2011 19:40,1,0,0,N,N,493295,0,NOT COLLISION W/MOTOR VEHICLE-TRANSPORT,1,NO ADVERSE CONDITIONS,2,DARK - NOT LIGHTED,50,DEER (ANIMAL),1241 SPRINGFIELD HWY,GOODLETTSVILLE,TN,37072,2219,MADISO,36.3629,-86.7305,"(36.3629, -86.7305)"
20110781003,10/4/2011 10:05,1,0,0,N,N,224960,0,NOT COLLISION W/MOTOR VEHICLE-TRANSPORT,1,NO ADVERSE CONDITIONS,1,DAYLIGHT,50,DEER (ANIMAL),BUENA VISTA PIKE & WHITES CREEK PIKE,NASHVILLE,TN,37207,3221,NORTH,36.2525,-86.8299,"(36.2525, -86.8299)"
20110783683,10/5/2011 5:30,1,0,0,Y,N,224831,0,NOT COLLISION W/MOTOR VEHICLE-TRANSPORT,1,NO ADVERSE CONDITIONS,2,DARK - NOT LIGHTED,50,DEER (ANIMAL),2700 UNION HILL RD,GOODLETTSVILLE,TN,37072,2307,NORTH,36.3348,-86.8393,"(36.3348, -86.8393)"
20110803287,10/12/2011 7:23,1,0,0,N,N,267831,4,ANGLE,1,NO ADVERSE CONDITIONS,1,DAYLIGHT,50,DEER (ANIMAL),GRANNY WHITE PKE & MARY HELEN DR,NASHVILLE,TN,,,,,,
20110806346,10/13/2011 7:08,1,0,0,N,N,226226,0,NOT COLLISION W/MOTOR VEHICLE-TRANSPORT,1,NO ADVERSE CONDITIONS,1,DAYLIGHT,50,DEER (ANIMAL),8891 MCCRORY LN,NASHVILLE,TN,37221,4803,WEST,36.0402,-86.9742,"(36.0402, -86.9742)"
20110808286,10/13/2011 23:55,1,0,0,N,N,596399,1,REAR END,1,NO ADVERSE CONDITIONS,2,DARK - NOT LIGHTED,50,DEER (ANIMAL),HILLSBORO PIKE & TIMBERWOOD PL,NASHVILLE,TN,37215,6303,MIDTOW,36.0628,-86.8493,"(36.0628, -86.8493)"
20110810227,10/14/2011 16:57,1,0,0,N,N,223380,2,HEAD-ON,1,NO ADVERSE CONDITIONS,1,DAYLIGHT,50,DEER (ANIMAL),I 24 W & HICKORY HOLLOW PKWY,ANTIOCH,TN,37013,8863,SOUTH,36.0397,-86.6491,"(36.0397, -86.6491)"
20110810559,10/14/2011 19:30,1,0,0,N,N,727212,4,ANGLE,1,NO ADVERSE CONDITIONS,2,DARK - NOT LIGHTED,50,DEER (ANIMAL),MT VIEW RD & MURFREESBORO PIKE,ANTIOCH,TN,37013,8927,SOUTH,36.0543,-86.6187,"(36.0543, -86.6187)"
20110814922,10/16/2011 20:15,1,0,0,N,N,591933,0,NOT COLLISION W/MOTOR VEHICLE-TRANSPORT,1,NO ADVERSE CONDITIONS,2,DARK - NOT LIGHTED,50,DEER (ANIMAL),CLARKSVILLE PIKE & HARPER RD,JOELTON,TN,37080,3315,NORTH,36.3254,-86.9153,"(36.3254, -86.9153)"
20110817372,10/17/2011 19:08,1,0,0,N,N,653643,0,NOT COLLISION W/MOTOR VEHICLE-TRANSPORT,1,NO ADVERSE CONDITIONS,2,DARK - NOT LIGHTED,50,DEER (ANIMAL),I 40 W & STEWARTS FERRY PIKE,NASHVILLE,TN,37214,94022,HERMIT,36.1558,-86.6294,"(36.1558, -86.6294)"
20110817577,10/17/2011 20:00,1,0,0,N,N,591933,0,NOT COLLISION W/MOTOR VEHICLE-TRANSPORT,1,NO ADVERSE CONDITIONS,2,DARK - NOT LIGHTED,50,DEER (ANIMAL),ASHLAND CITY HWY & RIVER TRCE,NASHVILLE,TN,37218,3325,NORTH,36.2086,-86.9534,"(36.2086, -86.9534)"
20110827058,10/20/2011 20:30,1,0,0,N,N,420046,0,NOT COLLISION W/MOTOR VEHICLE-TRANSPORT,1,NO ADVERSE CONDITIONS,2,DARK - NOT LIGHTED,50,DEER (ANIMAL),4794 LITTLE MARROWBONE RD,JOELTON,TN,37080,3339,NORTH,36.2663,-86.9484,"(36.2663, -86.9484)"
20110826847,10/20/2011 21:05,1,0,0,N,N,224851,2,HEAD-ON,1,NO ADVERSE CONDITIONS,3,DARK - LIGHTED,50,DEER (ANIMAL),BELL RD & LINCOYA BAY DR,,,,,,,,
20110827579,10/21/2011 2:20,1,0,0,N,N,468092,4,ANGLE,1,NO ADVERSE CONDITIONS,2,DARK - NOT LIGHTED,50,DEER (ANIMAL),OLD SPRINGFIELD PIKE & SPRINGFIELD HWY,GOODLETTSVILLE,TN,37072,2201,MADISO,36.3747,-86.7466,"(36.3747, -86.7466)"
20110828708,10/21/2011 10:59,1,0,0,N,N,267881,0,NOT COLLISION W/MOTOR VEHICLE-TRANSPORT,1,NO ADVERSE CONDITIONS,1,DAYLIGHT,50,DEER (ANIMAL),HWY 96 & LITTLE EAST FORK RD,NASHVILLE,TN,37221,4805,WEST,36.0022,-87.0249,"(36.0022, -87.0249)"
20110829582,10/21/2011 18:25,1,0,0,N,N,620082,0,NOT COLLISION W/MOTOR VEHICLE-TRANSPORT,1,NO ADVERSE CONDITIONS,2,DARK - NOT LIGHTED,50,DEER (ANIMAL),6997 OLD HICKORY BLVD,WHITES CREEK,TN,37189,3305,NORTH,36.2691,-86.8405,"(36.2691, -86.8405)"
20110830369,10/22/2011 0:58,1,0,0,N,N,633383,2,HEAD-ON,1,NO ADVERSE CONDITIONS,3,DARK - LIGHTED,50,DEER (ANIMAL),W TRINITY LN & WHITES CREEK PIKE,NASHVILLE,TN,37207,3037,NORTH,36.207,-86.7916,"(36.207, -86.7916)"
20110830960,10/22/2011 5:47,1,0,0,N,N,668412,2,HEAD-ON,1,NO ADVERSE CONDITIONS,1,DAYLIGHT,50,DEER (ANIMAL),HWY 70 & MCCRORY LN,NASHVILLE,TN,37221,4713,WEST,36.0934,-87.0231,"(36.0934, -87.0231)"
20110832011,10/22/2011 18:55,1,0,0,N,N,769387,2,HEAD-ON,1,NO ADVERSE CONDITIONS,2,DARK - NOT LIGHTED,50,DEER (ANIMAL),COCKRILL BEND BLVD & TUFTING CT,NASHVILLE,TN,37209,4653,WEST,36.1717,-86.8867,"(36.1717, -86.8867)"
20110836809,10/24/2011 21:26,1,0,0,N,N,714630,0,NOT COLLISION W/MOTOR VEHICLE-TRANSPORT,1,NO ADVERSE CONDITIONS,2,DARK - NOT LIGHTED,50,DEER (ANIMAL),7525 SAWYER BROWN RD,NASHVILLE,TN,37221,4711,WEST,36.1104,-86.9293,"(36.1104, -86.9293)"
20110888035,10/25/2011 6:05,1,0,0,N,N,420046,0,NOT COLLISION W/MOTOR VEHICLE-TRANSPORT,1,NO ADVERSE CONDITIONS,3,DARK - LIGHTED,50,DEER (ANIMAL),4793 CLARKSVILLE PIKE,NASHVILLE,TN,37218,3215,NORTH,36.2466,-86.8345,"(36.2466, -86.8345)"
20110838101,10/25/2011 6:55,1,0,0,N,N,226809,0,NOT COLLISION W/MOTOR VEHICLE-TRANSPORT,1,NO ADVERSE CONDITIONS,1,DAYLIGHT,50,DEER (ANIMAL),4984 OLD HICKORY BLVD,NASHVILLE,TN,37218,3235,NORTH,36.2075,-86.9243,"(36.2075, -86.9243)"
20110842817,10/26/2011 20:25,1,0,0,N,N,714644,4,ANGLE,1,NO ADVERSE CONDITIONS,2,DARK - NOT LIGHTED,50,DEER (ANIMAL),CHICKERING CIR & OLD HICKORY BLVD,NASHVILLE,TN,37221,6211,WEST,36.051,-86.8816,"(36.051, -86.8816)"
20110843796,10/27/2011 4:10,1,0,0,N,N,584947,0,NOT COLLISION W/MOTOR VEHICLE-TRANSPORT,1,NO ADVERSE CONDITIONS,2,DARK - NOT LIGHTED,50,DEER (ANIMAL),I 40W & MM217,,TN,,,,,,
20110844310,10/27/2011 9:25,1,0,0,N,N,747561,0,NOT COLLISION W/MOTOR VEHICLE-TRANSPORT,2,RAIN,1,DAYLIGHT,50,DEER (ANIMAL),I 40 E & HWY 70 S,NASHVILLE,TN,37221,4806,WEST,36.0812,-86.9562,"(36.0812, -86.9562)"
20110850648,10/29/2011 21:15,1,0,0,N,N,224497,0,NOT COLLISION W/MOTOR VEHICLE-TRANSPORT,1,NO ADVERSE CONDITIONS,1,DAYLIGHT,50,DEER (ANIMAL),I 40 E & HWY 70 S,NASHVILLE,TN,37221,4806,WEST,36.0812,-86.9562,"(36.0812, -86.9562)"
20110856073,11/1/2011 6:04,1,0,0,N,N,620072,2,HEAD-ON,5,FOG,3,DARK - LIGHTED,50,DEER (ANIMAL),7575 COCKRILL BEND BLVD,NASHVILLE,TN,37209,4653,WEST,36.1879,-86.8975,"(36.1879, -86.8975)"
20110856971,11/1/2011 15:23,1,2,0,N,N,224851,2,HEAD-ON,1,NO ADVERSE CONDITIONS,1,DAYLIGHT,50,DEER (ANIMAL),MM 221 4 I40 E,HERMITAGE,TN,37076,9504,HERMIT,36.1699,-86.591,"(36.1699, -86.591)"
20110857874,11/1/2011 21:38,1,0,0,N,N,596389,0,NOT COLLISION W/MOTOR VEHICLE-TRANSPORT,1,NO ADVERSE CONDITIONS,3,DARK - LIGHTED,50,DEER (ANIMAL),7220 CHARLOTTE PIKE,NASHVILLE,TN,37209,4701,WEST,36.1234,-86.9118,"(36.1234, -86.9118)"
20110860744,11/2/2011 20:15,1,0,0,N,N,596389,0,NOT COLLISION W/MOTOR VEHICLE-TRANSPORT,1,NO ADVERSE CONDITIONS,3,DARK - LIGHTED,50,DEER (ANIMAL),6841 HWY 70 S,NASHVILLE,TN,37221,4901,WEST,36.0793,-86.9053,"(36.0793, -86.9053)"
20110861150,11/2/2011 23:00,1,0,0,N,N,556885,2,HEAD-ON,1,NO ADVERSE CONDITIONS,3,DARK - LIGHTED,50,DEER (ANIMAL),I 24 E & OLD HICKORY BLVD,ANTIOCH,TN,37013,8702,SOUTH,36.0142,-86.6205,"(36.0142, -86.6205)"
20110861341,11/3/2011 0:30,1,0,0,N,N,856885,2,HEAD-ON,1,NO ADVERSE CONDITIONS,3,DARK - LIGHTED,50,DEER (ANIMAL),I 24 E & HICKORY HOLLOW PKWY,ANTIOCH,TN,37013,8704,SOUTH,36.0394,-86.6491,"(36.0394, -86.6491)"
20110862098,11/3/2011 7:00,1,0,0,N,N,226208,0,NOT COLLISION W/MOTOR VEHICLE-TRANSPORT,1,NO ADVERSE CONDITIONS,4,DAWN,50,DEER (ANIMAL),NOLENSVILLE PIKE & SHANE POINT PL,ANTIOCH,TN,37013,8759,SOUTH,36.0193,-86.7093,"(36.0193, -86.7093)"
20110866915,11/4/2011 21:30,1,0,0,N,N,716893,0,NOT COLLISION W/MOTOR VEHICLE-TRANSPORT,1,NO ADVERSE CONDITIONS,2,DARK - NOT LIGHTED,50,DEER (ANIMAL),FRANKLIN PIKE & OLD HICKORY BLVD,NASHVILLE,TN,37220,7111,MIDTOW,36.0374,-86.7866,"(36.0374, -86.7866)"
20110866954,11/4/2011 21:40,1,0,0,N,N,475564,2,HEAD-ON,1,NO ADVERSE CONDITIONS,3,DARK - LIGHTED,50,DEER (ANIMAL),JACKSON DOWNS BLVD & LEBANON PIKE,NASHVILLE,TN,37214,9403,HERMIT,36.1853,-86.6365,"(36.1853, -86.6365)"
20110868883,11/5/2011 19:40,1,0,0,N,N,727212,0,NOT COLLISION W/MOTOR VEHICLE-TRANSPORT,1,NO ADVERSE CONDITIONS,2,DARK - NOT LIGHTED,50,DEER (ANIMAL),SMITH SPRINGS RD & UNA RECREATION RD,NASHVILLE,TN,37217,8941,HERMIT,36.0966,-86.641,"(36.0966, -86.641)"
20110869159,11/5/2011 23:25,1,0,0,N,N,653629,2,HEAD-ON,1,NO ADVERSE CONDITIONS,2,DARK - NOT LIGHTED,50,DEER (ANIMAL),I 24 EXIT W & S 4TH ST,NASHVILLE,TN,37206,1009,EAST,36.1653,-86.7622,"(36.1653, -86.7622)"
20110871162,11/7/2011 0:40,1,0,0,N,N,344534,2,HEAD-ON,1,NO ADVERSE CONDITIONS,3,DARK - LIGHTED,50,DEER (ANIMAL),5554 FRANKLIN PIKE,NASHVILLE,TN,37220,7111,MIDTOW,36.0429,-86.7826,"(36.0429, -86.7826)"
20110873210,11/7/2011 21:40,1,0,0,N,N,769387,0,NOT COLLISION W/MOTOR VEHICLE-TRANSPORT,1,NO ADVERSE CONDITIONS,2,DARK - NOT LIGHTED,50,DEER (ANIMAL),HARDING PL & HILLSBORO PIKE,NASHVILLE,TN,37215,6403,MIDTOW,36.0914,-86.8285,"(36.0914, -86.8285)"
20110873213,11/7/2011 21:43,1,0,0,N,N,596386,2,HEAD-ON,1,NO ADVERSE CONDITIONS,2,DARK - NOT LIGHTED,50,DEER (ANIMAL),HWY 100 & MCCRORY LN,NASHVILLE,TN,37221,4805,WEST,36.0345,-86.974,"(36.0345, -86.974)"
20110880776,11/10/2011 16:08,1,1,0,N,N,224368,0,NOT COLLISION W/MOTOR VEHICLE-TRANSPORT,1,NO ADVERSE CONDITIONS,1,DAYLIGHT,50,DEER (ANIMAL),I 24 W & BRILEY PKWY E,NASHVILLE,TN,37207,2012,MADISO,36.238,-86.7859,"(36.238, -86.7859)"
20110883835,11/11/2011 17:18,1,0,0,N,N,646690,2,HEAD-ON,1,NO ADVERSE CONDITIONS,2,DARK - NOT LIGHTED,50,DEER (ANIMAL),HWY 100 & OLD HICKORY BLVD,NASHVILLE,TN,37221,6211,WEST,36.0623,-86.9046,"(36.0623, -86.9046)"
20110886309,11/12/2011 17:55,1,0,0,N,N,620063,2,HEAD-ON,1,NO ADVERSE CONDITIONS,2,DARK - NOT LIGHTED,50,DEER (ANIMAL),OLD SPRINGFIELD PKE,NASHVILLE,TN,,,,,,
20110888332,11/13/2011 17:20,2,1,0,N,N,224368,0,NOT COLLISION W/MOTOR VEHICLE-TRANSPORT,1,NO ADVERSE CONDITIONS,2,DARK - NOT LIGHTED,50,DEER (ANIMAL),SPRINGFIELD HWY,NASHVILLE,TN,,,,,,
20110888469,11/13/2011 18:23,1,0,0,N,N,714625,0,NOT COLLISION W/MOTOR VEHICLE-TRANSPORT,1,NO ADVERSE CONDITIONS,2,DARK - NOT LIGHTED,50,DEER (ANIMAL),HILLSBORO PIKE & OTTER CREEK RD,NASHVILLE,TN,37215,6305,MIDTOW,36.0681,-86.8441,"(36.0681, -86.8441)"
20110888671,11/13/2011 20:28,1,0,0,N,N,769379,2,HEAD-ON,1,NO ADVERSE CONDITIONS,3,DARK - LIGHTED,50,DEER (ANIMAL),MT VIEW RD & MURFREESBORO PIKE,ANTIOCH,TN,37013,8927,SOUTH,36.0543,-86.6187,"(36.0543, -86.6187)"
20110890939,11/14/2011 18:00,1,0,0,N,N,714625,0,NOT COLLISION W/MOTOR VEHICLE-TRANSPORT,1,NO ADVERSE CONDITIONS,2,DARK - NOT LIGHTED,50,DEER (ANIMAL),GRANNY WHITE PIKE & OMAN DR,NASHVILLE,TN,37220,7111,MIDTOW,36.0478,-86.8161,"(36.0478, -86.8161)"
20110897266,11/16/2011 22:54,1,0,0,N,N,224455,2,HEAD-ON,1,NO ADVERSE CONDITIONS,2,DARK - NOT LIGHTED,50,DEER (ANIMAL),I 40 W & OLD HICKORY BLVD,HERMITAGE,TN,37076,9402,HERMIT,36.1702,-86.6013,"(36.1702, -86.6013)"
20110898211,11/17/2011 6:30,1,0,0,N,N,226622,4,ANGLE,1,NO ADVERSE CONDITIONS,1,DAYLIGHT,50,DEER (ANIMAL),5200 GRANNY WHITE PIKE,NASHVILLE,TN,37220,7109,MIDTOW,36.0695,-86.8113,"(36.0695, -86.8113)"
20110901220,11/17/2011 7:10,1,0,0,N,N,449286,0,NOT COLLISION W/MOTOR VEHICLE-TRANSPORT,1,NO ADVERSE CONDITIONS,1,DAYLIGHT,50,DEER (ANIMAL),HYDES FERRY PKE & OLD HICKORY BLVD,,TN,,,,,,
20110902535,11/18/2011 18:12,1,0,0,N,N,802994,1,REAR END,1,NO ADVERSE CONDITIONS,2,DARK - NOT LIGHTED,50,DEER (ANIMAL),EATONS CREEK RD & FORTE RD,JOELTON,TN,37080,3245,NORTH,36.29,-86.8867,"(36.29, -86.8867)"
20110902544,11/18/2011 18:17,1,0,0,N,N,727207,0,NOT COLLISION W/MOTOR VEHICLE-TRANSPORT,1,NO ADVERSE CONDITIONS,2,DARK - NOT LIGHTED,50,DEER (ANIMAL),4692 WHITES CREEK PIKE,WHITES CREEK,TN,37189,3305,NORTH,36.2789,-86.8345,"(36.2789, -86.8345)"
20110902653,11/18/2011 19:05,2,0,0,N,Y,633391,0,NOT COLLISION W/MOTOR VEHICLE-TRANSPORT,1,NO ADVERSE CONDITIONS,2,DARK - NOT LIGHTED,50,DEER (ANIMAL),5623 HILLSBORO PIKE,NASHVILLE,TN,37215,6203,WEST,36.0827,-86.834,"(36.0827, -86.834)"
20110902791,11/18/2011 20:05,1,0,0,N,N,802994,0,NOT COLLISION W/MOTOR VEHICLE-TRANSPORT,1,NO ADVERSE CONDITIONS,2,DARK - NOT LIGHTED,50,DEER (ANIMAL),CLARKSVILLE PIKE & EATONS CREEK RD,JOELTON,TN,37080,3335,NORTH,36.2919,-86.8838,"(36.2919, -86.8838)"