Accident Number,Date and Time,Number of Motor Vehicles,Number of Injuries,Number of Fatalities,Property Damage,Hit and Run,Reporting Officer,Collision Type Code,Collision Type Description,Weather Code,Weather Description,Illumination Code,Illumination Description,Harmful Code,Harmful Code Description,Street Address,City,State,ZIP,RPA,Precinct,Latitude,Longitude,Mapped Location
20110902922,11/18/2011 21:10,1,0,0,N,N,596389,0,NOT COLLISION W/MOTOR VEHICLE-TRANSPORT,1,NO ADVERSE CONDITIONS,2,DARK - NOT LIGHTED,50,DEER (ANIMAL),8866 MCCRORY LN,NASHVILLE,TN,37221,4809,WEST,36.0409,-86.9752,"(36.0409, -86.9752)"
20110903072,11/18/2011 22:35,1,0,0,N,N,723079,2,HEAD-ON,1,NO ADVERSE CONDITIONS,3,DARK - LIGHTED,50,DEER (ANIMAL),3220 BELL RD,NASHVILLE,TN,37214,8945,HERMIT,36.126,-86.63,"(36.126, -86.63)"
20110903389,11/19/2011 1:10,1,0,0,N,N,716896,2,HEAD-ON,1,NO ADVERSE CONDITIONS,2,DARK - NOT LIGHTED,50,DEER (ANIMAL),BRILEY PKWY S & CENTENNIAL BLVD,NASHVILLE,TN,37209,4604,WEST,36.1714,-86.8693,"(36.1714, -86.8693)"
20110903975,11/19/2011 9:17,2,0,0,N,N,635484,2,HEAD-ON,1,NO ADVERSE CONDITIONS,1,DAYLIGHT,50,DEER (ANIMAL),I 40 W & STEWARTS FERRY PIKE,NASHVILLE,TN,37214,94022,HERMIT,36.1558,-86.6294,"(36.1558, -86.6294)"
20110904647,11/19/2011 17:15,2,0,0,N,N,226584,0,NOT COLLISION W/MOTOR VEHICLE-TRANSPORT,1,NO ADVERSE CONDITIONS,2,DARK - NOT LIGHTED,50,DEER (ANIMAL),3350 HOBSON PIKE,HERMITAGE,TN,37076,8913,SOUTH,36.1095,-86.5467,"(36.1095, -86.5467)"
20110904787,11/19/2011 18:46,1,0,0,N,N,620082,0,NOT COLLISION W/MOTOR VEHICLE-TRANSPORT,1,NO ADVERSE CONDITIONS,3,DARK - LIGHTED,50,DEER (ANIMAL),ASHLAND CITY HWY & WWCR AVE,NASHVILLE,TN,37218,3235,NORTH,36.2117,-86.8955,"(36.2117, -86.8955)"
20110906317,11/20/2011 13:10,1,0,0,N,N,728059,4,ANGLE,2,RAIN,1,DAYLIGHT,50,DEER (ANIMAL),7080 BURKITT RD,ANTIOCH,TN,37013,8767,SOUTH,35.9912,-86.6767,"(35.9912, -86.6767)"
20110906490,11/20/2011 15:55,1,0,0,N,N,728095,0,NOT COLLISION W/MOTOR VEHICLE-TRANSPORT,2,RAIN,5,DUSK,50,DEER (ANIMAL),6309 NOLENSVILLE PIKE,NASHVILLE,TN,37211,8651,MIDTOW,36.0167,-86.7068,"(36.0167, -86.7068)"
20110906725,11/20/2011 17:27,1,0,0,N,N,633385,2,HEAD-ON,2,RAIN,2,DARK - NOT LIGHTED,50,DEER (ANIMAL),7025 NOLNSVILLE PKE,,TN,,,,,,
20110914931,11/23/2011 16:00,1,0,0,N,N,483527,0,NOT COLLISION W/MOTOR VEHICLE-TRANSPORT,1,NO ADVERSE CONDITIONS,1,DAYLIGHT,50,DEER (ANIMAL),ELM HILL PIKE & TIMBER VALLEY DR,NASHVILLE,TN,37214,8945,HERMIT,36.1419,-86.6406,"(36.1419, -86.6406)"
20110917391,11/24/2011 17:40,1,0,0,N,N,226584,4,ANGLE,1,NO ADVERSE CONDITIONS,2,DARK - NOT LIGHTED,50,DEER (ANIMAL),BELL RD & NED SHELTON RD,NASHVILLE,TN,37217,8987,HERMIT,36.1072,-86.6298,"(36.1072, -86.6298)"
20110918450,11/25/2011 6:15,1,0,0,N,N,226205,4,ANGLE,1,NO ADVERSE CONDITIONS,1,DAYLIGHT,50,DEER (ANIMAL),DANBY DR & ELYSIAN FIELDS RD,NASHVILLE,TN,37211,8501,MIDTOW,36.0846,-86.7445,"(36.0846, -86.7445)"
20110919216,11/25/2011 13:31,1,0,0,N,N,226208,0,NOT COLLISION W/MOTOR VEHICLE-TRANSPORT,1,NO ADVERSE CONDITIONS,1,DAYLIGHT,50,DEER (ANIMAL),BELL RD & RICE RD,ANTIOCH,TN,37013,8865,SOUTH,36.0633,-86.6374,"(36.0633, -86.6374)"
20110920101,11/25/2011 21:50,1,0,0,N,N,420035,4,ANGLE,1,NO ADVERSE CONDITIONS,3,DARK - LIGHTED,50,DEER (ANIMAL),I 65N & MM91,,TN,,,,,,
20110922107,11/26/2011 19:22,1,0,0,N,N,620080,0,NOT COLLISION W/MOTOR VEHICLE-TRANSPORT,1,NO ADVERSE CONDITIONS,2,DARK - NOT LIGHTED,50,DEER (ANIMAL),BAKER STATION RD & SPRINGFIELD HWY,GOODLETTSVILLE,TN,37072,2217,MADISO,36.3766,-86.7487,"(36.3766, -86.7487)"
20110922541,11/26/2011 23:15,1,0,0,N,N,344534,2,HEAD-ON,1,NO ADVERSE CONDITIONS,2,DARK - NOT LIGHTED,50,DEER (ANIMAL),HWY 100 & OLD HICKORY BLVD,NASHVILLE,TN,37221,6211,WEST,36.0623,-86.9046,"(36.0623, -86.9046)"
20110926656,11/28/2011 17:50,1,0,0,N,N,596389,0,NOT COLLISION W/MOTOR VEHICLE-TRANSPORT,2,RAIN,2,DARK - NOT LIGHTED,50,DEER (ANIMAL),HILLSBORO PIKE & TYNE BLVD,NASHVILLE,TN,37215,6311,MIDTOW,36.0788,-86.837,"(36.0788, -86.837)"
20110927374,11/28/2011 23:16,1,0,0,N,N,728072,0,NOT COLLISION W/MOTOR VEHICLE-TRANSPORT,2,RAIN,2,DARK - NOT LIGHTED,50,DEER (ANIMAL),NAWAKWA TRL & OCOEE TRL,MADISON,TN,37115,1619,MADISO,36.2386,-86.6573,"(36.2386, -86.6573)"
20110929420,11/29/2011 17:20,1,0,0,N,N,653630,4,ANGLE,3,"SLEET, HAIL",2,DARK - NOT LIGHTED,50,DEER (ANIMAL),CLEVELAND HALL BLVD & OLD HICKORY BLVD,OLD HICKORY,TN,37138,9605,HERMIT,36.2281,-86.6251,"(36.2281, -86.6251)"
20110932438,11/30/2011 17:15,1,0,0,N,N,226584,2,HEAD-ON,1,NO ADVERSE CONDITIONS,3,DARK - LIGHTED,50,DEER (ANIMAL),HAMILTON CHURCH RD & HOBSON PIKE,ANTIOCH,TN,37013,8907,SOUTH,36.0586,-86.5977,"(36.0586, -86.5977)"
20110933112,11/30/2011 22:52,1,0,0,N,N,630566,4,ANGLE,5,FOG,2,DARK - NOT LIGHTED,50,DEER (ANIMAL),BRILEY PKWY W & MM 13,NASHVILLE,TN,,,,,,
20110937241,12/2/2011 7:15,1,0,0,N,N,226208,0,NOT COLLISION W/MOTOR VEHICLE-TRANSPORT,1,NO ADVERSE CONDITIONS,1,DAYLIGHT,50,DEER (ANIMAL),I 24 E & OLD FRANKLIN RD,ANTIOCH,TN,37013,87040,SOUTH,36.0314,-86.6397,"(36.0314, -86.6397)"
20110938832,12/2/2011 19:25,1,0,0,N,N,646690,0,NOT COLLISION W/MOTOR VEHICLE-TRANSPORT,1,NO ADVERSE CONDITIONS,3,DARK - LIGHTED,50,DEER (ANIMAL),HWY 100 & VAUGHNS GAP RD,NASHVILLE,TN,37221,6211,WEST,36.0789,-86.8852,"(36.0789, -86.8852)"
20110939359,12/3/2011 12:23,1,1,0,N,N,596397,4,ANGLE,1,NO ADVERSE CONDITIONS,3,DARK - LIGHTED,50,DEER (ANIMAL),HWY 100 & VAUGHNS GAP RD,NASHVILLE,TN,37221,6211,WEST,36.0789,-86.8852,"(36.0789, -86.8852)"
20110941540,12/3/2011 23:49,1,0,0,N,N,591936,0,NOT COLLISION W/MOTOR VEHICLE-TRANSPORT,1,NO ADVERSE CONDITIONS,2,DARK - NOT LIGHTED,50,DEER (ANIMAL),BAKER STATION RD & SPRINGFIELD HWY,GOODLETTSVILLE,TN,37072,2217,MADISO,36.3766,-86.7487,"(36.3766, -86.7487)"
20110943114,12/4/2011 18:00,1,0,0,N,N,653637,0,NOT COLLISION W/MOTOR VEHICLE-TRANSPORT,1,NO ADVERSE CONDITIONS,2,DARK - NOT LIGHTED,50,DEER (ANIMAL),GRANNY WRIGHT LN & HOBSON PIKE,HERMITAGE,TN,37076,8913,SOUTH,36.1087,-86.549,"(36.1087, -86.549)"
20110945739,12/5/2011 17:58,1,0,0,N,N,725756,0,NOT COLLISION W/MOTOR VEHICLE-TRANSPORT,2,RAIN,2,DARK - NOT LIGHTED,50,DEER (ANIMAL),HILLSBORO PIKE & KINGSBURY DR,NASHVILLE,TN,37215,6205,WEST,36.064,-86.8478,"(36.064, -86.8478)"
20110946139,12/5/2011 21:00,1,0,0,N,N,596397,4,ANGLE,2,RAIN,3,DARK - LIGHTED,50,DEER (ANIMAL),5125 FRANKLIN PIKE,NASHVILLE,TN,37220,7111,MIDTOW,36.0621,-86.7744,"(36.0621, -86.7744)"
20110946318,12/5/2011 21:55,1,0,0,N,N,332215,2,HEAD-ON,2,RAIN,9,UNKNOWN,50,DEER (ANIMAL),1 24 & UNKNOWN,,TN,,,,,,
20110956326,12/9/2011 7:12,1,0,0,N,N,620054,0,NOT COLLISION W/MOTOR VEHICLE-TRANSPORT,1,NO ADVERSE CONDITIONS,1,DAYLIGHT,50,DEER (ANIMAL),LAKEVIEW DR & RIVER ROAD PIKE,NASHVILLE,TN,37209,4705,WEST,36.1591,-86.9509,"(36.1591, -86.9509)"
20110957696,12/9/2011 16:25,1,0,0,N,N,414651,2,HEAD-ON,1,NO ADVERSE CONDITIONS,2,DARK - NOT LIGHTED,50,DEER (ANIMAL),BIDWELL RD & STAGNER RD,JOELTON,TN,37080,2317,NORTH,36.3277,-86.8867,"(36.3277, -86.8867)"
20110958589,12/9/2011 23:45,1,0,0,N,N,676828,2,HEAD-ON,1,NO ADVERSE CONDITIONS,3,DARK - LIGHTED,50,DEER (ANIMAL),2001 OLD HICKORY BLVD,BRENTWOOD,TN,37027,6301,MIDTOW,36.0463,-86.8583,"(36.0463, -86.8583)"
20110963086,12/11/2011 20:18,1,0,0,N,N,630063,2,HEAD-ON,1,NO ADVERSE CONDITIONS,2,DARK - NOT LIGHTED,50,DEER (ANIMAL),BULL RUN RD,,TN,,,,,,
20110980138,12/17/2011 19:55,1,0,0,N,N,530853,5,SIDESWIPE - SAME DIRECTION,1,NO ADVERSE CONDITIONS,2,DARK - NOT LIGHTED,50,DEER (ANIMAL),DRAKES BRANCH RD & KINGS LN,NASHVILLE,TN,37218,3127,NORTH,36.2173,-86.8486,"(36.2173, -86.8486)"
20110983427,12/19/2011 7:15,1,0,0,N,N,225585,4,ANGLE,1,NO ADVERSE CONDITIONS,1,DAYLIGHT,50,DEER (ANIMAL),ASHLAND CITY HWY & HYDES FERRY RD,NASHVILLE,TN,37218,3163,NORTH,36.199,-86.8452,"(36.199, -86.8452)"
20110988518,12/21/2011 0:30,1,0,0,N,N,824611,0,NOT COLLISION W/MOTOR VEHICLE-TRANSPORT,1,NO ADVERSE CONDITIONS,3,DARK - LIGHTED,50,DEER (ANIMAL),MT VIEW RD & MURFREESBORO PIKE,ANTIOCH,TN,37013,8927,SOUTH,36.0543,-86.6187,"(36.0543, -86.6187)"
20110989217,12/21/2011 6:40,1,0,0,N,N,226208,0,NOT COLLISION W/MOTOR VEHICLE-TRANSPORT,2,RAIN,4,DAWN,50,DEER (ANIMAL),HAMILTON CHURCH RD & MURFREESBORO PIKE,ANTIOCH,TN,37013,8865,SOUTH,36.0648,-86.6285,"(36.0648, -86.6285)"
20110992290,12/22/2011 6:45,1,0,0,N,N,226622,2,HEAD-ON,1,NO ADVERSE CONDITIONS,1,DAYLIGHT,50,DEER (ANIMAL),HWY 70 S & OLD HICKORY BLVD,NASHVILLE,TN,37221,,,,,
20110992817,12/22/2011 10:45,1,0,0,N,N,224839,2,HEAD-ON,2,RAIN,1,DAYLIGHT,50,DEER (ANIMAL),148000 OLD HICKORY BLVD,NASHVILLE,TN,,,,,,
20110993739,12/22/2011 19:27,1,0,0,N,N,596389,0,NOT COLLISION W/MOTOR VEHICLE-TRANSPORT,1,NO ADVERSE CONDITIONS,2,DARK - NOT LIGHTED,50,DEER (ANIMAL),HWY 100 & HWY 96,NASHVILLE,TN,37221,4805,WEST,36.0175,-87.0309,"(36.0175, -87.0309)"
20110994578,12/23/2011 3:15,1,0,0,N,N,474557,0,NOT COLLISION W/MOTOR VEHICLE-TRANSPORT,1,NO ADVERSE CONDITIONS,1,DAYLIGHT,50,DEER (ANIMAL),CROSSING BLVD,,TN,,,,,,
20110999278,12/25/2011 6:15,1,0,0,N,N,749286,2,HEAD-ON,1,NO ADVERSE CONDITIONS,4,DAWN,50,DEER (ANIMAL),ASHLAND CITY HWY & OLD HYDES FERRY PIKE,NASHVILLE,TN,37218,3235,NORTH,36.2114,-86.8978,"(36.2114, -86.8978)"
20111001110,12/26/2011 11:30,1,0,0,N,N,834821,2,HEAD-ON,1,NO ADVERSE CONDITIONS,1,DAYLIGHT,50,DEER (ANIMAL),CLOVERLAND DR & STERLING OAKS DR,BRENTWOOD,TN,37027,8621,MIDTOW,36.0308,-86.7472,"(36.0308, -86.7472)"
20111010074,12/29/2011 17:27,1,0,0,N,N,727261,0,NOT COLLISION W/MOTOR VEHICLE-TRANSPORT,1,NO ADVERSE CONDITIONS,2,DARK - NOT LIGHTED,50,DEER (ANIMAL),1335 DELEMERE,NASHVILLE,TN,,,,,,
20120001969,1/1/2012 23:25,1,0,0,N,N,225773,2,HEAD-ON,1,NO ADVERSE CONDITIONS,2,DARK - NOT LIGHTED,50,DEER (ANIMAL),I24 E & OLD HICKORY BLVD,,TN,,,,,,
20120005669,1/3/2012 6:15,1,0,0,N,N,226220,4,ANGLE,1,NO ADVERSE CONDITIONS,4,DAWN,50,DEER (ANIMAL),1237 DICKERSON PIKE,NASHVILLE,TN,37207,1911,EAST,36.1934,-86.7725,"(36.1934, -86.7725)"
20120009468,1/4/2012 9:00,1,0,0,N,N,226622,2,HEAD-ON,1,NO ADVERSE CONDITIONS,1,DAYLIGHT,50,DEER (ANIMAL),7927 RIVER ROAD PIKE,NASHVILLE,TN,37209,4705,WEST,36.1794,-86.9495,"(36.1794, -86.9495)"
20120012821,1/5/2012 6:55,1,0,0,N,N,225930,0,NOT COLLISION W/MOTOR VEHICLE-TRANSPORT,1,NO ADVERSE CONDITIONS,1,DAYLIGHT,50,DEER (ANIMAL),CLARKSVILLE PIKE & STENBERG RD,WHITES CREEK,TN,37189,3229,NORTH,36.2666,-86.8577,"(36.2666, -86.8577)"
20120017721,1/6/2012 17:50,1,0,0,N,N,716893,2,HEAD-ON,1,NO ADVERSE CONDITIONS,2,DARK - NOT LIGHTED,50,DEER (ANIMAL),5361 GRANNY WHITE PIKE,NASHVILLE,TN,37215,6305,MIDTOW,36.0624,-86.8141,"(36.0624, -86.8141)"
20120020363,1/7/2012 17:48,1,0,0,N,N,716886,4,ANGLE,1,NO ADVERSE CONDITIONS,2,DARK - NOT LIGHTED,50,DEER (ANIMAL),13566 OLD HICKORY BLVD,ANTIOCH,TN,37013,8763,SOUTH,36.001,-86.6425,"(36.001, -86.6425)"
20120020545,1/7/2012 19:50,1,0,0,N,N,216865,4,ANGLE,1,NO ADVERSE CONDITIONS,3,DARK - LIGHTED,50,DEER (ANIMAL),1598 CRESTIEW DR,MADISON,TN,37115,1757,MADISO,36.2945,-86.7054,"(36.2945, -86.7054)"
20120027304,1/10/2012 6:05,1,0,0,N,N,226220,0,NOT COLLISION W/MOTOR VEHICLE-TRANSPORT,1,NO ADVERSE CONDITIONS,4,DAWN,50,DEER (ANIMAL),1580 SPRINGFIELD HWY,GOODLETTSVILLE,TN,37072,2201,MADISO,36.3731,-86.7448,"(36.3731, -86.7448)"
20120030812,1/11/2012 7:25,1,0,0,N,N,226605,4,ANGLE,2,RAIN,1,DAYLIGHT,50,DEER (ANIMAL),INDUSTRIAL DR & ROBINSON RD,OLD HICKORY,TN,37138,9611,HERMIT,36.2634,-86.662,"(36.2634, -86.662)"
20120032634,1/11/2012 19:40,1,0,0,N,N,596386,2,HEAD-ON,2,RAIN,2,DARK - NOT LIGHTED,50,DEER (ANIMAL),HWY 100 & TRALE CREEK DR,NASHVILLE,TN,,,,,,
20120032938,1/11/2012 22:08,1,0,0,N,N,596389,0,NOT COLLISION W/MOTOR VEHICLE-TRANSPORT,2,RAIN,2,DARK - NOT LIGHTED,50,DEER (ANIMAL),HWY 100 & OLD HICKORY BLVD,NASHVILLE,TN,37221,6211,WEST,36.0623,-86.9046,"(36.0623, -86.9046)"
20120046310,1/16/2012 6:30,1,0,0,N,N,226099,2,HEAD-ON,1,NO ADVERSE CONDITIONS,4,DAWN,50,DEER (ANIMAL),ASHLAND CITY HWY & BRILEY PKWY N,NASHVILLE,TN,37218,31040,NORTH,36.2098,-86.8716,"(36.2098, -86.8716)"
20120046347,1/16/2012 6:45,1,0,0,N,N,226214,4,ANGLE,2,RAIN,4,DAWN,50,DEER (ANIMAL),SPRINGFIELD HWY & WILLIAMSON,NASHVILLE,TN,,,,,,
20120059256,1/19/2012 20:45,1,0,0,N,N,725759,4,ANGLE,1,NO ADVERSE CONDITIONS,2,DARK - NOT LIGHTED,50,DEER (ANIMAL),EDMONDSON PIKE & HOLT RD,NASHVILLE,TN,37211,8651,MIDTOW,36.0156,-86.7406,"(36.0156, -86.7406)"
20120062153,1/20/2012 17:24,1,0,0,N,N,633383,0,NOT COLLISION W/MOTOR VEHICLE-TRANSPORT,1,NO ADVERSE CONDITIONS,3,DARK - LIGHTED,50,DEER (ANIMAL),BRILEY PKWY E & WHITES CREEK PIKE,NASHVILLE,TN,37207,3010,NORTH,36.2339,-86.8152,"(36.2339, -86.8152)"
20120062401,1/20/2012 19:02,1,0,0,N,N,633383,0,NOT COLLISION W/MOTOR VEHICLE-TRANSPORT,1,NO ADVERSE CONDITIONS,2,DARK - NOT LIGHTED,50,DEER (ANIMAL),EATONS CREEK RD & SULPHUR CREEK RD,NASHVILLE,TN,37218,3211,NORTH,36.2285,-86.8685,"(36.2285, -86.8685)"
20120069206,1/23/2012 6:47,1,0,0,N,N,224960,0,NOT COLLISION W/MOTOR VEHICLE-TRANSPORT,1,NO ADVERSE CONDITIONS,1,DAYLIGHT,50,DEER (ANIMAL),BRILEY PKWY W & CLARKSVILLE PIKE,NASHVILLE,TN,37218,3216,NORTH,36.2291,-86.8343,"(36.2291, -86.8343)"
20120077902,1/25/2012 17:50,1,0,0,N,N,716893,2,HEAD-ON,1,NO ADVERSE CONDITIONS,2,DARK - NOT LIGHTED,50,DEER (ANIMAL),LEALAND LN & TYNE BLVD,NASHVILLE,TN,37220,7109,MIDTOW,36.08,-86.7919,"(36.08, -86.7919)"
20120078277,1/25/2012 20:25,1,0,0,N,N,591933,0,NOT COLLISION W/MOTOR VEHICLE-TRANSPORT,1,NO ADVERSE CONDITIONS,2,DARK - NOT LIGHTED,50,DEER (ANIMAL),I24 W & OLD HICKORY,NASHVILLE,TN,,,,,,
20120087495,1/28/2012 18:38,1,0,0,N,N,807338,0,NOT COLLISION W/MOTOR VEHICLE-TRANSPORT,1,NO ADVERSE CONDITIONS,2,DARK - NOT LIGHTED,50,DEER (ANIMAL),HWY 171 SOUTH & LOGISTICS WAY,,TN,,,,,,
20120096937,1/31/2012 20:15,1,0,0,N,N,596386,2,HEAD-ON,1,NO ADVERSE CONDITIONS,3,DARK - LIGHTED,50,DEER (ANIMAL),HIGHWAY 70 SOUTH & ERIN LANE,,TN,,,,,,
20120100182,2/1/2012 19:29,1,0,0,N,N,633383,0,NOT COLLISION W/MOTOR VEHICLE-TRANSPORT,2,RAIN,2,DARK - NOT LIGHTED,50,DEER (ANIMAL),I 24 E & WHITES CREEK PIKE,JOELTON,TN,37080,3318,NORTH,36.324,-86.8684,"(36.324, -86.8684)"
20120100267,2/1/2012 20:10,1,0,0,N,N,596386,2,HEAD-ON,2,RAIN,2,DARK - NOT LIGHTED,50,DEER (ANIMAL),POPLAR CREEK RD & WILLOW OAK DR,NASHVILLE,TN,37221,4809,WEST,36.0549,-86.9537,"(36.0549, -86.9537)"
20120103543,2/2/2012 20:20,1,0,0,N,N,807338,0,NOT COLLISION W/MOTOR VEHICLE-TRANSPORT,1,NO ADVERSE CONDITIONS,2,DARK - NOT LIGHTED,50,DEER (ANIMAL),BELL RD & EULALA DR,NASHVILLE,TN,,,,,,
20120104868,2/3/2012 6:59,1,1,0,N,N,224640,0,NOT COLLISION W/MOTOR VEHICLE-TRANSPORT,1,NO ADVERSE CONDITIONS,1,DAYLIGHT,50,DEER (ANIMAL),BELL ROAD & 3361 BELL ROAD,NASHVILLE,TN,,,,,,
20120107422,2/4/2012 23:15,1,0,0,N,N,1960,2,HEAD-ON,2,RAIN,3,DARK - LIGHTED,50,DEER (ANIMAL),I 65 NORTH MM 93,,TN,,,,,,
20120133538,2/13/2012 5:58,1,0,0,N,N,468064,0,NOT COLLISION W/MOTOR VEHICLE-TRANSPORT,1,NO ADVERSE CONDITIONS,9,UNKNOWN,50,DEER (ANIMAL),CENTRAL PIKE & TULIP GROVE RD,HERMITAGE,TN,37076,9557,HERMIT,36.1725,-86.5951,"(36.1725, -86.5951)"
20120140102,2/15/2012 6:12,1,0,0,N,N,620054,0,NOT COLLISION W/MOTOR VEHICLE-TRANSPORT,1,NO ADVERSE CONDITIONS,2,DARK - NOT LIGHTED,50,DEER (ANIMAL),CHARLOTTE PIKE & RIVER RD,NASHVILLE,TN,37209,4701,WEST,36.1287,-86.9064,"(36.1287, -86.9064)"
20120156383,2/20/2012 13:08,1,0,0,N,N,224960,0,NOT COLLISION W/MOTOR VEHICLE-TRANSPORT,1,NO ADVERSE CONDITIONS,1,DAYLIGHT,50,DEER (ANIMAL),BRILEY PKWY E & I 24 E,NASHVILLE,TN,37207,3224,NORTH,36.2379,-86.7863,"(36.2379, -86.7863)"
20120176315,2/27/2012 6:10,1,0,0,N,N,653631,0,NOT COLLISION W/MOTOR VEHICLE-TRANSPORT,1,NO ADVERSE CONDITIONS,1,DAYLIGHT,50,DEER (ANIMAL),DICKERSON PIKE & DOVERSIDE DR,MADISON,TN,37115,2009,MADISO,36.2439,-86.7566,"(36.2439, -86.7566)"
20120237759,3/19/2012 7:33,1,0,0,N,N,635484,0,NOT COLLISION W/MOTOR VEHICLE-TRANSPORT,1,NO ADVERSE CONDITIONS,1,DAYLIGHT,50,DEER (ANIMAL),AMY LYNN DR & ASHLAND CITY HWY,NASHVILLE,TN,37218,3235,NORTH,36.2103,-86.8784,"(36.2103, -86.8784)"
20120246238,3/21/2012 21:40,1,0,0,Y,N,224486,0,NOT COLLISION W/MOTOR VEHICLE-TRANSPORT,1,NO ADVERSE CONDITIONS,3,DARK - LIGHTED,50,DEER (ANIMAL),2910 OLD FRANKLIN RD,ANTIOCH,TN,37013,8867,SOUTH,36.0384,-86.6353,"(36.0384, -86.6353)"
20120261134,3/26/2012 21:45,1,0,0,N,Y,633374,2,HEAD-ON,1,NO ADVERSE CONDITIONS,2,DARK - NOT LIGHTED,50,DEER (ANIMAL),HILLS LN & OLD HICKORY BLVD,OLD HICKORY,TN,37138,9739,HERMIT,36.2057,-86.6224,"(36.2057, -86.6224)"
20120265789,3/28/2012 5:36,1,0,0,N,N,714647,4,ANGLE,1,NO ADVERSE CONDITIONS,2,DARK - NOT LIGHTED,50,DEER (ANIMAL),HWY 100 & NATCHEZ TRACE PKWY,NASHVILLE,TN,37221,4805,WEST,36.0346,-86.9758,"(36.0346, -86.9758)"
20120277784,3/31/2012 23:40,1,1,0,N,N,717708,0,NOT COLLISION W/MOTOR VEHICLE-TRANSPORT,1,NO ADVERSE CONDITIONS,3,DARK - LIGHTED,50,DEER (ANIMAL),I 40 W & STEWARTS FERRY PIKE,NASHVILLE,TN,37214,94022,HERMIT,36.1558,-86.6294,"(36.1558, -86.6294)"
20120303014,4/9/2012 12:27,1,1,0,N,N,224640,0,NOT COLLISION W/MOTOR VEHICLE-TRANSPORT,1,NO ADVERSE CONDITIONS,1,DAYLIGHT,50,DEER (ANIMAL),0 LADY NASHVILLE DR,HERMITAGE,TN,37076,9525,HERMIT,36.215,-86.5857,"(36.215, -86.5857)"
20120303943,4/9/2012 18:22,1,0,0,N,N,755027,2,HEAD-ON,1,NO ADVERSE CONDITIONS,1,DAYLIGHT,50,DEER (ANIMAL),BELL RD & HARBOR LIGHTS DR,NASHVILLE,TN,37217,8935,HERMIT,36.0939,-86.6249,"(36.0939, -86.6249)"
20120308886,4/11/2012 7:30,1,0,0,N,N,226306,0,NOT COLLISION W/MOTOR VEHICLE-TRANSPORT,1,NO ADVERSE CONDITIONS,1,DAYLIGHT,50,DEER (ANIMAL),HWY 70 S & OLD HICKORY BLVD,NASHVILLE,TN,37205,4903,WEST,36.0745,-86.9209,"(36.0745, -86.9209)"
20120312335,4/12/2012 6:00,1,0,0,N,N,224464,6,SIDESWIPE - OPPOSITE DIRECTION,1,NO ADVERSE CONDITIONS,1,DAYLIGHT,50,DEER (ANIMAL),DICKERSON PIKE & OLD HICKORY BLVD,MADISON,TN,37115,2039,MADISO,36.2693,-86.7557,"(36.2693, -86.7557)"
20120329177,4/17/2012 21:40,1,0,0,N,N,226220,0,NOT COLLISION W/MOTOR VEHICLE-TRANSPORT,1,NO ADVERSE CONDITIONS,3,DARK - LIGHTED,50,DEER (ANIMAL),1339 DICKERSON PIKE S,GOODLETTSVILLE,TN,37072,2109,MADISO,36.2863,-86.7453,"(36.2863, -86.7453)"
20120363177,4/29/2012 9:50,1,0,0,N,N,266964,0,NOT COLLISION W/MOTOR VEHICLE-TRANSPORT,1,NO ADVERSE CONDITIONS,1,DAYLIGHT,50,DEER (ANIMAL),CROSSINGS BLVD & CROSSINGS CIR,ANTIOCH,TN,37013,8863,SOUTH,36.0376,-86.6433,"(36.0376, -86.6433)"
20120387300,5/7/2012 12:05,1,0,0,N,N,226812,0,NOT COLLISION W/MOTOR VEHICLE-TRANSPORT,1,NO ADVERSE CONDITIONS,1,DAYLIGHT,50,DEER (ANIMAL),BUENA VISTA & CLIFF,NASHVILLE,TN,,,,,,
20120404749,5/13/2012 0:12,1,1,0,N,N,714631,0,NOT COLLISION W/MOTOR VEHICLE-TRANSPORT,2,RAIN,3,DARK - LIGHTED,50,DEER (ANIMAL),HWY 100 & VAUGHNS GAP RD,NASHVILLE,TN,37221,6211,WEST,36.0789,-86.8852,"(36.0789, -86.8852)"
20120405091,5/13/2012 4:00,1,0,0,N,N,633391,0,NOT COLLISION W/MOTOR VEHICLE-TRANSPORT,2,RAIN,3,DARK - LIGHTED,50,DEER (ANIMAL),I 40 E & 46TH AVE N,NASHVILLE,TN,37209,52025,WEST,36.1538,-86.8423,"(36.1538, -86.8423)"
20120406062,5/13/2012 15:30,1,0,0,N,N,714630,0,NOT COLLISION W/MOTOR VEHICLE-TRANSPORT,2,RAIN,1,DAYLIGHT,50,DEER (ANIMAL),6961 HWY 70 S,NASHVILLE,TN,37221,4901,WEST,36.0764,-86.9149,"(36.0764, -86.9149)"
20120416294,5/16/2012 20:30,1,1,0,N,N,224946,2,HEAD-ON,1,NO ADVERSE CONDITIONS,2,DARK - NOT LIGHTED,50,DEER (ANIMAL),7656 WHITES CREEK PIKE,JOELTON,TN,37080,2303,NORTH,36.3452,-86.8723,"(36.3452, -86.8723)"
20120429035,5/21/2012 8:16,1,0,0,N,N,462494,0,NOT COLLISION W/MOTOR VEHICLE-TRANSPORT,2,RAIN,1,DAYLIGHT,50,DEER (ANIMAL),4535 CLARKSVILLE PIKE,NASHVILLE,TN,37218,3215,NORTH,36.2324,-86.8325,"(36.2324, -86.8325)"