Accident Number,Date and Time,Number of Motor Vehicles,Number of Injuries,Number of Fatalities,Property Damage,Hit and Run,Reporting Officer,Collision Type Code,Collision Type Description,Weather Code,Weather Description,Illumination Code,Illumination Description,Harmful Code,Harmful Code Description,Street Address,City,State,ZIP,RPA,Precinct,Latitude,Longitude,Mapped Location
20120441220,5/24/2012 21:00,1,0,0,N,N,807314,0,NOT COLLISION W/MOTOR VEHICLE-TRANSPORT,1,NO ADVERSE CONDITIONS,2,DARK - NOT LIGHTED,50,DEER (ANIMAL),7300 CAROTHERS RD,ANTIOCH,TN,37013,8771,SOUTH,35.9803,-86.6122,"(35.9803, -86.6122)"
20120446336,5/26/2012 12:00,1,0,0,N,N,226306,0,NOT COLLISION W/MOTOR VEHICLE-TRANSPORT,1,NO ADVERSE CONDITIONS,1,DAYLIGHT,50,DEER (ANIMAL),HARDING & BROOK HOLLOW,NASHVILLE,TN,,,,,,
20120453637,5/29/2012 6:48,1,0,0,N,N,267831,0,NOT COLLISION W/MOTOR VEHICLE-TRANSPORT,1,NO ADVERSE CONDITIONS,1,DAYLIGHT,50,DEER (ANIMAL),110 TUNE AIRPORT DR,NASHVILLE,TN,37209,4653,WEST,36.1794,-86.8837,"(36.1794, -86.8837)"
20120460256,5/31/2012 5:25,1,0,0,N,N,225824,0,NOT COLLISION W/MOTOR VEHICLE-TRANSPORT,1,NO ADVERSE CONDITIONS,4,DAWN,50,DEER (ANIMAL),DERBY GLENN LN & OLD HICKORY BLVD,NASHVILLE,TN,37215,6305,MIDTOW,36.0424,-86.8373,"(36.0424, -86.8373)"
20120469788,6/3/2012 13:21,1,0,0,N,N,267747,0,NOT COLLISION W/MOTOR VEHICLE-TRANSPORT,1,NO ADVERSE CONDITIONS,1,DAYLIGHT,50,DEER (ANIMAL),SPRINGFIELD HWY & WILLIAMSON RD,GOODLETTSVILLE,TN,37072,,,,,
20120477334,6/5/2012 22:37,1,1,0,N,N,62062,0,NOT COLLISION W/MOTOR VEHICLE-TRANSPORT,10,SEVERE CROSSWIND,3,DARK - LIGHTED,50,DEER (ANIMAL),BONNASPRING DR & PLANTATION DR,HERMITAGE,TN,37076,9613,HERMIT,36.2004,-86.6242,"(36.2004, -86.6242)"
20120483698,6/7/2012 23:20,1,0,0,N,N,420059,2,HEAD-ON,1,NO ADVERSE CONDITIONS,3,DARK - LIGHTED,50,DEER (ANIMAL),MYATT DR & N GALLATIN PIKE,MADISON,TN,37115,1731,MADISO,36.2969,-86.6992,"(36.2969, -86.6992)"
20120484493,6/8/2012 6:20,1,0,0,N,N,226640,2,HEAD-ON,1,NO ADVERSE CONDITIONS,1,DAYLIGHT,50,DEER (ANIMAL),I 24 W & OLD HICKORY BLVD,ANTIOCH,TN,37013,8867,SOUTH,36.0145,-86.6204,"(36.0145, -86.6204)"
20120489406,6/10/2012 0:15,1,0,0,N,N,596399,0,NOT COLLISION W/MOTOR VEHICLE-TRANSPORT,1,NO ADVERSE CONDITIONS,2,DARK - NOT LIGHTED,50,DEER (ANIMAL),HWY 100 & VAUGHNS GAP RD,NASHVILLE,TN,37221,6211,WEST,36.0789,-86.8852,"(36.0789, -86.8852)"
20120494611,6/11/2012 18:30,1,1,1,N,N,224486,0,NOT COLLISION W/MOTOR VEHICLE-TRANSPORT,1,NO ADVERSE CONDITIONS,1,DAYLIGHT,50,DEER (ANIMAL),CROSSINGS BLVD & CROSSINGS CIR,ANTIOCH,TN,37013,8863,SOUTH,36.0376,-86.6433,"(36.0376, -86.6433)"
20120508518,6/15/2012 21:45,1,0,0,N,N,834809,2,HEAD-ON,2,RAIN,3,DARK - LIGHTED,50,DEER (ANIMAL),OLD HICKORY BLVD & OLD HICKORY BLVD,ANTIOCH,TN,37013,8971,SOUTH,36.0419,-86.5914,"(36.0419, -86.5914)"
20120509828,6/16/2012 12:39,1,0,0,N,N,459042,0,NOT COLLISION W/MOTOR VEHICLE-TRANSPORT,1,NO ADVERSE CONDITIONS,1,DAYLIGHT,50,DEER (ANIMAL),I 24 E & OLD HICKORY BLVD,ANTIOCH,TN,37013,8702,SOUTH,36.0142,-86.6205,"(36.0142, -86.6205)"
20120517008,6/19/2012 7:30,1,0,0,N,N,839053,0,NOT COLLISION W/MOTOR VEHICLE-TRANSPORT,1,NO ADVERSE CONDITIONS,1,DAYLIGHT,50,DEER (ANIMAL),7100 LEGACY DR,ANTIOCH,TN,37013,8763,SOUTH,36.0073,-86.6533,"(36.0073, -86.6533)"
20120520278,6/20/2012 8:55,1,0,0,N,N,226669,4,ANGLE,1,NO ADVERSE CONDITIONS,1,DAYLIGHT,50,DEER (ANIMAL),2835 BRICK CHURCH PIKE,NASHVILLE,TN,37207,3021,NORTH,36.2201,-86.7823,"(36.2201, -86.7823)"
20120531092,6/23/2012 19:08,1,0,0,N,N,224368,0,NOT COLLISION W/MOTOR VEHICLE-TRANSPORT,1,NO ADVERSE CONDITIONS,5,DUSK,50,DEER (ANIMAL),HARDING PL & HILLSBORO PIKE,NASHVILLE,TN,37215,6403,MIDTOW,36.0914,-86.8285,"(36.0914, -86.8285)"
20120536233,6/25/2012 16:02,1,0,0,N,N,620063,4,ANGLE,1,NO ADVERSE CONDITIONS,1,DAYLIGHT,50,DEER (ANIMAL),DICKERSON PIKE & HUNTERS LN,MADISON,TN,37115,2101,MADISO,36.2776,-86.7513,"(36.2776, -86.7513)"
20120544144,6/28/2012 7:15,1,0,0,N,N,226622,2,HEAD-ON,1,NO ADVERSE CONDITIONS,1,DAYLIGHT,50,DEER (ANIMAL),I 40 E & HWY 70 S,NASHVILLE,TN,37221,4806,WEST,36.0812,-86.9562,"(36.0812, -86.9562)"
20120546185,6/28/2012 23:05,1,0,0,N,N,834804,1,REAR END,1,NO ADVERSE CONDITIONS,1,DAYLIGHT,50,DEER (ANIMAL),BRICK CHURCH LN & KNIGHT DR,WHITES CREEK,TN,37189,3223,NORTH,36.2446,-86.8018,"(36.2446, -86.8018)"
20120550046,6/30/2012 7:10,1,0,0,N,N,834822,0,NOT COLLISION W/MOTOR VEHICLE-TRANSPORT,1,NO ADVERSE CONDITIONS,1,DAYLIGHT,50,DEER (ANIMAL),HWY 70 & OLD CHARLOTTE PIKE,NASHVILLE,TN,37221,4713,WEST,36.0936,-87.0235,"(36.0936, -87.0235)"
20120553613,7/1/2012 20:38,1,0,0,N,N,584947,0,NOT COLLISION W/MOTOR VEHICLE-TRANSPORT,1,NO ADVERSE CONDITIONS,2,DARK - NOT LIGHTED,50,DEER (ANIMAL),I 24 W & WHITES CREEK PIKE,JOELTON,TN,37080,2309,NORTH,36.3244,-86.8685,"(36.3244, -86.8685)"
20120562950,7/5/2012 1:50,1,0,0,N,N,224464,2,HEAD-ON,1,NO ADVERSE CONDITIONS,2,DARK - NOT LIGHTED,50,DEER (ANIMAL),BAKER STATION RD & SPRINGFIELD HWY,GOODLETTSVILLE,TN,37072,2217,MADISO,36.3766,-86.7487,"(36.3766, -86.7487)"
20120566289,7/6/2012 6:30,1,0,0,N,N,262751,2,HEAD-ON,1,NO ADVERSE CONDITIONS,1,DAYLIGHT,50,DEER (ANIMAL),4296 MURFREESBORO PIKE,ANTIOCH,TN,37013,8967,SOUTH,36.0256,-86.5873,"(36.0256, -86.5873)"
20120568230,7/6/2012 21:07,1,0,0,N,N,653630,4,ANGLE,1,NO ADVERSE CONDITIONS,2,DARK - NOT LIGHTED,50,DEER (ANIMAL),1252 ROBINSON RD,OLD HICKORY,TN,37138,9619,HERMIT,36.2598,-86.6595,"(36.2598, -86.6595)"
20120568279,7/6/2012 21:34,1,0,0,N,N,653630,2,HEAD-ON,1,NO ADVERSE CONDITIONS,2,DARK - NOT LIGHTED,50,DEER (ANIMAL),1252 ROBINSON RD,OLD HICKORY,TN,37138,9619,HERMIT,36.2598,-86.6595,"(36.2598, -86.6595)"
20120572753,7/8/2012 23:38,1,0,0,N,N,620072,4,ANGLE,2,RAIN,3,DARK - LIGHTED,50,DEER (ANIMAL),HWY 100 & TEMPLE RD,NASHVILLE,TN,37221,4807,WEST,36.0455,-86.9506,"(36.0455, -86.9506)"
20120579659,7/11/2012 12:45,1,0,0,N,N,345373,0,NOT COLLISION W/MOTOR VEHICLE-TRANSPORT,1,NO ADVERSE CONDITIONS,1,DAYLIGHT,50,DEER (ANIMAL),HWY 100 E,NASHVILLE,TN,,,,,,
20120596879,7/17/2012 23:31,1,0,0,N,N,420046,0,NOT COLLISION W/MOTOR VEHICLE-TRANSPORT,1,NO ADVERSE CONDITIONS,2,DARK - NOT LIGHTED,50,DEER (ANIMAL),5866 HIGDON RD,JOELTON,TN,37080,3339,NORTH,36.2787,-86.9504,"(36.2787, -86.9504)"
20120607775,7/22/2012 0:15,1,0,0,N,N,617353,2,HEAD-ON,1,NO ADVERSE CONDITIONS,2,DARK - NOT LIGHTED,50,DEER (ANIMAL),BRENTWOOD BLVD & OLD HICKORY BLVD,NASHVILLE,TN,37220,7111,MIDTOW,36.0377,-86.7948,"(36.0377, -86.7948)"
20120637234,8/2/2012 8:07,1,0,0,N,N,485261,2,HEAD-ON,1,NO ADVERSE CONDITIONS,1,DAYLIGHT,50,DEER (ANIMAL),FRANKLIN PIKE & MORRISWOOD DR,NASHVILLE,TN,37204,7015,MIDTOW,36.0967,-86.7719,"(36.0967, -86.7719)"
20120645558,8/5/2012 13:39,1,2,0,N,N,635484,0,NOT COLLISION W/MOTOR VEHICLE-TRANSPORT,1,NO ADVERSE CONDITIONS,1,DAYLIGHT,50,DEER (ANIMAL),ASHLAND CITY HWY & BRILEY PKWY N,NASHVILLE,TN,37218,31040,NORTH,36.2098,-86.8716,"(36.2098, -86.8716)"
20120650572,8/7/2012 13:06,1,2,0,N,N,224960,0,NOT COLLISION W/MOTOR VEHICLE-TRANSPORT,1,NO ADVERSE CONDITIONS,1,DAYLIGHT,50,DEER (ANIMAL),1012 E TRINITY LN,NASHVILLE,TN,37216,1851,EAST,36.2042,-86.7452,"(36.2042, -86.7452)"
20120664472,8/12/2012 17:45,1,0,0,N,N,727212,0,NOT COLLISION W/MOTOR VEHICLE-TRANSPORT,1,NO ADVERSE CONDITIONS,1,DAYLIGHT,50,DEER (ANIMAL),S NEW HOPE RD & CAPE HOPE PASS,HERMITAGE,TN,37076,9547,HERMIT,36.1497,-86.5842,"(36.1497, -86.5842)"
20120667218,8/13/2012 19:32,1,0,0,N,N,870698,0,NOT COLLISION W/MOTOR VEHICLE-TRANSPORT,1,NO ADVERSE CONDITIONS,5,DUSK,50,DEER (ANIMAL),CLARKSVILLE PIKE & HARPER RD,JOELTON,TN,37080,3315,NORTH,36.3254,-86.9153,"(36.3254, -86.9153)"
20120676586,8/16/2012 21:17,1,0,0,N,N,752065,2,HEAD-ON,1,NO ADVERSE CONDITIONS,2,DARK - NOT LIGHTED,50,DEER (ANIMAL),FARRELL RD & FRANKLIN PIKE,NASHVILLE,TN,37220,7109,MIDTOW,36.0719,-86.7741,"(36.0719, -86.7741)"
20120693666,8/23/2012 8:17,1,0,0,N,N,225805,0,NOT COLLISION W/MOTOR VEHICLE-TRANSPORT,1,NO ADVERSE CONDITIONS,4,DAWN,50,DEER (ANIMAL),HIDDEN CREEK DR & OLD HICKORY BLVD,ANTIOCH,TN,37013,8759,SOUTH,36.02,-86.681,"(36.02, -86.681)"
20120702705,8/26/2012 21:48,1,0,0,N,N,553957,4,ANGLE,1,NO ADVERSE CONDITIONS,2,DARK - NOT LIGHTED,50,DEER (ANIMAL),BRANDYWINE POINTE BLVD & SHUTE LN,OLD HICKORY,TN,37138,9717,HERMIT,36.2306,-86.6079,"(36.2306, -86.6079)"
20120703031,8/27/2012 1:33,1,0,0,N,N,716877,0,NOT COLLISION W/MOTOR VEHICLE-TRANSPORT,1,NO ADVERSE CONDITIONS,2,DARK - NOT LIGHTED,50,DEER (ANIMAL),MM 60 4 I24 E,ANTIOCH,TN,37013,8704,SOUTH,36.0364,-86.6453,"(36.0364, -86.6453)"
20120721624,9/2/2012 10:17,1,0,0,N,N,556888,4,ANGLE,98,OTHER (NARRATIVE),1,DAYLIGHT,50,DEER (ANIMAL),HARPETH VALLEY RD & HWY 70 S,NASHVILLE,TN,37221,4713,WEST,36.0823,-86.9583,"(36.0823, -86.9583)"
20120722408,9/2/2012 21:45,1,0,0,N,N,807343,4,ANGLE,1,NO ADVERSE CONDITIONS,2,DARK - NOT LIGHTED,50,DEER (ANIMAL),MT VIEW RD & MURFREESBORO PIKE,ANTIOCH,TN,37013,8927,SOUTH,36.0543,-86.6187,"(36.0543, -86.6187)"
20120777329,9/23/2012 21:00,1,0,0,N,N,887607,2,HEAD-ON,1,NO ADVERSE CONDITIONS,2,DARK - NOT LIGHTED,50,DEER (ANIMAL),4398 STENBERG RD,NASHVILLE,TN,37218,3231,NORTH,36.2619,-86.8644,"(36.2619, -86.8644)"
20120777725,9/24/2012 1:35,1,0,0,N,N,824608,0,NOT COLLISION W/MOTOR VEHICLE-TRANSPORT,10,SEVERE CROSSWIND,2,DARK - NOT LIGHTED,50,DEER (ANIMAL),I 65 N & OLD HICKORY BLVD,BRENTWOOD,TN,37027,86040,MIDTOW,36.039,-86.7826,"(36.039, -86.7826)"
20120794599,9/30/2012 0:15,1,0,0,N,N,596399,0,NOT COLLISION W/MOTOR VEHICLE-TRANSPORT,1,NO ADVERSE CONDITIONS,2,DARK - NOT LIGHTED,50,DEER (ANIMAL),I 65 S & I 65 S,GOODLETTSVILLE,TN,37072,21020,MADISO,36.3111,-86.7022,"(36.3111, -86.7022)"
20120802173,10/2/2012 23:15,1,0,0,N,N,714647,0,NOT COLLISION W/MOTOR VEHICLE-TRANSPORT,1,NO ADVERSE CONDITIONS,3,DARK - LIGHTED,50,DEER (ANIMAL),9095 HWY 100,NASHVILLE,TN,37221,4805,WEST,36.0273,-87.0113,"(36.0273, -87.0113)"
20120802343,10/3/2012 0:46,1,0,0,N,N,420046,0,NOT COLLISION W/MOTOR VEHICLE-TRANSPORT,1,NO ADVERSE CONDITIONS,2,DARK - NOT LIGHTED,50,DEER (ANIMAL),I 24 E & BRICK CHURCH PIKE,NASHVILLE,TN,37207,3021,NORTH,36.23,-86.7817,"(36.23, -86.7817)"
20120804747,10/3/2012 18:53,1,0,0,N,N,591933,0,NOT COLLISION W/MOTOR VEHICLE-TRANSPORT,1,NO ADVERSE CONDITIONS,3,DARK - LIGHTED,50,DEER (ANIMAL),BUENA VISTA PIKE & WHITES CREEK PIKE,NASHVILLE,TN,37207,3221,NORTH,36.2525,-86.8299,"(36.2525, -86.8299)"
20120808199,10/4/2012 23:13,1,0,0,N,N,887588,0,NOT COLLISION W/MOTOR VEHICLE-TRANSPORT,1,NO ADVERSE CONDITIONS,3,DARK - LIGHTED,50,DEER (ANIMAL),I 40 E & DONELSON PIKE,NASHVILLE,TN,37217,89020,HERMIT,36.1412,-86.6665,"(36.1412, -86.6665)"
20120810875,10/5/2012 21:00,1,0,0,N,N,716889,2,HEAD-ON,1,NO ADVERSE CONDITIONS,2,DARK - NOT LIGHTED,50,DEER (ANIMAL),HICKORY INDUSTRIAL DR & ROBINSON RD,OLD HICKORY,TN,37138,9611,HERMIT,36.2655,-86.6641,"(36.2655, -86.6641)"
20120811153,10/5/2012 22:50,1,0,0,N,N,676838,0,NOT COLLISION W/MOTOR VEHICLE-TRANSPORT,2,RAIN,2,DARK - NOT LIGHTED,50,DEER (ANIMAL),7474 WHITES CREEK PIKE,JOELTON,TN,37080,2309,NORTH,36.335,-86.8696,"(36.335, -86.8696)"
20120814278,10/7/2012 5:00,1,0,0,N,N,676838,0,NOT COLLISION W/MOTOR VEHICLE-TRANSPORT,1,NO ADVERSE CONDITIONS,1,DAYLIGHT,50,DEER (ANIMAL),MM 39 8 I24 E,WHITES CREEK,TN,37189,3314,NORTH,36.2849,-86.808,"(36.2849, -86.808)"
20120816175,10/8/2012 2:45,1,0,0,N,N,834809,0,NOT COLLISION W/MOTOR VEHICLE-TRANSPORT,1,NO ADVERSE CONDITIONS,3,DARK - LIGHTED,50,DEER (ANIMAL),I 24 E & OLD HICKORY BLVD,ANTIOCH,TN,37013,8702,SOUTH,36.0142,-86.6205,"(36.0142, -86.6205)"
20120819373,10/9/2012 7:19,2,0,0,N,N,267831,0,NOT COLLISION W/MOTOR VEHICLE-TRANSPORT,1,NO ADVERSE CONDITIONS,1,DAYLIGHT,50,DEER (ANIMAL),5508 GRANNY WHITE PIKE,NASHVILLE,TN,37220,7111,MIDTOW,36.054,-86.816,"(36.054, -86.816)"
20120823816,10/10/2012 19:47,1,0,0,N,N,887594,2,HEAD-ON,1,NO ADVERSE CONDITIONS,2,DARK - NOT LIGHTED,50,DEER (ANIMAL),I 24 W & WHITES CREEK PIKE,JOELTON,TN,37080,2309,NORTH,36.3244,-86.8685,"(36.3244, -86.8685)"
20120825017,10/11/2012 6:19,1,0,0,N,N,419952,0,NOT COLLISION W/MOTOR VEHICLE-TRANSPORT,1,NO ADVERSE CONDITIONS,2,DARK - NOT LIGHTED,50,DEER (ANIMAL),BRILEY PKWY W & CLARKSVILLE PIKE,NASHVILLE,TN,37218,3216,NORTH,36.2291,-86.8343,"(36.2291, -86.8343)"
20120825105,10/11/2012 7:25,1,1,0,N,N,262757,2,HEAD-ON,1,NO ADVERSE CONDITIONS,1,DAYLIGHT,50,DEER (ANIMAL),BELL RD & HARBORWOOD DR,NASHVILLE,TN,37214,8989,HERMIT,36.1327,-86.6293,"(36.1327, -86.6293)"
20120826889,10/11/2012 20:57,1,0,0,N,N,596389,0,NOT COLLISION W/MOTOR VEHICLE-TRANSPORT,1,NO ADVERSE CONDITIONS,2,DARK - NOT LIGHTED,50,DEER (ANIMAL),HWY 100 & NATCHEZ TRACE PKWY,NASHVILLE,TN,37221,4805,WEST,36.0346,-86.9758,"(36.0346, -86.9758)"
20120829418,10/12/2012 19:06,1,0,0,N,N,596387,0,NOT COLLISION W/MOTOR VEHICLE-TRANSPORT,1,NO ADVERSE CONDITIONS,2,DARK - NOT LIGHTED,50,DEER (ANIMAL),I 40 E & MCCRORY LN,NASHVILLE,TN,37221,4804,WEST,36.0769,-87.0202,"(36.0769, -87.0202)"
20120832454,10/13/2012 21:34,1,0,0,N,N,752065,4,ANGLE,1,NO ADVERSE CONDITIONS,2,DARK - NOT LIGHTED,50,DEER (ANIMAL),HILLSBORO PIKE & KINGSBURY DR,NASHVILLE,TN,37215,6205,WEST,36.064,-86.8478,"(36.064, -86.8478)"
20120835793,10/15/2012 7:25,1,0,0,N,N,411429,5,SIDESWIPE - SAME DIRECTION,1,NO ADVERSE CONDITIONS,1,DAYLIGHT,50,DEER (ANIMAL),MM 198 & I40 E,,TN,,,,,,
20120838113,10/16/2012 7:05,1,0,0,N,N,224960,2,HEAD-ON,1,NO ADVERSE CONDITIONS,1,DAYLIGHT,50,DEER (ANIMAL),ASHLAND CITY HWY & OLD HICKORY BLVD,NASHVILLE,TN,37218,3341,NORTH,36.2115,-86.921,"(36.2115, -86.921)"
20120840128,10/17/2012 0:42,1,1,0,N,N,887598,2,HEAD-ON,1,NO ADVERSE CONDITIONS,2,DARK - NOT LIGHTED,50,DEER (ANIMAL),I 40 E & HWY 70 S,NASHVILLE,TN,37221,4806,WEST,36.0812,-86.9562,"(36.0812, -86.9562)"
20120842311,10/17/2012 19:12,1,0,0,N,N,714629,0,NOT COLLISION W/MOTOR VEHICLE-TRANSPORT,1,NO ADVERSE CONDITIONS,2,DARK - NOT LIGHTED,50,DEER (ANIMAL),2629 PENNINGTON AVE,NASHVILLE,TN,37216,1405,EAST,36.1963,-86.7306,"(36.1963, -86.7306)"
20120842545,10/17/2012 21:17,1,0,0,N,N,887594,0,NOT COLLISION W/MOTOR VEHICLE-TRANSPORT,1,NO ADVERSE CONDITIONS,3,DARK - LIGHTED,50,DEER (ANIMAL),CLARKSVILLE PIKE & SIMPKINS RD,WHITES CREEK,TN,37189,3241,NORTH,36.2687,-86.8599,"(36.2687, -86.8599)"
20120845156,10/18/2012 18:26,1,0,0,N,N,807594,0,NOT COLLISION W/MOTOR VEHICLE-TRANSPORT,1,NO ADVERSE CONDITIONS,1,DAYLIGHT,50,DEER (ANIMAL),I 24 E & OLD HICKORY BLVD,ANTIOCH,TN,37013,8702,SOUTH,36.0142,-86.6205,"(36.0142, -86.6205)"
20120848904,10/20/2012 0:21,1,0,0,N,N,834809,0,NOT COLLISION W/MOTOR VEHICLE-TRANSPORT,1,NO ADVERSE CONDITIONS,2,DARK - NOT LIGHTED,50,DEER (ANIMAL),LICKTON PIKE & LOWER WALKERS CREEK RD,GOODLETTSVILLE,TN,37072,2203,MADISO,36.3429,-86.7566,"(36.3429, -86.7566)"
20120849704,10/20/2012 9:30,1,0,0,N,N,475122,0,NOT COLLISION W/MOTOR VEHICLE-TRANSPORT,1,NO ADVERSE CONDITIONS,1,DAYLIGHT,50,DEER (ANIMAL),2201 OLD HICKORY BLVD,OLD HICKORY,TN,37138,9711,HERMIT,36.2482,-86.6421,"(36.2482, -86.6421)"
20120852002,10/21/2012 10:40,1,0,0,N,N,332215,2,HEAD-ON,1,NO ADVERSE CONDITIONS,1,DAYLIGHT,50,DEER (ANIMAL),8304 RIVER ROAD PIKE,NASHVILLE,TN,37209,4705,WEST,36.1969,-86.9693,"(36.1969, -86.9693)"
20120852739,10/21/2012 20:22,1,0,0,N,N,429185,0,NOT COLLISION W/MOTOR VEHICLE-TRANSPORT,1,NO ADVERSE CONDITIONS,2,DARK - NOT LIGHTED,50,DEER (ANIMAL),BELL RD & DODSON CHAPEL RD,HERMITAGE,TN,37076,9501,HERMIT,36.1633,-86.6131,"(36.1633, -86.6131)"
20120853793,10/22/2012 8:15,1,0,0,N,N,402668,0,NOT COLLISION W/MOTOR VEHICLE-TRANSPORT,1,NO ADVERSE CONDITIONS,1,DAYLIGHT,50,DEER (ANIMAL),MURFREESBORO & MT VIEW,NASHVILLE,TN,,,,,,
20120855305,10/22/2012 21:25,1,0,0,N,N,665896,0,NOT COLLISION W/MOTOR VEHICLE-TRANSPORT,1,NO ADVERSE CONDITIONS,3,DARK - LIGHTED,50,DEER (ANIMAL),HILLS LN & OLD HICKORY BLVD,OLD HICKORY,TN,37138,9739,HERMIT,36.2057,-86.6224,"(36.2057, -86.6224)"
20120856734,10/23/2012 10:05,1,0,0,N,N,876597,0,NOT COLLISION W/MOTOR VEHICLE-TRANSPORT,1,NO ADVERSE CONDITIONS,1,DAYLIGHT,50,DEER (ANIMAL),ASHLAND CITY HWY & BRILEY PKWY N,NASHVILLE,TN,37218,31040,NORTH,36.2098,-86.8716,"(36.2098, -86.8716)"
20120858127,10/23/2012 20:34,1,1,0,N,N,725756,2,HEAD-ON,1,NO ADVERSE CONDITIONS,2,DARK - NOT LIGHTED,50,DEER (ANIMAL),CHARLOTTE PIKE & HWY 70,NASHVILLE,TN,37221,4713,WEST,36.0917,-86.9812,"(36.0917, -86.9812)"
20120860190,10/24/2012 14:03,1,0,0,N,N,802994,0,NOT COLLISION W/MOTOR VEHICLE-TRANSPORT,1,NO ADVERSE CONDITIONS,1,DAYLIGHT,50,DEER (ANIMAL),I40 E & OLD HICKORY BLVD,,TN,,,,,,
20120862192,10/25/2012 6:51,1,0,0,N,N,459042,2,HEAD-ON,1,NO ADVERSE CONDITIONS,1,DAYLIGHT,50,DEER (ANIMAL),1229 SPRINGFIELD HWY,GOODLETTSVILLE,TN,37072,2219,MADISO,36.3625,-86.7299,"(36.3625, -86.7299)"
20120862418,10/25/2012 9:15,1,0,0,N,N,226975,0,NOT COLLISION W/MOTOR VEHICLE-TRANSPORT,1,NO ADVERSE CONDITIONS,1,DAYLIGHT,50,DEER (ANIMAL),ASHEFORD TRCE & MT VIEW RD,ANTIOCH,TN,37013,8865,SOUTH,36.0453,-86.6284,"(36.0453, -86.6284)"
20120862524,10/25/2012 10:15,1,0,0,N,N,887593,0,NOT COLLISION W/MOTOR VEHICLE-TRANSPORT,1,NO ADVERSE CONDITIONS,1,DAYLIGHT,50,DEER (ANIMAL),NOLENSVILLE PIKE & SUGAR VALLEY DR,NASHVILLE,TN,37211,8651,MIDTOW,36.0154,-86.7057,"(36.0154, -86.7057)"
20120863461,10/25/2012 17:50,1,1,0,N,N,420035,4,ANGLE,1,NO ADVERSE CONDITIONS,1,DAYLIGHT,50,DEER (ANIMAL),647 MYATT DR,MADISON,TN,37115,1721,MADISO,36.2919,-86.6944,"(36.2919, -86.6944)"
20120863776,10/25/2012 20:30,1,0,0,N,N,876591,0,NOT COLLISION W/MOTOR VEHICLE-TRANSPORT,1,NO ADVERSE CONDITIONS,2,DARK - NOT LIGHTED,50,DEER (ANIMAL),I 24 W & WHITES CREEK PIKE,JOELTON,TN,37080,2309,NORTH,36.3244,-86.8685,"(36.3244, -86.8685)"
20120866704,10/26/2012 19:49,1,0,0,N,N,596389,0,NOT COLLISION W/MOTOR VEHICLE-TRANSPORT,2,RAIN,2,DARK - NOT LIGHTED,50,DEER (ANIMAL),8350 HWY 70,NASHVILLE,TN,37221,4709,WEST,36.0917,-86.9838,"(36.0917, -86.9838)"
20120867245,10/26/2012 23:00,1,0,0,N,N,834801,0,NOT COLLISION W/MOTOR VEHICLE-TRANSPORT,2,RAIN,3,DARK - LIGHTED,50,DEER (ANIMAL),CORPORATE PL & HEIL QUAKER BLVD,ANTIOCH,TN,37013,8869,SOUTH,36.0174,-86.6073,"(36.0174, -86.6073)"
20120867969,10/27/2012 5:23,1,0,0,N,N,716896,0,NOT COLLISION W/MOTOR VEHICLE-TRANSPORT,1,NO ADVERSE CONDITIONS,2,DARK - NOT LIGHTED,50,DEER (ANIMAL),HWY 100 & HWY 96,NASHVILLE,TN,37221,4805,WEST,36.0175,-87.0309,"(36.0175, -87.0309)"
20120869677,10/27/2012 21:50,1,0,0,N,N,633380,0,NOT COLLISION W/MOTOR VEHICLE-TRANSPORT,1,NO ADVERSE CONDITIONS,3,DARK - LIGHTED,50,DEER (ANIMAL),2781 PENNINGTON BEND RD,NASHVILLE,TN,37214,9315,HERMIT,36.2176,-86.6891,"(36.2176, -86.6891)"
20120870721,10/28/2012 8:30,1,0,0,N,N,876597,0,NOT COLLISION W/MOTOR VEHICLE-TRANSPORT,1,NO ADVERSE CONDITIONS,1,DAYLIGHT,50,DEER (ANIMAL),ASHLAND CITY HWY & WINDSTAR DR,,TN,,,,,,
20120872447,10/29/2012 1:49,1,0,0,N,N,46885,4,ANGLE,1,NO ADVERSE CONDITIONS,3,DARK - LIGHTED,50,DEER (ANIMAL),HIGHLAND WAY & OLD HICKORY BLVD,NASHVILLE,TN,37211,8653,MIDTOW,36.0397,-86.7392,"(36.0397, -86.7392)"
20120873319,10/29/2012 10:30,1,2,0,N,N,717625,0,NOT COLLISION W/MOTOR VEHICLE-TRANSPORT,1,NO ADVERSE CONDITIONS,1,DAYLIGHT,50,DEER (ANIMAL),BRICK CHURCH PIKE & W TRINITY LN,NASHVILLE,TN,37207,3003,NORTH,36.2066,-86.7779,"(36.2066, -86.7779)"
20120874080,10/29/2012 15:58,1,0,0,N,N,807338,0,NOT COLLISION W/MOTOR VEHICLE-TRANSPORT,1,NO ADVERSE CONDITIONS,1,DAYLIGHT,50,DEER (ANIMAL),6553 BURKITT RD,NOLENSVILLE,TN,37135,8773,SOUTH,35.9902,-86.6391,"(35.9902, -86.6391)"