Accident Number,Date and Time,Number of Motor Vehicles,Number of Injuries,Number of Fatalities,Property Damage,Hit and Run,Reporting Officer,Collision Type Code,Collision Type Description,Weather Code,Weather Description,Illumination Code,Illumination Description,Harmful Code,Harmful Code Description,Street Address,City,State,ZIP,RPA,Precinct,Latitude,Longitude,Mapped Location
20120874885,10/29/2012 21:25,1,0,0,N,N,596389,0,NOT COLLISION W/MOTOR VEHICLE-TRANSPORT,1,NO ADVERSE CONDITIONS,2,DARK - NOT LIGHTED,50,DEER (ANIMAL),HWY 100 & HWY 100,NASHVILLE,TN,37205,6209,WEST,36.0989,-86.8719,"(36.0989, -86.8719)"
20120875703,10/30/2012 4:15,1,0,0,N,N,627,0,NOT COLLISION W/MOTOR VEHICLE-TRANSPORT,1,NO ADVERSE CONDITIONS,2,DARK - NOT LIGHTED,50,DEER (ANIMAL),AMY LYNN DR & ASHLAND CITY HWY,NASHVILLE,TN,37218,3235,NORTH,36.2103,-86.8784,"(36.2103, -86.8784)"
20120875964,10/30/2012 6:30,1,0,0,N,N,226622,2,HEAD-ON,1,NO ADVERSE CONDITIONS,1,DAYLIGHT,50,DEER (ANIMAL),HWY 70 & MCCRORY LN,NASHVILLE,TN,37221,4713,WEST,36.0934,-87.0231,"(36.0934, -87.0231)"
20120877531,10/30/2012 19:14,1,0,0,N,N,755027,0,NOT COLLISION W/MOTOR VEHICLE-TRANSPORT,1,NO ADVERSE CONDITIONS,2,DARK - NOT LIGHTED,50,DEER (ANIMAL),BELL RD & HARBOR LIGHTS DR,NASHVILLE,TN,37217,8935,HERMIT,36.0939,-86.6249,"(36.0939, -86.6249)"
20120877688,10/30/2012 19:50,1,1,0,N,N,224486,0,NOT COLLISION W/MOTOR VEHICLE-TRANSPORT,1,NO ADVERSE CONDITIONS,2,DARK - NOT LIGHTED,50,DEER (ANIMAL),14184 OLD HICKORY BLVD,ANTIOCH,TN,37013,8761,SOUTH,36.0143,-86.6765,"(36.0143, -86.6765)"
20120877677,10/30/2012 20:21,1,0,0,N,N,596389,0,NOT COLLISION W/MOTOR VEHICLE-TRANSPORT,1,NO ADVERSE CONDITIONS,5,DUSK,50,DEER (ANIMAL),ARCO DR & TYNE BLVD,NASHVILLE,TN,37215,6205,WEST,36.0823,-86.847,"(36.0823, -86.847)"
20120878925,10/31/2012 5:39,1,0,0,N,N,420046,0,NOT COLLISION W/MOTOR VEHICLE-TRANSPORT,1,NO ADVERSE CONDITIONS,2,DARK - NOT LIGHTED,50,DEER (ANIMAL),6689 OLD HICKORY BLVD,WHITES CREEK,TN,37189,3305,NORTH,36.2818,-86.8549,"(36.2818, -86.8549)"
20120879081,10/31/2012 7:20,1,0,0,N,N,226306,0,NOT COLLISION W/MOTOR VEHICLE-TRANSPORT,1,NO ADVERSE CONDITIONS,1,DAYLIGHT,50,DEER (ANIMAL),CEDAR FOREST DR & SAWYER BROWN RD,NASHVILLE,TN,37221,4815,WEST,36.1024,-86.931,"(36.1024, -86.931)"
20120879074,10/31/2012 7:21,1,0,0,N,N,493307,2,HEAD-ON,1,NO ADVERSE CONDITIONS,1,DAYLIGHT,50,DEER (ANIMAL),HWY 70 & NEWSOM STATION RD,NASHVILLE,TN,37221,4713,WEST,36.0916,-86.987,"(36.0916, -86.987)"
20120881124,10/31/2012 21:31,1,0,0,N,N,556885,0,NOT COLLISION W/MOTOR VEHICLE-TRANSPORT,1,NO ADVERSE CONDITIONS,2,DARK - NOT LIGHTED,50,DEER (ANIMAL),BATTLE RD & CAROTHERS RD,NOLENSVILLE,TN,37135,8773,SOUTH,35.9848,-86.6261,"(35.9848, -86.6261)"
20120882052,11/1/2012 5:42,1,0,0,N,N,633391,0,NOT COLLISION W/MOTOR VEHICLE-TRANSPORT,1,NO ADVERSE CONDITIONS,2,DARK - NOT LIGHTED,50,DEER (ANIMAL),BEVERLY HILLS DR & HWY 70,NASHVILLE,TN,37221,4713,WEST,36.0972,-87.0326,"(36.0972, -87.0326)"
20120882153,11/1/2012 6:15,1,0,0,N,N,225805,0,NOT COLLISION W/MOTOR VEHICLE-TRANSPORT,1,NO ADVERSE CONDITIONS,2,DARK - NOT LIGHTED,50,DEER (ANIMAL),854 PRESTON RD,ANTIOCH,TN,37013,8763,SOUTH,36.0276,-86.6627,"(36.0276, -86.6627)"
20120882346,11/1/2012 8:50,1,0,0,N,N,226622,2,HEAD-ON,1,NO ADVERSE CONDITIONS,2,DARK - NOT LIGHTED,50,DEER (ANIMAL),INDIAN CREEK RD & RIVER ROAD PIKE,NASHVILLE,TN,37209,4707,WEST,36.1397,-86.9554,"(36.1397, -86.9554)"
20120884344,11/2/2012 0:04,1,0,0,N,N,620062,0,NOT COLLISION W/MOTOR VEHICLE-TRANSPORT,1,NO ADVERSE CONDITIONS,2,DARK - NOT LIGHTED,50,DEER (ANIMAL),5231 OLD HICKORY BLVD,HERMITAGE,TN,37076,9531,HERMIT,36.1896,-86.6149,"(36.1896, -86.6149)"
20120884783,11/2/2012 2:31,1,0,0,N,N,468044,4,ANGLE,1,NO ADVERSE CONDITIONS,3,DARK - LIGHTED,50,DEER (ANIMAL),1568 BELL RD,ANTIOCH,TN,37013,8755,SOUTH,36.0446,-86.6948,"(36.0446, -86.6948)"
20120885596,11/2/2012 8:55,1,0,0,N,N,226622,0,NOT COLLISION W/MOTOR VEHICLE-TRANSPORT,1,NO ADVERSE CONDITIONS,1,DAYLIGHT,50,DEER (ANIMAL),8201 MCCRORY LN,NASHVILLE,TN,37221,4801,WEST,36.0738,-87.0096,"(36.0738, -87.0096)"
20120886743,11/2/2012 18:30,1,0,0,N,N,596389,0,NOT COLLISION W/MOTOR VEHICLE-TRANSPORT,1,NO ADVERSE CONDITIONS,2,DARK - NOT LIGHTED,50,DEER (ANIMAL),HILLSBORO PIKE & TIMBERWOOD PL,NASHVILLE,TN,37215,6303,MIDTOW,36.0628,-86.8493,"(36.0628, -86.8493)"
20120888237,11/3/2012 5:14,1,0,0,N,N,887585,0,NOT COLLISION W/MOTOR VEHICLE-TRANSPORT,1,NO ADVERSE CONDITIONS,2,DARK - NOT LIGHTED,50,DEER (ANIMAL),I 40 E & STEWARTS FERRY PIKE,NASHVILLE,TN,37214,89062,HERMIT,36.1557,-86.6291,"(36.1557, -86.6291)"
20120888385,11/3/2012 6:40,1,0,0,N,N,429188,0,NOT COLLISION W/MOTOR VEHICLE-TRANSPORT,1,NO ADVERSE CONDITIONS,4,DAWN,50,DEER (ANIMAL),BRILEY PKWY S & MCGAVOCK PIKE,NASHVILLE,TN,37214,9292,HERMIT,36.2166,-86.6926,"(36.2166, -86.6926)"
20120891501,11/4/2012 15:41,1,0,0,N,N,591933,0,NOT COLLISION W/MOTOR VEHICLE-TRANSPORT,1,NO ADVERSE CONDITIONS,1,DAYLIGHT,50,DEER (ANIMAL),KINGS LN & SHADY DALE RD,NASHVILLE,TN,37218,3165,NORTH,36.2171,-86.851,"(36.2171, -86.851)"
20120892436,11/5/2012 0:34,1,0,0,N,N,774758,0,NOT COLLISION W/MOTOR VEHICLE-TRANSPORT,1,NO ADVERSE CONDITIONS,1,DAYLIGHT,50,DEER (ANIMAL),I 54 & OLD HICKORY,NASHVILLE,TN,,,,,,
20120894399,11/5/2012 17:25,1,0,0,N,N,687811,2,HEAD-ON,2,RAIN,5,DUSK,50,DEER (ANIMAL),GRANNY WRIGHT LN & HOBSON PIKE,HERMITAGE,TN,37076,8913,SOUTH,36.1087,-86.549,"(36.1087, -86.549)"
20120895900,11/6/2012 6:48,1,0,0,N,N,224895,0,NOT COLLISION W/MOTOR VEHICLE-TRANSPORT,2,RAIN,1,DAYLIGHT,50,DEER (ANIMAL),5837 WOODLANDS AVE,NASHVILLE,TN,37211,8651,MIDTOW,36.04,-86.725,"(36.04, -86.725)"
20120895809,11/6/2012 6:50,1,0,0,N,N,226214,2,HEAD-ON,1,NO ADVERSE CONDITIONS,1,DAYLIGHT,50,DEER (ANIMAL),BRICK CHURCH PIKE & OLD HICKORY BLVD,NASHVILLE,TN,37207,2103,MADISO,36.2796,-86.7836,"(36.2796, -86.7836)"
20120895803,11/6/2012 7:05,1,0,0,N,N,226622,4,ANGLE,1,NO ADVERSE CONDITIONS,5,DUSK,50,DEER (ANIMAL),5836 HILLSBORO PIKE,NASHVILLE,TN,37215,6307,MIDTOW,36.076,-86.839,"(36.076, -86.839)"
20120900617,11/7/2012 0:50,1,0,0,N,N,714635,4,ANGLE,1,NO ADVERSE CONDITIONS,2,DARK - NOT LIGHTED,50,DEER (ANIMAL),I 40 W & STEWARTS FERRY PIKE,NASHVILLE,TN,37214,94022,HERMIT,36.1558,-86.6294,"(36.1558, -86.6294)"
20120899084,11/7/2012 8:45,1,1,0,N,N,226861,0,NOT COLLISION W/MOTOR VEHICLE-TRANSPORT,1,NO ADVERSE CONDITIONS,1,DAYLIGHT,50,DEER (ANIMAL),BERWICK TRL & HOWSE AVE,MADISON,TN,37115,1601,MADISO,36.2474,-86.7002,"(36.2474, -86.7002)"
20120899627,11/7/2012 13:14,1,1,0,N,N,224640,0,NOT COLLISION W/MOTOR VEHICLE-TRANSPORT,1,NO ADVERSE CONDITIONS,1,DAYLIGHT,50,DEER (ANIMAL),2151 SMITH SPRINGS RD,NASHVILLE,TN,37217,8935,HERMIT,36.0967,-86.6461,"(36.0967, -86.6461)"
20120900407,11/7/2012 18:56,1,0,0,N,N,725756,0,NOT COLLISION W/MOTOR VEHICLE-TRANSPORT,1,NO ADVERSE CONDITIONS,2,DARK - NOT LIGHTED,50,DEER (ANIMAL),OLD HICKORY BLVD & RIVER OAKS RD,NASHVILLE,TN,37215,6305,MIDTOW,36.0419,-86.8248,"(36.0419, -86.8248)"
20120906936,11/9/2012 18:00,1,0,0,N,N,633383,0,NOT COLLISION W/MOTOR VEHICLE-TRANSPORT,1,NO ADVERSE CONDITIONS,2,DARK - NOT LIGHTED,50,DEER (ANIMAL),ASHLAND CITY HWY & BULL RUN RD,NASHVILLE,TN,37218,3325,NORTH,36.2187,-86.9772,"(36.2187, -86.9772)"
20120908287,11/10/2012 2:27,1,0,0,N,N,262725,0,NOT COLLISION W/MOTOR VEHICLE-TRANSPORT,1,NO ADVERSE CONDITIONS,2,DARK - NOT LIGHTED,50,DEER (ANIMAL),I 40 W & DONELSON PIKE,NASHVILLE,TN,37214,9102,HERMIT,36.1414,-86.6665,"(36.1414, -86.6665)"
20120909547,11/10/2012 17:10,1,1,0,N,N,870648,2,HEAD-ON,1,NO ADVERSE CONDITIONS,5,DUSK,50,DEER (ANIMAL),GRANDVILLE BLVD & OLD HICKORY BLVD,NASHVILLE,TN,37207,2103,MADISO,36.279,-86.7741,"(36.279, -86.7741)"
20120909672,11/10/2012 18:17,1,0,0,N,N,716886,2,HEAD-ON,1,NO ADVERSE CONDITIONS,2,DARK - NOT LIGHTED,50,DEER (ANIMAL),BELL RD & BLUE HOLE RD,ANTIOCH,TN,37013,8721,SOUTH,36.0457,-86.6744,"(36.0457, -86.6744)"
20120909882,11/10/2012 19:35,1,0,0,N,N,727212,0,NOT COLLISION W/MOTOR VEHICLE-TRANSPORT,1,NO ADVERSE CONDITIONS,2,DARK - NOT LIGHTED,50,DEER (ANIMAL),MURFREESBORO PIKE & OLD HICKORY BLVD,ANTIOCH,TN,37013,8869,SOUTH,36.0392,-86.6028,"(36.0392, -86.6028)"
20120910062,11/10/2012 21:20,1,0,0,N,N,769382,0,NOT COLLISION W/MOTOR VEHICLE-TRANSPORT,1,NO ADVERSE CONDITIONS,3,DARK - LIGHTED,50,DEER (ANIMAL),MT VIEW RD & MURFREESBORO PIKE,ANTIOCH,TN,37013,8927,SOUTH,36.0543,-86.6187,"(36.0543, -86.6187)"
20120910148,11/10/2012 21:49,1,1,0,N,N,735027,1,REAR END,1,NO ADVERSE CONDITIONS,2,DARK - NOT LIGHTED,50,DEER (ANIMAL),MURFREESBORO PIKE & OLD HICKORY BLVD,ANTIOCH,TN,37013,8869,SOUTH,36.0392,-86.6028,"(36.0392, -86.6028)"
20120913805,11/12/2012 7:55,1,0,0,N,N,834817,0,NOT COLLISION W/MOTOR VEHICLE-TRANSPORT,2,RAIN,1,DAYLIGHT,50,DEER (ANIMAL),HWY 70 S & OLD HICKORY BLVD,NASHVILLE,TN,37205,4903,WEST,36.0745,-86.9209,"(36.0745, -86.9209)"
20120913993,11/12/2012 9:43,1,0,0,N,N,226861,0,NOT COLLISION W/MOTOR VEHICLE-TRANSPORT,2,RAIN,1,DAYLIGHT,50,DEER (ANIMAL),I 24 W & BRILEY PKWY N,NASHVILLE,TN,37211,88122,SOUTH,36.1096,-86.7215,"(36.1096, -86.7215)"
20120915159,11/12/2012 18:15,1,0,0,N,N,824946,4,ANGLE,1,NO ADVERSE CONDITIONS,3,DARK - LIGHTED,50,DEER (ANIMAL),ASHLAND CITY HWY & OLD HICKORY BLVD,NASHVILLE,TN,37218,3341,NORTH,36.2115,-86.921,"(36.2115, -86.921)"
20120915121,11/12/2012 18:17,1,0,0,N,N,728062,0,NOT COLLISION W/MOTOR VEHICLE-TRANSPORT,1,NO ADVERSE CONDITIONS,2,DARK - NOT LIGHTED,50,DEER (ANIMAL),GAYLEMORE DR & SPRINGFIELD HWY,GOODLETTSVILLE,TN,37072,2201,MADISO,36.3655,-86.7339,"(36.3655, -86.7339)"
20120915235,11/12/2012 18:45,1,0,0,N,N,876582,0,NOT COLLISION W/MOTOR VEHICLE-TRANSPORT,1,NO ADVERSE CONDITIONS,2,DARK - NOT LIGHTED,50,DEER (ANIMAL),ANNEX AVE & CHARLOTTE PIKE,NASHVILLE,TN,37209,5023,WEST,36.1391,-86.8806,"(36.1391, -86.8806)"
20120915584,11/12/2012 21:20,1,0,0,N,N,714630,0,NOT COLLISION W/MOTOR VEHICLE-TRANSPORT,1,NO ADVERSE CONDITIONS,3,DARK - LIGHTED,50,DEER (ANIMAL),7990 POPLAR CREEK RD,NASHVILLE,TN,37221,4811,WEST,36.0549,-86.9571,"(36.0549, -86.9571)"
20120915897,11/13/2012 0:25,1,0,0,N,N,716879,0,NOT COLLISION W/MOTOR VEHICLE-TRANSPORT,99,UNKNOWN,3,DARK - LIGHTED,50,DEER (ANIMAL),AUTUMN CHASE DR & MCGAVOCK PIKE,NASHVILLE,TN,37214,9317,HERMIT,36.192,-86.6737,"(36.192, -86.6737)"
20120916567,11/13/2012 5:10,1,0,0,N,N,468062,0,NOT COLLISION W/MOTOR VEHICLE-TRANSPORT,1,NO ADVERSE CONDITIONS,3,DARK - LIGHTED,50,DEER (ANIMAL),BELL RD & HARBOR LIGHTS DR,NASHVILLE,TN,37217,8935,HERMIT,36.0939,-86.6249,"(36.0939, -86.6249)"
20120917644,11/13/2012 14:12,2,0,0,N,N,553957,0,NOT COLLISION W/MOTOR VEHICLE-TRANSPORT,1,NO ADVERSE CONDITIONS,1,DAYLIGHT,50,DEER (ANIMAL),OLD HICKORY BLVD & SHUTE LN,OLD HICKORY,TN,37138,9605,HERMIT,36.2323,-86.6247,"(36.2323, -86.6247)"
20120918390,11/13/2012 19:40,1,1,0,N,N,755027,0,NOT COLLISION W/MOTOR VEHICLE-TRANSPORT,1,NO ADVERSE CONDITIONS,2,DARK - NOT LIGHTED,50,DEER (ANIMAL),BELL RD & NED SHELTON RD,NASHVILLE,TN,37217,8987,HERMIT,36.1072,-86.6298,"(36.1072, -86.6298)"
20120919833,11/14/2012 6:45,1,0,0,N,N,226973,0,NOT COLLISION W/MOTOR VEHICLE-TRANSPORT,1,NO ADVERSE CONDITIONS,1,DAYLIGHT,50,DEER (ANIMAL),HWY 100 & OLD HICKORY BLVD,NASHVILLE,TN,37221,6211,WEST,36.0623,-86.9046,"(36.0623, -86.9046)"
20120921264,11/14/2012 18:09,1,1,0,N,N,420035,2,HEAD-ON,1,NO ADVERSE CONDITIONS,3,DARK - LIGHTED,50,DEER (ANIMAL),I 65 N & OLD HICKORY BLVD,BRENTWOOD,TN,37027,86040,MIDTOW,36.039,-86.7826,"(36.039, -86.7826)"
20120921398,11/14/2012 18:27,1,0,0,N,N,223380,2,HEAD-ON,1,NO ADVERSE CONDITIONS,3,DARK - LIGHTED,50,DEER (ANIMAL),LENOX CREEKSIDE DR & NOLENSVILLE PIKE,NASHVILLE,TN,37211,8651,MIDTOW,36.0111,-86.7027,"(36.0111, -86.7027)"
20120924911,11/15/2012 21:31,1,0,0,N,N,596389,0,NOT COLLISION W/MOTOR VEHICLE-TRANSPORT,1,NO ADVERSE CONDITIONS,2,DARK - NOT LIGHTED,50,DEER (ANIMAL),8350 HWY 70,NASHVILLE,TN,37221,4709,WEST,36.0917,-86.9838,"(36.0917, -86.9838)"
20120928011,11/16/2012 22:25,1,0,0,N,N,824608,0,NOT COLLISION W/MOTOR VEHICLE-TRANSPORT,1,NO ADVERSE CONDITIONS,2,DARK - NOT LIGHTED,50,DEER (ANIMAL),I 24 E & HICKORY HOLLOW PKWY,ANTIOCH,TN,37013,8704,SOUTH,36.0394,-86.6491,"(36.0394, -86.6491)"
20120928865,11/17/2012 6:50,1,0,0,N,N,493307,0,NOT COLLISION W/MOTOR VEHICLE-TRANSPORT,1,NO ADVERSE CONDITIONS,1,DAYLIGHT,50,DEER (ANIMAL),HWY 100 & HWY 96,NASHVILLE,TN,37221,4805,WEST,36.0175,-87.0309,"(36.0175, -87.0309)"
20120928973,11/17/2012 8:39,1,0,0,N,N,648799,0,NOT COLLISION W/MOTOR VEHICLE-TRANSPORT,1,NO ADVERSE CONDITIONS,1,DAYLIGHT,50,DEER (ANIMAL),BELL RD & HICKORY HIGHLANDS DR,ANTIOCH,TN,37013,8861,SOUTH,36.0606,-86.64,"(36.0606, -86.64)"
20120928999,11/17/2012 8:58,1,0,0,N,N,728072,0,NOT COLLISION W/MOTOR VEHICLE-TRANSPORT,1,NO ADVERSE CONDITIONS,1,DAYLIGHT,50,DEER (ANIMAL),EXIT 18B BRILEY E,NASHVILLE,TN,37207,30080,NORTH,36.237,-86.7904,"(36.237, -86.7904)"
20120929949,11/17/2012 18:47,1,1,0,N,N,633383,0,NOT COLLISION W/MOTOR VEHICLE-TRANSPORT,1,NO ADVERSE CONDITIONS,2,DARK - NOT LIGHTED,50,DEER (ANIMAL),BRILEY PKWY E & WHITES CREEK PIKE,NASHVILLE,TN,37207,3010,NORTH,36.2339,-86.8152,"(36.2339, -86.8152)"
20120931568,11/18/2012 10:35,2,0,0,N,N,224794,4,ANGLE,1,NO ADVERSE CONDITIONS,1,DAYLIGHT,50,DEER (ANIMAL),4203 DODSON CHAPEL RD,HERMITAGE,TN,37076,9561,HERMIT,36.1827,-86.6112,"(36.1827, -86.6112)"
20120932243,11/18/2012 18:50,1,0,0,N,N,876581,2,HEAD-ON,1,NO ADVERSE CONDITIONS,3,DARK - LIGHTED,50,DEER (ANIMAL),SPRINGFIELD HWY & TINNIN RD,GOODLETTSVILLE,TN,37072,2219,MADISO,36.3691,-86.7391,"(36.3691, -86.7391)"
20120932286,11/18/2012 19:07,1,0,0,N,N,755027,0,NOT COLLISION W/MOTOR VEHICLE-TRANSPORT,1,NO ADVERSE CONDITIONS,3,DARK - LIGHTED,50,DEER (ANIMAL),BELL RD & WOODLAND POINTE DR,,,,,,,,
20120932500,11/18/2012 21:40,1,0,0,N,N,799016,4,ANGLE,1,NO ADVERSE CONDITIONS,2,DARK - NOT LIGHTED,50,DEER (ANIMAL),BELL RD & BLUE HOLE RD,ANTIOCH,TN,37013,8721,SOUTH,36.0457,-86.6744,"(36.0457, -86.6744)"
20120932822,11/18/2012 22:05,1,0,0,N,N,556885,2,HEAD-ON,1,NO ADVERSE CONDITIONS,2,DARK - NOT LIGHTED,50,DEER (ANIMAL),BARNES RD & BLACKPOOL DR,ANTIOCH,TN,37013,8757,SOUTH,36.0255,-86.6905,"(36.0255, -86.6905)"
20120932683,11/18/2012 23:21,1,0,0,N,N,828312,4,ANGLE,1,NO ADVERSE CONDITIONS,3,DARK - LIGHTED,50,DEER (ANIMAL),BRILEY PKWY N & LEBANON PIKE,NASHVILLE,TN,37214,9298,HERMIT,36.1684,-86.6883,"(36.1684, -86.6883)"
20120935088,11/19/2012 18:50,1,0,0,N,N,596389,0,NOT COLLISION W/MOTOR VEHICLE-TRANSPORT,1,NO ADVERSE CONDITIONS,2,DARK - NOT LIGHTED,50,DEER (ANIMAL),5915 RIVER RD,NASHVILLE,TN,37209,4701,WEST,36.1314,-86.9215,"(36.1314, -86.9215)"
20120935561,11/19/2012 22:44,1,1,0,N,N,262725,0,NOT COLLISION W/MOTOR VEHICLE-TRANSPORT,1,NO ADVERSE CONDITIONS,2,DARK - NOT LIGHTED,50,DEER (ANIMAL),COUCHVILLE PIKE & PLEASANT HILL RD,NASHVILLE,TN,37217,8941,HERMIT,36.1127,-86.6363,"(36.1127, -86.6363)"
20120936025,11/20/2012 2:45,1,0,0,N,N,468062,0,NOT COLLISION W/MOTOR VEHICLE-TRANSPORT,1,NO ADVERSE CONDITIONS,2,DARK - NOT LIGHTED,50,DEER (ANIMAL),GRANNY WRIGHT LN & HOBSON PIKE,HERMITAGE,TN,37076,8913,SOUTH,36.1087,-86.549,"(36.1087, -86.549)"
20120936413,11/20/2012 6:04,1,0,0,N,N,262725,0,NOT COLLISION W/MOTOR VEHICLE-TRANSPORT,1,NO ADVERSE CONDITIONS,2,DARK - NOT LIGHTED,50,DEER (ANIMAL),HAMILTON CHURCH RD & HOBSON PIKE,ANTIOCH,TN,37013,8907,SOUTH,36.0586,-86.5977,"(36.0586, -86.5977)"
20120936604,11/20/2012 8:15,1,0,0,N,N,223502,0,NOT COLLISION W/MOTOR VEHICLE-TRANSPORT,1,NO ADVERSE CONDITIONS,1,DAYLIGHT,50,DEER (ANIMAL),5240 EDMONDSON PIKE,NASHVILLE,TN,37211,8657,MIDTOW,36.0585,-86.7415,"(36.0585, -86.7415)"
20120937956,11/20/2012 18:48,1,0,0,N,N,595386,0,NOT COLLISION W/MOTOR VEHICLE-TRANSPORT,1,NO ADVERSE CONDITIONS,2,DARK - NOT LIGHTED,50,DEER (ANIMAL),HWY 100 & TEMPLE RD,NASHVILLE,TN,37221,4807,WEST,36.0455,-86.9506,"(36.0455, -86.9506)"
20120940909,11/21/2012 18:41,1,0,0,N,N,553957,2,HEAD-ON,1,NO ADVERSE CONDITIONS,2,DARK - NOT LIGHTED,50,DEER (ANIMAL),N NEW HOPE RD & AARONS CRESS BLVD,HERMITAGE,TN,37076,9541,HERMIT,36.1782,-86.5825,"(36.1782, -86.5825)"
20120941271,11/21/2012 22:51,1,0,0,N,N,405447,0,NOT COLLISION W/MOTOR VEHICLE-TRANSPORT,1,NO ADVERSE CONDITIONS,3,DARK - LIGHTED,50,DEER (ANIMAL),BELL RD & HICKORY HIGHLANDS DR,ANTIOCH,TN,37013,8861,SOUTH,36.0606,-86.64,"(36.0606, -86.64)"
20120942546,11/22/2012 13:17,1,0,0,N,N,226214,2,HEAD-ON,1,NO ADVERSE CONDITIONS,1,DAYLIGHT,50,DEER (ANIMAL),APPLE VALLEY RD & CONNARE DR,MADISON,TN,37115,1759,MADISO,36.2823,-86.7139,"(36.2823, -86.7139)"
20120945635,11/23/2012 19:35,1,0,0,N,N,876582,0,NOT COLLISION W/MOTOR VEHICLE-TRANSPORT,1,NO ADVERSE CONDITIONS,2,DARK - NOT LIGHTED,50,DEER (ANIMAL),I 40 E & HWY 70 S,NASHVILLE,TN,37221,4806,WEST,36.0812,-86.9562,"(36.0812, -86.9562)"
20120948482,11/24/2012 21:35,1,0,0,Y,N,716889,2,HEAD-ON,1,NO ADVERSE CONDITIONS,2,DARK - NOT LIGHTED,50,DEER (ANIMAL),SAUNDERSVILLE RD & SHUTE LN,OLD HICKORY,TN,37138,9721,HERMIT,36.2263,-86.6032,"(36.2263, -86.6032)"
20120951190,11/25/2012 21:59,1,0,0,N,N,752066,2,HEAD-ON,1,NO ADVERSE CONDITIONS,2,DARK - NOT LIGHTED,50,DEER (ANIMAL),930 INDUSTRIAL DR,OLD HICKORY,TN,37138,9611,HERMIT,36.2653,-86.6582,"(36.2653, -86.6582)"
20120951499,11/26/2012 0:42,1,0,0,N,N,714638,0,NOT COLLISION W/MOTOR VEHICLE-TRANSPORT,1,NO ADVERSE CONDITIONS,2,DARK - NOT LIGHTED,50,DEER (ANIMAL),I 40 E & STEWARTS FERRY PIKE,NASHVILLE,TN,37214,89062,HERMIT,36.1557,-86.6291,"(36.1557, -86.6291)"
20120952299,11/26/2012 6:15,1,0,0,Y,N,717625,0,NOT COLLISION W/MOTOR VEHICLE-TRANSPORT,1,NO ADVERSE CONDITIONS,1,DAYLIGHT,50,DEER (ANIMAL),OLD HICKORY BLVD & TIDWELL HOLLOW RD,NASHVILLE,TN,37218,3203,NORTH,36.1755,-86.9311,"(36.1755, -86.9311)"
20120952336,11/26/2012 7:30,1,0,0,N,N,267747,0,NOT COLLISION W/MOTOR VEHICLE-TRANSPORT,1,NO ADVERSE CONDITIONS,1,DAYLIGHT,50,DEER (ANIMAL),BRICK CHURCH PIKE & OLD HICKORY BLVD,NASHVILLE,TN,37207,2103,MADISO,36.2796,-86.7836,"(36.2796, -86.7836)"
20120955400,11/27/2012 9:31,1,1,0,N,N,224640,0,NOT COLLISION W/MOTOR VEHICLE-TRANSPORT,1,NO ADVERSE CONDITIONS,1,DAYLIGHT,50,DEER (ANIMAL),3089 ELM HILL PIKE,NASHVILLE,TN,37214,8945,HERMIT,36.142,-86.6425,"(36.142, -86.6425)"
20120960030,11/28/2012 18:59,1,0,0,N,N,1B24,0,NOT COLLISION W/MOTOR VEHICLE-TRANSPORT,1,NO ADVERSE CONDITIONS,1,DAYLIGHT,50,DEER (ANIMAL),OLD HICKORY BLVD & RACHELS LN,OLD HICKORY,TN,37138,9739,HERMIT,36.2125,-86.6227,"(36.2125, -86.6227)"
20120967816,12/1/2012 6:38,1,0,0,N,N,226057,2,HEAD-ON,1,NO ADVERSE CONDITIONS,2,DARK - NOT LIGHTED,50,DEER (ANIMAL),MORGAN RD & WHITES CREEK PIKE,JOELTON,TN,37080,2305,NORTH,36.3365,-86.87,"(36.3365, -86.87)"
20120968904,12/1/2012 17:46,1,0,0,N,N,727209,2,HEAD-ON,1,NO ADVERSE CONDITIONS,2,DARK - NOT LIGHTED,50,DEER (ANIMAL),4140 OLD HICKORY BLVD,OLD HICKORY,TN,37138,9717,HERMIT,36.2239,-86.6255,"(36.2239, -86.6255)"
20120970380,12/2/2012 6:00,1,0,0,N,N,714634,2,HEAD-ON,1,NO ADVERSE CONDITIONS,4,DAWN,50,DEER (ANIMAL),NOLENSVILLE PIKE & OLD HICKORY BLVD,NASHVILLE,TN,37211,8651,MIDTOW,36.0454,-86.7133,"(36.0454, -86.7133)"
20120970650,12/2/2012 9:00,1,0,0,N,N,834802,0,NOT COLLISION W/MOTOR VEHICLE-TRANSPORT,1,NO ADVERSE CONDITIONS,1,DAYLIGHT,50,DEER (ANIMAL),SAUNDERSVILLE RD & SHUTE LA,,TN,,9715,,,,
20120971547,12/2/2012 17:00,1,0,0,N,N,799013,2,HEAD-ON,1,NO ADVERSE CONDITIONS,2,DARK - NOT LIGHTED,50,DEER (ANIMAL),BELL RD & BLUE HOLE RD,ANTIOCH,TN,37013,8721,SOUTH,36.0457,-86.6744,"(36.0457, -86.6744)"
20120972060,12/2/2012 17:30,1,0,0,N,N,716877,0,NOT COLLISION W/MOTOR VEHICLE-TRANSPORT,1,NO ADVERSE CONDITIONS,3,DARK - LIGHTED,50,DEER (ANIMAL),OCTOBER WOODS DR & OLD HICKORY BLVD,ANTIOCH,TN,37013,8771,SOUTH,36.0092,-86.6217,"(36.0092, -86.6217)"