Accident Number,Date and Time,Number of Motor Vehicles,Number of Injuries,Number of Fatalities,Property Damage,Hit and Run,Reporting Officer,Collision Type Code,Collision Type Description,Weather Code,Weather Description,Illumination Code,Illumination Description,Harmful Code,Harmful Code Description,Street Address,City,State,ZIP,RPA,Precinct,Latitude,Longitude,Mapped Location
20120972186,12/3/2012 0:25,1,0,0,N,N,716877,0,NOT COLLISION W/MOTOR VEHICLE-TRANSPORT,1,NO ADVERSE CONDITIONS,3,DARK - LIGHTED,50,DEER (ANIMAL),BABY RUTH LN & MT VIEW RD,ANTIOCH,TN,37013,8863,SOUTH,36.0433,-86.6408,"(36.0433, -86.6408)"
20120975948,12/4/2012 9:00,1,0,0,N,N,433764,0,NOT COLLISION W/MOTOR VEHICLE-TRANSPORT,2,RAIN,1,DAYLIGHT,50,DEER (ANIMAL),CENTRAL PIKE & OLD HICKORY BLVD,HERMITAGE,TN,37076,9557,HERMIT,36.1736,-86.6022,"(36.1736, -86.6022)"
20120974040,12/4/2012 16:40,1,0,0,N,N,493318,0,NOT COLLISION W/MOTOR VEHICLE-TRANSPORT,1,NO ADVERSE CONDITIONS,1,DAYLIGHT,50,DEER (ANIMAL),RIVER RD & RIVER ROAD PIKE,NASHVILLE,TN,37209,4705,WEST,36.1347,-86.9302,"(36.1347, -86.9302)"
20120977019,12/4/2012 17:15,1,0,0,N,N,493318,0,NOT COLLISION W/MOTOR VEHICLE-TRANSPORT,2,RAIN,2,DARK - NOT LIGHTED,50,DEER (ANIMAL),7436 RIVER ROAD PIKE,NASHVILLE,TN,37209,4707,WEST,36.1478,-86.9514,"(36.1478, -86.9514)"
20120977132,12/4/2012 18:00,1,0,0,N,N,461089,0,NOT COLLISION W/MOTOR VEHICLE-TRANSPORT,1,NO ADVERSE CONDITIONS,3,DARK - LIGHTED,50,DEER (ANIMAL),ASHLAND CITY HWY & OLD HICKORY BLVD,NASHVILLE,TN,37218,3341,NORTH,36.2115,-86.921,"(36.2115, -86.921)"
20120977639,12/4/2012 22:52,1,0,0,Y,N,468064,0,NOT COLLISION W/MOTOR VEHICLE-TRANSPORT,99,UNKNOWN,2,DARK - NOT LIGHTED,50,DEER (ANIMAL),CENTRAL PIKE & LAKESIDE PL,HERMITAGE,TN,37076,9511,HERMIT,36.1763,-86.6159,"(36.1763, -86.6159)"
20120980637,12/5/2012 21:00,1,0,0,N,N,665896,0,NOT COLLISION W/MOTOR VEHICLE-TRANSPORT,1,NO ADVERSE CONDITIONS,2,DARK - NOT LIGHTED,50,DEER (ANIMAL),LEESA ANN LN & TULIP GROVE RD,HERMITAGE,TN,37076,9525,HERMIT,36.2051,-86.5901,"(36.2051, -86.5901)"
20120986401,12/7/2012 16:00,1,0,0,N,N,876590,4,ANGLE,1,NO ADVERSE CONDITIONS,2,DARK - NOT LIGHTED,50,DEER (ANIMAL),E TRINITY LN & ELLINGTON PKWY N,NASHVILLE,TN,37216,1821,EAST,36.2047,-86.7501,"(36.2047, -86.7501)"
20120988271,12/8/2012 7:00,1,0,0,N,N,556888,4,ANGLE,1,NO ADVERSE CONDITIONS,1,DAYLIGHT,50,DEER (ANIMAL),8201 MCCRORY LN,NASHVILLE,TN,37221,4801,WEST,36.0738,-87.0096,"(36.0738, -87.0096)"
20120991645,12/9/2012 17:41,1,0,0,N,N,226092,0,NOT COLLISION W/MOTOR VEHICLE-TRANSPORT,6,RAIN AND FOG,3,DARK - LIGHTED,50,DEER (ANIMAL),5321 ASHLAND CITY HWY,NASHVILLE,TN,37218,3327,NORTH,36.2065,-86.9386,"(36.2065, -86.9386)"
20120997711,12/11/2012 18:55,1,1,0,N,N,714630,0,NOT COLLISION W/MOTOR VEHICLE-TRANSPORT,1,NO ADVERSE CONDITIONS,3,DARK - LIGHTED,50,DEER (ANIMAL),8627 HWY 70,NASHVILLE,TN,37221,4713,WEST,36.0956,-87.0017,"(36.0956, -87.0017)"
20120999238,12/13/2012 9:00,1,0,0,N,N,453871,0,NOT COLLISION W/MOTOR VEHICLE-TRANSPORT,1,NO ADVERSE CONDITIONS,1,DAYLIGHT,50,DEER (ANIMAL),HWY 100 & OLD HICKORY BLVD,NASHVILLE,TN,37221,6211,WEST,36.0623,-86.9046,"(36.0623, -86.9046)"
20121016378,12/18/2012 7:15,2,0,0,N,Y,226099,4,ANGLE,1,NO ADVERSE CONDITIONS,1,DAYLIGHT,50,DEER (ANIMAL),4916 OLD HICKORY BLVD,NASHVILLE,TN,37218,3235,NORTH,36.2053,-86.9273,"(36.2053, -86.9273)"
20121030236,12/23/2012 9:56,1,0,0,N,N,224794,2,HEAD-ON,1,NO ADVERSE CONDITIONS,1,DAYLIGHT,50,DEER (ANIMAL),4665 CHANDLER RD,HERMITAGE,TN,37076,9513,HERMIT,36.1997,-86.5862,"(36.1997, -86.5862)"
20121040685,12/28/2012 6:08,1,0,0,N,N,676828,0,NOT COLLISION W/MOTOR VEHICLE-TRANSPORT,1,NO ADVERSE CONDITIONS,4,DAWN,50,DEER (ANIMAL),HILLSBORO PIKE & KINGSBURY DR,NASHVILLE,TN,37215,6205,WEST,36.064,-86.8478,"(36.064, -86.8478)"
20121042053,12/28/2012 17:11,1,0,0,N,N,620082,0,NOT COLLISION W/MOTOR VEHICLE-TRANSPORT,2,RAIN,1,DAYLIGHT,50,DEER (ANIMAL),CLARKSVILLE PIKE & RAWLINGS RD,JOELTON,TN,37080,3329,NORTH,36.3116,-86.8827,"(36.3116, -86.8827)"
20121047423,12/31/2012 2:54,1,0,0,N,N,876587,2,HEAD-ON,1,NO ADVERSE CONDITIONS,3,DARK - LIGHTED,50,DEER (ANIMAL),MT VIEW & BELLE OAKS,NASHVILLE,TN,,,,,,
20130000637,1/1/2013 6:00,1,0,0,N,N,224572,2,HEAD-ON,5,FOG,2,DARK - NOT LIGHTED,50,DEER (ANIMAL),HOBSON PIKE & MURFREESBORO PIKE,ANTIOCH,TN,37013,8867,SOUTH,36.0429,-86.6066,"(36.0429, -86.6066)"
20130004385,1/2/2013 17:33,1,0,0,N,N,224946,4,ANGLE,1,NO ADVERSE CONDITIONS,3,DARK - LIGHTED,50,DEER (ANIMAL),4700 WHITES CREEK PIKE,WHITES CREEK,TN,37189,3305,NORTH,36.2793,-86.8348,"(36.2793, -86.8348)"
20130006266,1/3/2013 6:15,1,0,0,Y,N,714648,0,NOT COLLISION W/MOTOR VEHICLE-TRANSPORT,1,NO ADVERSE CONDITIONS,3,DARK - LIGHTED,50,DEER (ANIMAL),KNIGHT DR & WHITES CREEK PIKE,NASHVILLE,TN,37207,3025,NORTH,36.2237,-86.8063,"(36.2237, -86.8063)"
20130007800,1/3/2013 17:54,1,0,0,N,N,461089,0,NOT COLLISION W/MOTOR VEHICLE-TRANSPORT,1,NO ADVERSE CONDITIONS,3,DARK - LIGHTED,50,DEER (ANIMAL),ASHLAND CITY HWY & BRILEY PKWY N,NASHVILLE,TN,37218,31040,NORTH,36.2098,-86.8716,"(36.2098, -86.8716)"
20130014573,1/5/2013 21:33,1,0,0,N,N,725756,0,NOT COLLISION W/MOTOR VEHICLE-TRANSPORT,1,NO ADVERSE CONDITIONS,2,DARK - NOT LIGHTED,50,DEER (ANIMAL),OLD HICKORY BLVD & VAUGHN RD,NASHVILLE,TN,37221,6213,WEST,36.0539,-86.8987,"(36.0539, -86.8987)"
20130014899,1/6/2013 0:13,1,0,0,N,N,226168,2,HEAD-ON,1,NO ADVERSE CONDITIONS,3,DARK - LIGHTED,50,DEER (ANIMAL),2201 SMITH SPRINGS RD,NASHVILLE,TN,37217,8935,HERMIT,36.0963,-86.6437,"(36.0963, -86.6437)"
20130015641,1/6/2013 7:35,1,0,0,N,N,670072,2,HEAD-ON,1,NO ADVERSE CONDITIONS,1,DAYLIGHT,50,DEER (ANIMAL),4608 ASHLAND CITY HWY,NASHVILLE,TN,37218,3237,NORTH,36.2104,-86.8818,"(36.2104, -86.8818)"
20130016763,1/6/2013 18:59,1,0,0,N,N,834820,2,HEAD-ON,1,NO ADVERSE CONDITIONS,3,DARK - LIGHTED,50,DEER (ANIMAL),4034 DICKERSON PIKE,GOODLETTSVILLE,TN,37072,2109,MADISO,36.2796,-86.7501,"(36.2796, -86.7501)"
20130026691,1/9/2013 22:53,1,0,0,N,N,834803,2,HEAD-ON,2,RAIN,2,DARK - NOT LIGHTED,50,DEER (ANIMAL),MEADOW LANE DR & SAWYER BROWN RD,NASHVILLE,TN,37221,4815,WEST,36.0893,-86.9351,"(36.0893, -86.9351)"
20130026684,1/9/2013 22:56,1,0,0,N,N,723079,2,HEAD-ON,2,RAIN,3,DARK - LIGHTED,50,DEER (ANIMAL),CLEVELAND HALL BLVD & OLD HICKORY BLVD,OLD HICKORY,TN,37138,9605,HERMIT,36.2281,-86.6251,"(36.2281, -86.6251)"
20130027998,1/10/2013 7:45,1,0,0,N,N,429182,0,NOT COLLISION W/MOTOR VEHICLE-TRANSPORT,1,NO ADVERSE CONDITIONS,1,DAYLIGHT,50,DEER (ANIMAL),CHANDLER RD & CHANDLER GROVE RD,,,,,,,,
20130028981,1/10/2013 16:02,1,0,0,N,N,909500,0,NOT COLLISION W/MOTOR VEHICLE-TRANSPORT,2,RAIN,1,DAYLIGHT,50,DEER (ANIMAL),ASHLAND CITY HWY & RIVER TRCE,NASHVILLE,TN,37218,3325,NORTH,36.2086,-86.9534,"(36.2086, -86.9534)"
20130033626,1/12/2013 0:26,1,0,0,N,N,226584,4,ANGLE,2,RAIN,3,DARK - LIGHTED,50,DEER (ANIMAL),HAMILTON CHURCH RD & MT VIEW RD,ANTIOCH,TN,37013,8927,SOUTH,36.0628,-86.6082,"(36.0628, -86.6082)"
20130035426,1/12/2013 19:25,1,0,0,N,N,876597,0,NOT COLLISION W/MOTOR VEHICLE-TRANSPORT,1,NO ADVERSE CONDITIONS,2,DARK - NOT LIGHTED,50,DEER (ANIMAL),OLD HICKORY BLVD & I24 W,,TN,,,,,,
20130040999,1/14/2013 18:55,1,0,0,N,N,224406,0,NOT COLLISION W/MOTOR VEHICLE-TRANSPORT,2,RAIN,2,DARK - NOT LIGHTED,50,DEER (ANIMAL),BARNES RD & BLACKPOOL DR,ANTIOCH,TN,37013,8757,SOUTH,36.0255,-86.6905,"(36.0255, -86.6905)"
20130056060,1/19/2013 12:45,1,0,0,N,N,493307,2,HEAD-ON,1,NO ADVERSE CONDITIONS,1,DAYLIGHT,50,DEER (ANIMAL),7763 RIVER ROAD PIKE,NASHVILLE,TN,37209,4705,WEST,36.1695,-86.9454,"(36.1695, -86.9454)"
20130074220,1/25/2013 1:53,1,0,0,N,N,687821,2,HEAD-ON,2,RAIN,3,DARK - LIGHTED,50,DEER (ANIMAL),DICKERSON PIKE & MULBERRY DOWNS CIR,NASHVILLE,TN,37207,2011,MADISO,36.2515,-86.7574,"(36.2515, -86.7574)"
20130080301,1/26/2013 18:35,1,0,0,N,N,267358,0,NOT COLLISION W/MOTOR VEHICLE-TRANSPORT,1,NO ADVERSE CONDITIONS,2,DARK - NOT LIGHTED,50,DEER (ANIMAL),HWY 100 & OLD HICKORY BLVD,NASHVILLE,TN,37221,6211,WEST,36.0623,-86.9046,"(36.0623, -86.9046)"
20130083558,1/27/2013 22:40,1,0,0,N,N,468084,0,NOT COLLISION W/MOTOR VEHICLE-TRANSPORT,1,NO ADVERSE CONDITIONS,3,DARK - LIGHTED,50,DEER (ANIMAL),CLEVELAND HALL BLVD & OLD HICKORY BLVD,OLD HICKORY,TN,37138,9605,HERMIT,36.2281,-86.6251,"(36.2281, -86.6251)"
20130100039,2/1/2013 2:10,1,0,0,Y,N,909489,4,ANGLE,1,NO ADVERSE CONDITIONS,2,DARK - NOT LIGHTED,50,DEER (ANIMAL),4946 LICKTON PIKE,WHITES CREEK,TN,37189,2209,NORTH,36.2995,-86.81,"(36.2995, -86.81)"
20130100151,2/1/2013 2:49,1,0,0,N,N,420046,0,NOT COLLISION W/MOTOR VEHICLE-TRANSPORT,1,NO ADVERSE CONDITIONS,2,DARK - NOT LIGHTED,50,DEER (ANIMAL),3773 KNIGHT DR,WHITES CREEK,TN,37189,3227,NORTH,36.2566,-86.812,"(36.2566, -86.812)"
20130105883,2/2/2013 18:11,1,0,0,N,N,725756,2,HEAD-ON,1,NO ADVERSE CONDITIONS,2,DARK - NOT LIGHTED,50,DEER (ANIMAL),936 OTTER CREEK RD,NASHVILLE,TN,37220,7109,MIDTOW,36.0625,-86.7814,"(36.0625, -86.7814)"
20130106736,2/2/2013 23:15,1,0,0,N,N,714647,2,HEAD-ON,1,NO ADVERSE CONDITIONS,2,DARK - NOT LIGHTED,50,DEER (ANIMAL),7401 HWY 100,NASHVILLE,TN,37221,4807,WEST,36.06,-86.9183,"(36.06, -86.9183)"
20130112218,2/4/2013 19:00,1,0,0,N,N,909493,0,NOT COLLISION W/MOTOR VEHICLE-TRANSPORT,1,NO ADVERSE CONDITIONS,3,DARK - LIGHTED,50,DEER (ANIMAL),BUENA VISTA PIKE & WHITES CREEK PIKE,NASHVILLE,TN,37207,3221,NORTH,36.2525,-86.8299,"(36.2525, -86.8299)"
20130113835,2/5/2013 6:06,1,0,0,N,N,607049,2,HEAD-ON,1,NO ADVERSE CONDITIONS,1,DAYLIGHT,50,DEER (ANIMAL),SPRINGFIELD HWY & WILLIAMSON RD,GOODLETTSVILLE,TN,37072,2221,MADISO,36.3572,-86.7247,"(36.3572, -86.7247)"
20130113893,2/5/2013 7:00,1,1,0,N,N,226214,4,ANGLE,1,NO ADVERSE CONDITIONS,2,DARK - NOT LIGHTED,50,DEER (ANIMAL),502 N GRAYCROFT AVE,MADISON,TN,37115,1745,MADISO,36.2646,-86.7322,"(36.2646, -86.7322)"
20130124119,2/7/2013 18:59,1,0,0,N,N,861199,4,ANGLE,1,NO ADVERSE CONDITIONS,2,DARK - NOT LIGHTED,50,DEER (ANIMAL),COUCHVILLE PIKE & HOBSON PIKE,HERMITAGE,TN,37076,8909,SOUTH,36.0976,-86.554,"(36.0976, -86.554)"
20130124477,2/7/2013 20:55,1,0,0,N,N,224486,0,NOT COLLISION W/MOTOR VEHICLE-TRANSPORT,1,NO ADVERSE CONDITIONS,2,DARK - NOT LIGHTED,50,DEER (ANIMAL),5720 CROSSINGS BLVD,ANTIOCH,TN,37013,8863,SOUTH,36.0385,-86.6445,"(36.0385, -86.6445)"
20130133231,2/10/2013 12:09,1,0,0,N,N,909485,0,NOT COLLISION W/MOTOR VEHICLE-TRANSPORT,2,RAIN,1,DAYLIGHT,50,DEER (ANIMAL),OLD RIVER RD & RIVER ROAD PIKE,NASHVILLE,TN,37209,4705,WEST,36.1362,-86.9339,"(36.1362, -86.9339)"
20130160764,2/18/2013 7:25,2,0,0,N,N,226099,4,ANGLE,1,NO ADVERSE CONDITIONS,1,DAYLIGHT,50,DEER (ANIMAL),CANTARUTTI RD & CLARKSVILLE PIKE,WHITES CREEK,TN,37189,3305,NORTH,36.2833,-86.8779,"(36.2833, -86.8779)"
20130166288,2/19/2013 18:15,1,0,0,N,N,620082,0,NOT COLLISION W/MOTOR VEHICLE-TRANSPORT,1,NO ADVERSE CONDITIONS,2,DARK - NOT LIGHTED,50,DEER (ANIMAL),4561 WHITES CREEK PIKE,WHITES CREEK,TN,37189,3303,NORTH,36.2703,-86.8316,"(36.2703, -86.8316)"
20130178259,2/22/2013 23:08,1,0,0,N,N,402659,4,ANGLE,1,NO ADVERSE CONDITIONS,2,DARK - NOT LIGHTED,50,DEER (ANIMAL),LICKTON PK & FREEMAN HOLLOW RD,,TN,,,,,,
20130178729,2/23/2013 2:30,1,0,0,N,N,412203,0,NOT COLLISION W/MOTOR VEHICLE-TRANSPORT,1,NO ADVERSE CONDITIONS,2,DARK - NOT LIGHTED,50,DEER (ANIMAL),MM 196 0 I40 E,NASHVILLE,TN,37221,4804,WEST,36.0799,-86.959,"(36.0799, -86.959)"
20130178876,2/23/2013 3:45,1,0,0,N,N,402203,0,NOT COLLISION W/MOTOR VEHICLE-TRANSPORT,1,NO ADVERSE CONDITIONS,2,DARK - NOT LIGHTED,50,DEER (ANIMAL),8201 MCCRORY LN,NASHVILLE,TN,37221,4801,WEST,36.0738,-87.0096,"(36.0738, -87.0096)"
20130179177,2/23/2013 6:35,1,0,0,N,N,402635,4,ANGLE,1,NO ADVERSE CONDITIONS,4,DAWN,50,DEER (ANIMAL),INDUSTRIAL DR & ROBINSON RD,OLD HICKORY,TN,37138,9611,HERMIT,36.2633,-86.662,"(36.2633, -86.662)"
20130184859,2/25/2013 10:12,1,0,0,N,N,226099,4,ANGLE,1,NO ADVERSE CONDITIONS,1,DAYLIGHT,50,DEER (ANIMAL),HARPER RD & OLD CLARKSVILLE PIKE,JOELTON,TN,37080,3315,NORTH,36.3238,-86.9155,"(36.3238, -86.9155)"
20130194395,2/27/2013 20:52,1,0,0,N,N,905552,2,HEAD-ON,1,NO ADVERSE CONDITIONS,2,DARK - NOT LIGHTED,50,DEER (ANIMAL),JACKMAN RD & WHITES CREEK PIKE,JOELTON,TN,37080,2319,NORTH,36.3579,-86.8829,"(36.3579, -86.8829)"
20130200981,3/1/2013 17:20,1,0,0,N,N,807319,4,ANGLE,3,"SLEET, HAIL",2,DARK - NOT LIGHTED,50,DEER (ANIMAL),N GALLATIN PIKE & RIVERCHASE BLVD,MADISON,TN,37115,1721,MADISO,36.3086,-86.6815,"(36.3086, -86.6815)"
20130200993,3/1/2013 17:30,1,0,0,N,N,683643,0,NOT COLLISION W/MOTOR VEHICLE-TRANSPORT,2,RAIN,1,DAYLIGHT,50,DEER (ANIMAL),I 40 W & SPENCE LN,NASHVILLE,TN,37210,90062,HERMIT,36.1406,-86.7223,"(36.1406, -86.7223)"
20130206064,3/3/2013 5:55,1,0,0,N,N,805410,0,NOT COLLISION W/MOTOR VEHICLE-TRANSPORT,1,NO ADVERSE CONDITIONS,3,DARK - LIGHTED,50,DEER (ANIMAL),ANDREW JACKSON PKWY & OLD HICKORY BLVD,HERMITAGE,TN,37076,9561,HERMIT,36.1837,-86.6107,"(36.1837, -86.6107)"
20130211424,3/4/2013 21:21,1,0,0,N,N,861199,0,NOT COLLISION W/MOTOR VEHICLE-TRANSPORT,1,NO ADVERSE CONDITIONS,2,DARK - NOT LIGHTED,50,DEER (ANIMAL),BEECHMIST WAY & HOBSON PIKE,ANTIOCH,TN,37013,8907,SOUTH,36.0627,-86.593,"(36.0627, -86.593)"
20130211857,3/5/2013 1:00,1,0,0,N,N,412203,0,NOT COLLISION W/MOTOR VEHICLE-TRANSPORT,1,NO ADVERSE CONDITIONS,2,DARK - NOT LIGHTED,50,DEER (ANIMAL),HWY 100 & NATCHEZ TRACE PKWY,NASHVILLE,TN,37221,4805,WEST,36.0346,-86.9758,"(36.0346, -86.9758)"
20130226474,3/8/2013 18:28,1,0,0,N,N,752065,0,NOT COLLISION W/MOTOR VEHICLE-TRANSPORT,1,NO ADVERSE CONDITIONS,2,DARK - NOT LIGHTED,50,DEER (ANIMAL),OLD HICKORY BLVD & WEST MINISTER DR,NASHVILLE,TN,37221,6211,WEST,36.052,-86.8911,"(36.052, -86.8911)"
20130237459,3/12/2013 6:33,1,0,0,N,N,267831,0,NOT COLLISION W/MOTOR VEHICLE-TRANSPORT,1,NO ADVERSE CONDITIONS,1,DAYLIGHT,50,DEER (ANIMAL),5511 GRANNY WHITE PIKE,NASHVILLE,TN,37215,6305,MIDTOW,36.0531,-86.8162,"(36.0531, -86.8162)"
20130241401,3/13/2013 6:40,1,0,0,N,N,226622,0,NOT COLLISION W/MOTOR VEHICLE-TRANSPORT,1,NO ADVERSE CONDITIONS,4,DAWN,50,DEER (ANIMAL),HWY 100 & WESTHAVEN DR,NASHVILLE,TN,37221,4809,WEST,36.0349,-86.9715,"(36.0349, -86.9715)"
20130253956,3/16/2013 18:37,1,0,0,N,N,876579,4,ANGLE,1,NO ADVERSE CONDITIONS,1,DAYLIGHT,50,DEER (ANIMAL),BELL RD & ELM HILL PIKE,NASHVILLE,TN,37214,8995,HERMIT,36.1411,-86.628,"(36.1411, -86.628)"
20130253972,3/16/2013 18:53,1,0,0,N,N,876571,2,HEAD-ON,1,NO ADVERSE CONDITIONS,3,DARK - LIGHTED,50,DEER (ANIMAL),LAWING DR & OLD HICKORY BLVD,NASHVILLE,TN,37207,2133,MADISO,36.275,-86.7647,"(36.275, -86.7647)"
20130263848,3/19/2013 18:37,1,0,0,N,N,475881,0,NOT COLLISION W/MOTOR VEHICLE-TRANSPORT,1,NO ADVERSE CONDITIONS,3,DARK - LIGHTED,50,DEER (ANIMAL),BELL RD & BENZING RD,ANTIOCH,TN,37013,8757,SOUTH,36.0453,-86.7017,"(36.0453, -86.7017)"
20130265472,3/20/2013 6:59,1,0,0,N,N,267831,0,NOT COLLISION W/MOTOR VEHICLE-TRANSPORT,1,NO ADVERSE CONDITIONS,1,DAYLIGHT,50,DEER (ANIMAL),2847 OLD HICKORY BLVD,NASHVILLE,TN,37221,4901,WEST,36.067,-86.917,"(36.067, -86.917)"
20130284242,3/25/2013 19:20,1,0,0,N,N,571321,0,NOT COLLISION W/MOTOR VEHICLE-TRANSPORT,1,NO ADVERSE CONDITIONS,5,DUSK,50,DEER (ANIMAL),HARPETH TRACE DR & HWY 100,NASHVILLE,TN,37221,6211,WEST,36.0698,-86.8974,"(36.0698, -86.8974)"
20130293666,3/28/2013 7:50,1,0,0,N,N,226622,2,HEAD-ON,1,NO ADVERSE CONDITIONS,1,DAYLIGHT,50,DEER (ANIMAL),1307 OLD HICKORY BLVD,NASHVILLE,TN,37207,2025,MADISO,36.2765,-86.7677,"(36.2765, -86.7677)"
20130300464,3/30/2013 1:56,1,0,0,Y,N,693106,0,NOT COLLISION W/MOTOR VEHICLE-TRANSPORT,1,NO ADVERSE CONDITIONS,2,DARK - NOT LIGHTED,50,DEER (ANIMAL),BELL RD & BLUE HOLE RD,ANTIOCH,TN,37013,8721,SOUTH,36.0457,-86.6744,"(36.0457, -86.6744)"
20130301473,3/30/2013 13:17,1,0,0,N,N,870587,2,HEAD-ON,1,NO ADVERSE CONDITIONS,1,DAYLIGHT,50,DEER (ANIMAL),AVONDALE PARK BLVD & WOLFEBORO LN,NASHVILLE,TN,37221,4811,WEST,36.0727,-86.9912,"(36.0727, -86.9912)"
20130307041,4/1/2013 13:39,1,0,0,N,N,453871,0,NOT COLLISION W/MOTOR VEHICLE-TRANSPORT,1,NO ADVERSE CONDITIONS,1,DAYLIGHT,50,DEER (ANIMAL),HWY 100 & OLD HICKORY BLVD,NASHVILLE,TN,37221,6211,WEST,36.0623,-86.9046,"(36.0623, -86.9046)"
20130308124,4/1/2013 19:25,1,0,0,N,N,807343,2,HEAD-ON,1,NO ADVERSE CONDITIONS,1,DAYLIGHT,50,DEER (ANIMAL),BELL RD & HICKORY HIGHLANDS DR,ANTIOCH,TN,37013,8861,SOUTH,36.0606,-86.64,"(36.0606, -86.64)"
20130308177,4/1/2013 20:15,1,0,0,N,N,876594,0,NOT COLLISION W/MOTOR VEHICLE-TRANSPORT,1,NO ADVERSE CONDITIONS,2,DARK - NOT LIGHTED,50,DEER (ANIMAL),DONELSON PIKE & ELM HILL PIKE,NASHVILLE,TN,37214,9411,HERMIT,36.1488,-86.6663,"(36.1488, -86.6663)"
20130311017,4/2/2013 16:40,1,0,0,N,N,653643,4,ANGLE,1,NO ADVERSE CONDITIONS,1,DAYLIGHT,50,DEER (ANIMAL),ELM HILL PIKE & MCGAVOCK PIKE,NASHVILLE,TN,37214,9107,HERMIT,36.1528,-86.6834,"(36.1528, -86.6834)"
20130316013,4/3/2013 21:15,1,1,0,N,N,224486,0,NOT COLLISION W/MOTOR VEHICLE-TRANSPORT,1,NO ADVERSE CONDITIONS,3,DARK - LIGHTED,50,DEER (ANIMAL),7340 SUGARLOAF DR,ANTIOCH,TN,37013,8759,SOUTH,36.0195,-86.6991,"(36.0195, -86.6991)"
20130320553,4/5/2013 2:38,1,0,0,N,N,8766600,4,ANGLE,1,NO ADVERSE CONDITIONS,3,DARK - LIGHTED,50,DEER (ANIMAL),HARPETH TRACE DR & HWY 100,NASHVILLE,TN,37221,4901,WEST,36.0698,-86.8974,"(36.0698, -86.8974)"
20130331802,4/8/2013 19:51,1,1,0,N,N,876586,0,NOT COLLISION W/MOTOR VEHICLE-TRANSPORT,1,NO ADVERSE CONDITIONS,2,DARK - NOT LIGHTED,50,DEER (ANIMAL),4063 BRICK CHURCH PIKE,NASHVILLE,TN,37207,2025,MADISO,36.272,-86.7754,"(36.272, -86.7754)"
20130341161,4/11/2013 6:02,1,0,0,N,N,405438,0,NOT COLLISION W/MOTOR VEHICLE-TRANSPORT,1,NO ADVERSE CONDITIONS,4,DAWN,50,DEER (ANIMAL),CLARKSVILLE PIKE & DRY FORK RD,NASHVILLE,TN,37218,3219,NORTH,36.2468,-86.8346,"(36.2468, -86.8346)"
20130352619,4/14/2013 18:26,1,0,0,N,N,858695,2,HEAD-ON,1,NO ADVERSE CONDITIONS,1,DAYLIGHT,50,DEER (ANIMAL),OLD HICKORY BLVD & RACHELS LN,OLD HICKORY,TN,37138,9739,HERMIT,36.2125,-86.6227,"(36.2125, -86.6227)"
20130360237,4/16/2013 23:13,1,0,0,N,N,420046,0,NOT COLLISION W/MOTOR VEHICLE-TRANSPORT,1,NO ADVERSE CONDITIONS,3,DARK - LIGHTED,50,DEER (ANIMAL),W GREEN LN & WHITES CREEK PIKE,WHITES CREEK,TN,37189,3223,NORTH,36.2378,-86.8181,"(36.2378, -86.8181)"
20130365502,4/18/2013 7:09,1,0,0,N,N,224640,0,NOT COLLISION W/MOTOR VEHICLE-TRANSPORT,1,NO ADVERSE CONDITIONS,1,DAYLIGHT,50,DEER (ANIMAL),BELL RD & WOODLAND POINT DR,NASHVILLE,TN,37214,8943,HERMIT,36.1227,-86.6305,"(36.1227, -86.6305)"
20130372720,4/20/2013 7:05,1,0,0,N,N,493307,2,HEAD-ON,1,NO ADVERSE CONDITIONS,1,DAYLIGHT,50,DEER (ANIMAL),8917 HWY 100,NASHVILLE,TN,37221,4805,WEST,36.0299,-86.9979,"(36.0299, -86.9979)"
20130381688,4/23/2013 6:00,1,0,0,N,N,461089,0,NOT COLLISION W/MOTOR VEHICLE-TRANSPORT,1,NO ADVERSE CONDITIONS,1,DAYLIGHT,50,DEER (ANIMAL),4729 ASHLAND CITY HWY,NASHVILLE,TN,37218,3235,NORTH,36.2118,-86.8938,"(36.2118, -86.8938)"
20130396155,4/26/2013 20:20,1,0,0,N,N,909501,0,NOT COLLISION W/MOTOR VEHICLE-TRANSPORT,2,RAIN,2,DARK - NOT LIGHTED,50,DEER (ANIMAL),ASHLAND CITY HWY & RIVER TRCE,NASHVILLE,TN,37218,3325,NORTH,36.2086,-86.9534,"(36.2086, -86.9534)"
20130397448,4/27/2013 5:00,1,0,0,N,N,876599,0,NOT COLLISION W/MOTOR VEHICLE-TRANSPORT,2,RAIN,2,DARK - NOT LIGHTED,50,DEER (ANIMAL),MM 196 8 I40 E,NASHVILLE,TN,37221,4806,WEST,36.0835,-86.9515,"(36.0835, -86.9515)"
20130401394,4/28/2013 20:33,1,0,0,N,N,870650,2,HEAD-ON,1,NO ADVERSE CONDITIONS,3,DARK - LIGHTED,50,DEER (ANIMAL),6199 CLARKSVILLE PIKE,JOELTON,TN,37080,3317,NORTH,36.3159,-86.8852,"(36.3159, -86.8852)"