Accident Number,Date and Time,Number of Motor Vehicles,Number of Injuries,Number of Fatalities,Property Damage,Hit and Run,Reporting Officer,Collision Type Code,Collision Type Description,Weather Code,Weather Description,Illumination Code,Illumination Description,Harmful Code,Harmful Code Description,Street Address,City,State,ZIP,RPA,Precinct,Latitude,Longitude,Mapped Location
20130402239,4/29/2013 3:40,1,0,0,N,N,412203,0,NOT COLLISION W/MOTOR VEHICLE-TRANSPORT,1,NO ADVERSE CONDITIONS,3,DARK - LIGHTED,50,DEER (ANIMAL),I 40 E & CHARLOTTE PIKE,NASHVILLE,TN,37209,50023,WEST,36.1307,-86.8986,"(36.1307, -86.8986)"
20130416793,5/2/2013 20:55,1,0,0,N,N,909501,0,NOT COLLISION W/MOTOR VEHICLE-TRANSPORT,1,NO ADVERSE CONDITIONS,2,DARK - NOT LIGHTED,50,DEER (ANIMAL),AMY LYNN DR & ASHLAND CITY HWY,NASHVILLE,TN,37218,3235,NORTH,36.2103,-86.8784,"(36.2103, -86.8784)"
20130426179,5/5/2013 21:00,1,0,0,N,N,591533,0,NOT COLLISION W/MOTOR VEHICLE-TRANSPORT,1,NO ADVERSE CONDITIONS,2,DARK - NOT LIGHTED,50,DEER (ANIMAL),8661 WHITES CREEK PIKE,JOELTON,TN,37080,2321,NORTH,36.3863,-86.8977,"(36.3863, -86.8977)"
20130436475,5/8/2013 15:54,1,0,0,N,N,887609,0,NOT COLLISION W/MOTOR VEHICLE-TRANSPORT,1,NO ADVERSE CONDITIONS,1,DAYLIGHT,50,DEER (ANIMAL),BELL RD & PRIEST WOODS DR,NASHVILLE,TN,37214,8989,HERMIT,36.1275,-86.6296,"(36.1275, -86.6296)"
20130439629,5/9/2013 12:14,1,0,0,N,N,909502,0,NOT COLLISION W/MOTOR VEHICLE-TRANSPORT,1,NO ADVERSE CONDITIONS,1,DAYLIGHT,50,DEER (ANIMAL),7937 HWY 100,NASHVILLE,TN,37221,4807,WEST,36.0469,-86.9435,"(36.0469, -86.9435)"
20130447001,5/11/2013 14:56,1,1,0,N,N,834820,2,HEAD-ON,1,NO ADVERSE CONDITIONS,1,DAYLIGHT,50,DEER (ANIMAL),MADISON INDUSTRIAL RD & MYATT DR,MADISON,TN,37115,1715,MADISO,36.2781,-86.6904,"(36.2781, -86.6904)"
20130450874,5/12/2013 22:35,1,1,0,N,N,887583,9,UNKNOWN,1,NO ADVERSE CONDITIONS,2,DARK - NOT LIGHTED,50,DEER (ANIMAL),CEDAR FOREST DR & SAWYER BROWN RD,NASHVILLE,TN,37221,4815,WEST,36.1024,-86.931,"(36.1024, -86.931)"
20130461865,5/15/2013 19:39,1,1,0,N,N,725744,0,NOT COLLISION W/MOTOR VEHICLE-TRANSPORT,1,NO ADVERSE CONDITIONS,1,DAYLIGHT,50,DEER (ANIMAL),I 24 W & BRILEY PKWY N,NASHVILLE,TN,37211,8898,SOUTH,36.1096,-86.7215,"(36.1096, -86.7215)"
20130462798,5/16/2013 2:00,1,0,0,N,N,412203,0,NOT COLLISION W/MOTOR VEHICLE-TRANSPORT,1,NO ADVERSE CONDITIONS,2,DARK - NOT LIGHTED,50,DEER (ANIMAL),HEATH RD & HWY 70,NASHVILLE,TN,37221,4713,WEST,36.0948,-87.0073,"(36.0948, -87.0073)"
20130476556,5/20/2013 7:02,1,0,0,N,N,620072,0,NOT COLLISION W/MOTOR VEHICLE-TRANSPORT,1,NO ADVERSE CONDITIONS,1,DAYLIGHT,50,DEER (ANIMAL),4850 ASHLAND CITY HWY,NASHVILLE,TN,37218,3237,NORTH,36.2106,-86.9033,"(36.2106, -86.9033)"
20130489379,5/23/2013 11:43,1,0,0,N,N,267831,4,ANGLE,1,NO ADVERSE CONDITIONS,1,DAYLIGHT,50,DEER (ANIMAL),OLD HICKORY BLVD & VAUGHN RD,NASHVILLE,TN,37221,6211,WEST,36.0539,-86.8987,"(36.0539, -86.8987)"
20130495523,5/25/2013 1:10,1,0,0,N,N,834804,0,NOT COLLISION W/MOTOR VEHICLE-TRANSPORT,1,NO ADVERSE CONDITIONS,2,DARK - NOT LIGHTED,50,DEER (ANIMAL),I 24 E & WHITES CREEK PIKE,JOELTON,TN,37080,3318,NORTH,36.324,-86.8684,"(36.324, -86.8684)"
20130496529,5/25/2013 11:07,1,0,0,N,N,909486,0,NOT COLLISION W/MOTOR VEHICLE-TRANSPORT,1,NO ADVERSE CONDITIONS,1,DAYLIGHT,50,DEER (ANIMAL),SPRINGFIELD HWY & TINNIN RD,GOODLETTSVILLE,TN,37072,2219,MADISO,36.3691,-86.7391,"(36.3691, -86.7391)"
20130512482,5/30/2013 10:14,1,0,0,N,N,267831,0,NOT COLLISION W/MOTOR VEHICLE-TRANSPORT,1,NO ADVERSE CONDITIONS,1,DAYLIGHT,50,DEER (ANIMAL),5106 FRANKLIN PIKE,NASHVILLE,TN,37220,7111,MIDTOW,36.0649,-86.7742,"(36.0649, -86.7742)"
20130514295,5/30/2013 21:15,1,0,0,N,N,648796,0,NOT COLLISION W/MOTOR VEHICLE-TRANSPORT,1,NO ADVERSE CONDITIONS,3,DARK - LIGHTED,50,DEER (ANIMAL),EDMONDSON PIKE & OAKLEY DR,NASHVILLE,TN,37211,8653,MIDTOW,36.0551,-86.7427,"(36.0551, -86.7427)"
20130518072,5/31/2013 22:05,1,0,0,N,N,876587,0,NOT COLLISION W/MOTOR VEHICLE-TRANSPORT,1,NO ADVERSE CONDITIONS,2,DARK - NOT LIGHTED,50,DEER (ANIMAL),9770 HWY 96,NASHVILLE,TN,37221,4805,WEST,36.0173,-87.0307,"(36.0173, -87.0307)"
20130519067,6/1/2013 5:55,1,0,0,N,N,572248,2,HEAD-ON,1,NO ADVERSE CONDITIONS,1,DAYLIGHT,50,DEER (ANIMAL),ASHLAND CITY HWY & BRILEY PKWY N,NASHVILLE,TN,37218,3248,NORTH,36.2098,-86.8716,"(36.2098, -86.8716)"
20130521681,6/2/2013 6:52,1,0,0,N,N,268092,1,REAR END,1,NO ADVERSE CONDITIONS,1,DAYLIGHT,50,DEER (ANIMAL),8959 HWY 100,NASHVILLE,TN,37221,4805,WEST,36.0282,-87.0068,"(36.0282, -87.0068)"
20130524147,6/3/2013 6:58,1,1,0,N,N,226207,0,NOT COLLISION W/MOTOR VEHICLE-TRANSPORT,1,NO ADVERSE CONDITIONS,1,DAYLIGHT,50,DEER (ANIMAL),S NEW HOPE RD & ROXBOROUGH DR,HERMITAGE,TN,37076,9515,HERMIT,36.166,-86.5846,"(36.166, -86.5846)"
20130527807,6/4/2013 6:15,1,0,0,N,N,226099,0,NOT COLLISION W/MOTOR VEHICLE-TRANSPORT,1,NO ADVERSE CONDITIONS,1,DAYLIGHT,50,DEER (ANIMAL),I 24 E & BIDWELL RD,JOELTON,TN,37080,3316,NORTH,36.3265,-86.8869,"(36.3265, -86.8869)"
20130537826,6/6/2013 18:00,1,0,0,N,N,807319,0,NOT COLLISION W/MOTOR VEHICLE-TRANSPORT,1,NO ADVERSE CONDITIONS,1,DAYLIGHT,50,DEER (ANIMAL),MYATT DR & PLUM ST,MADISON,TN,37115,1721,MADISO,36.2901,-86.6931,"(36.2901, -86.6931)"
20130543239,6/8/2013 8:13,1,0,0,N,N,876599,0,NOT COLLISION W/MOTOR VEHICLE-TRANSPORT,5,FOG,1,DAYLIGHT,50,DEER (ANIMAL),7401 HWY 100,NASHVILLE,TN,37221,4807,WEST,36.06,-86.9183,"(36.06, -86.9183)"
20130548934,6/10/2013 9:11,1,0,0,N,N,267831,0,NOT COLLISION W/MOTOR VEHICLE-TRANSPORT,1,NO ADVERSE CONDITIONS,1,DAYLIGHT,50,DEER (ANIMAL),9770 HWY 96,NASHVILLE,TN,37221,4805,WEST,36.0173,-87.0307,"(36.0173, -87.0307)"
20130564063,6/14/2013 1:30,1,0,0,N,N,714648,0,NOT COLLISION W/MOTOR VEHICLE-TRANSPORT,1,NO ADVERSE CONDITIONS,3,DARK - LIGHTED,50,DEER (ANIMAL),ASHLAND CITY HWY & OLD HICKORY BLVD,NASHVILLE,TN,37218,3235,NORTH,36.2115,-86.921,"(36.2115, -86.921)"
20130565687,6/14/2013 12:00,1,0,0,N,N,419952,0,NOT COLLISION W/MOTOR VEHICLE-TRANSPORT,1,NO ADVERSE CONDITIONS,1,DAYLIGHT,50,DEER (ANIMAL),HWY 100 & HWY 96,NASHVILLE,TN,37221,4805,WEST,36.0175,-87.0309,"(36.0175, -87.0309)"
20130571565,6/16/2013 6:45,1,0,0,N,N,483529,0,NOT COLLISION W/MOTOR VEHICLE-TRANSPORT,1,NO ADVERSE CONDITIONS,1,DAYLIGHT,50,DEER (ANIMAL),BRILEY PKWY N & OPRY MILLS DR,NASHVILLE,TN,37214,9223,HERMIT,36.1972,-86.6879,"(36.1972, -86.6879)"
20130572184,6/16/2013 15:22,1,0,0,N,N,909479,0,NOT COLLISION W/MOTOR VEHICLE-TRANSPORT,1,NO ADVERSE CONDITIONS,1,DAYLIGHT,50,DEER (ANIMAL),FRANKLIN PIKE & HARDING PL,NASHVILLE,TN,37204,7029,MIDTOW,36.0866,-86.772,"(36.0866, -86.772)"
20130581031,6/19/2013 6:00,1,0,0,N,N,714648,0,NOT COLLISION W/MOTOR VEHICLE-TRANSPORT,1,NO ADVERSE CONDITIONS,4,DAWN,50,DEER (ANIMAL),MM 42 0 I24 E,WHITES CREEK,TN,37189,3226,NORTH,36.2569,-86.7874,"(36.2569, -86.7874)"
20130587838,6/20/2013 21:53,1,0,0,N,N,909481,0,NOT COLLISION W/MOTOR VEHICLE-TRANSPORT,1,NO ADVERSE CONDITIONS,2,DARK - NOT LIGHTED,50,DEER (ANIMAL),BRICK CHURCH PARK DR & BRICK CHURCH PIKE,NASHVILLE,TN,37207,3021,NORTH,36.2242,-86.7822,"(36.2242, -86.7822)"
20130587890,6/20/2013 23:10,1,0,0,N,N,834804,0,NOT COLLISION W/MOTOR VEHICLE-TRANSPORT,1,NO ADVERSE CONDITIONS,2,DARK - NOT LIGHTED,50,DEER (ANIMAL),BRILEY PKWY S & CENTENNIAL BLVD,NASHVILLE,TN,37209,4606,WEST,36.1714,-86.8693,"(36.1714, -86.8693)"
20130589700,6/21/2013 11:11,1,0,0,N,N,909486,0,NOT COLLISION W/MOTOR VEHICLE-TRANSPORT,1,NO ADVERSE CONDITIONS,1,DAYLIGHT,50,DEER (ANIMAL),1827 SPRINGFIELD HWY,GOODLETTSVILLE,TN,37072,2215,MADISO,36.3845,-86.7543,"(36.3845, -86.7543)"
20130595031,6/23/2013 0:55,1,0,0,N,N,909481,0,NOT COLLISION W/MOTOR VEHICLE-TRANSPORT,1,NO ADVERSE CONDITIONS,2,DARK - NOT LIGHTED,50,DEER (ANIMAL),ASHLAND CITY HWY & PECAN VALLEY RD,NASHVILLE,TN,37218,3325,NORTH,36.2051,-86.9472,"(36.2051, -86.9472)"
20130595111,6/23/2013 1:31,1,0,0,N,Y,909488,0,NOT COLLISION W/MOTOR VEHICLE-TRANSPORT,1,NO ADVERSE CONDITIONS,2,DARK - NOT LIGHTED,50,DEER (ANIMAL),5115 WHITES CREEK PIKE,WHITES CREEK,TN,37189,3303,NORTH,36.2954,-86.8536,"(36.2954, -86.8536)"
20130595030,6/23/2013 22:41,1,0,0,N,N,687821,0,NOT COLLISION W/MOTOR VEHICLE-TRANSPORT,2,RAIN,3,DARK - LIGHTED,50,DEER (ANIMAL),DICKERSON PIKE S & W CAMPBELL RD,GOODLETTSVILLE,TN,37072,2137,MADISO,36.2924,-86.7337,"(36.2924, -86.7337)"
20130600816,6/24/2013 20:49,1,0,0,N,N,876585,2,HEAD-ON,1,NO ADVERSE CONDITIONS,2,DARK - NOT LIGHTED,50,DEER (ANIMAL),MM 40 0 I24 W,WHITES CREEK,TN,37189,2210,MADISO,36.2829,-86.8052,"(36.2829, -86.8052)"
20130618885,6/29/2013 14:22,1,0,0,N,N,870649,4,ANGLE,1,NO ADVERSE CONDITIONS,1,DAYLIGHT,50,DEER (ANIMAL),DODSON CHAPEL RD & OLD HICKORY BLVD,HERMITAGE,TN,37076,9561,HERMIT,36.1835,-86.6108,"(36.1835, -86.6108)"
20130621414,6/30/2013 9:02,1,0,0,N,N,405391,0,NOT COLLISION W/MOTOR VEHICLE-TRANSPORT,1,NO ADVERSE CONDITIONS,1,DAYLIGHT,50,DEER (ANIMAL),HWY 70 S & WINDSOR TERRACE DR,NASHVILLE,TN,37205,4903,WEST,36.0779,-86.9108,"(36.0779, -86.9108)"
20130631161,7/3/2013 3:33,1,0,0,N,N,420046,0,NOT COLLISION W/MOTOR VEHICLE-TRANSPORT,1,NO ADVERSE CONDITIONS,2,DARK - NOT LIGHTED,50,DEER (ANIMAL),EATONS CREEK RD & MCCOOL RD,NASHVILLE,TN,37218,3213,NORTH,36.2399,-86.8723,"(36.2399, -86.8723)"
20130637415,7/4/2013 20:35,1,0,0,N,N,224486,0,NOT COLLISION W/MOTOR VEHICLE-TRANSPORT,2,RAIN,3,DARK - LIGHTED,50,DEER (ANIMAL),MURFREESBORO PIKE & SUMMERCREST BLVD,ANTIOCH,TN,37013,8927,SOUTH,36.0504,-86.6147,"(36.0504, -86.6147)"
20130641092,7/5/2013 21:55,1,0,0,N,N,807319,0,NOT COLLISION W/MOTOR VEHICLE-TRANSPORT,1,NO ADVERSE CONDITIONS,2,DARK - NOT LIGHTED,50,DEER (ANIMAL),1921 BAKER RD,GOODLETTSVILLE,TN,37072,2201,MADISO,36.358,-86.7415,"(36.358, -86.7415)"
20130645900,7/7/2013 19:07,1,0,0,N,N,861199,0,NOT COLLISION W/MOTOR VEHICLE-TRANSPORT,1,NO ADVERSE CONDITIONS,1,DAYLIGHT,50,DEER (ANIMAL),2570 MURFREESBORO PIKE,NASHVILLE,TN,37217,8939,HERMIT,36.0759,-86.6399,"(36.0759, -86.6399)"
20130666254,7/13/2013 11:41,1,0,0,N,N,596387,0,NOT COLLISION W/MOTOR VEHICLE-TRANSPORT,1,NO ADVERSE CONDITIONS,1,DAYLIGHT,50,DEER (ANIMAL),AMERICAN GENERAL WAY & OLD HICKORY BLVD,BRENTWOOD,TN,37027,8619,MIDTOW,36.0408,-86.7735,"(36.0408, -86.7735)"
20130672966,7/15/2013 20:55,1,0,0,N,N,909476,4,ANGLE,1,NO ADVERSE CONDITIONS,2,DARK - NOT LIGHTED,50,DEER (ANIMAL),HESTER BEASLEY RD & HWY 100,NASHVILLE,TN,37221,4805,WEST,36.0329,-86.9864,"(36.0329, -86.9864)"
20130684098,7/18/2013 20:33,1,0,0,N,N,110071,0,NOT COLLISION W/MOTOR VEHICLE-TRANSPORT,1,NO ADVERSE CONDITIONS,2,DARK - NOT LIGHTED,50,DEER (ANIMAL),I 24 E & HARPER RD,JOELTON,TN,37080,3316,NORTH,36.3374,-86.9137,"(36.3374, -86.9137)"
20130689893,7/20/2013 16:07,1,0,0,N,N,887592,0,NOT COLLISION W/MOTOR VEHICLE-TRANSPORT,1,NO ADVERSE CONDITIONS,1,DAYLIGHT,50,DEER (ANIMAL),HARPETH TRACE DR & HWY 100,NASHVILLE,TN,37221,6211,WEST,36.0698,-86.8974,"(36.0698, -86.8974)"
20130690336,7/20/2013 20:10,1,0,0,N,N,807319,0,NOT COLLISION W/MOTOR VEHICLE-TRANSPORT,1,NO ADVERSE CONDITIONS,2,DARK - NOT LIGHTED,50,DEER (ANIMAL),LICKTON PIKE & LOWER WALKERS CREEK RD,GOODLETTSVILLE,TN,37072,2203,MADISO,36.3429,-86.7566,"(36.3429, -86.7566)"
20130709158,7/26/2013 11:20,1,0,0,N,N,110064,0,NOT COLLISION W/MOTOR VEHICLE-TRANSPORT,1,NO ADVERSE CONDITIONS,1,DAYLIGHT,50,DEER (ANIMAL),FRANKLIN PIKE & WILLOWDALE CT,,TN,37220,7111,MIDTOW,36.0577,-86.7745,"(36.0577, -86.7745)"
20130709258,7/26/2013 11:20,1,0,0,N,N,10064,0,NOT COLLISION W/MOTOR VEHICLE-TRANSPORT,1,NO ADVERSE CONDITIONS,1,DAYLIGHT,50,DEER (ANIMAL),FRANKLIN PIKE & WILLOWDALE CT,,TN,37220,7111,MIDTOW,36.0577,-86.7745,"(36.0577, -86.7745)"
20130739833,8/5/2013 8:25,2,0,0,N,N,226214,0,NOT COLLISION W/MOTOR VEHICLE-TRANSPORT,1,NO ADVERSE CONDITIONS,1,DAYLIGHT,50,DEER (ANIMAL),SPRINGFIELD HWY & WILLIAMSON RD,,TN,,,,,,
20130739733,8/5/2013 8:25,1,0,0,N,N,226214,2,HEAD-ON,1,NO ADVERSE CONDITIONS,1,DAYLIGHT,50,DEER (ANIMAL),SPRINGFIELD HWY & WILLIAMSON RD,GOODLETTSVILLE,TN,37072,2201,MADISO,36.3611,-86.7282,"(36.3611, -86.7282)"
20130740579,8/5/2013 13:50,1,0,0,N,N,224046,0,NOT COLLISION W/MOTOR VEHICLE-TRANSPORT,1,NO ADVERSE CONDITIONS,1,DAYLIGHT,50,DEER (ANIMAL),I 40 W & STEWARTS FERRY PIKE,NASHVILLE,TN,37214,9415,HERMIT,36.1558,-86.6294,"(36.1558, -86.6294)"
20130759593,8/11/2013 8:20,1,0,0,N,N,870650,0,NOT COLLISION W/MOTOR VEHICLE-TRANSPORT,1,NO ADVERSE CONDITIONS,1,DAYLIGHT,50,DEER (ANIMAL),OLD HICKORY BLVD & SHELLBARK DR,,TN,37189,3305,NORTH,36.2759,-86.8458,"(36.2759, -86.8458)"
20130760926,8/11/2013 21:06,1,0,0,N,N,834798,4,ANGLE,1,NO ADVERSE CONDITIONS,2,DARK - NOT LIGHTED,50,DEER (ANIMAL),MORTON MILL RD & OLD HARDING PIKE,NASHVILLE,TN,37221,4819,WEST,36.0591,-86.9448,"(36.0591, -86.9448)"
20130768596,8/14/2013 6:25,1,0,0,N,N,262757,4,ANGLE,1,NO ADVERSE CONDITIONS,1,DAYLIGHT,50,DEER (ANIMAL),BELL RD & TRAILS END LN,NASHVILLE,TN,37214,8991,HERMIT,36.1351,-86.63,"(36.1351, -86.63)"
20130774384,8/15/2013 23:15,1,0,0,N,N,420046,0,NOT COLLISION W/MOTOR VEHICLE-TRANSPORT,1,NO ADVERSE CONDITIONS,3,DARK - LIGHTED,50,DEER (ANIMAL),BRILEY PKWY W & CLARKSVILLE PIKE,NASHVILLE,TN,37218,3216,NORTH,36.2291,-86.8343,"(36.2291, -86.8343)"
20130790466,8/21/2013 5:50,1,0,0,N,N,716877,0,NOT COLLISION W/MOTOR VEHICLE-TRANSPORT,1,NO ADVERSE CONDITIONS,1,DAYLIGHT,50,DEER (ANIMAL),6701 BURKITT RD,NOLENSVILLE,TN,37135,8773,SOUTH,35.9914,-86.6514,"(35.9914, -86.6514)"
20130795747,8/22/2013 19:00,1,0,0,N,N,546012,0,NOT COLLISION W/MOTOR VEHICLE-TRANSPORT,1,NO ADVERSE CONDITIONS,1,DAYLIGHT,50,DEER (ANIMAL),EDENWOLD RD & MYATT DR,MADISON,TN,37115,1715,MADISO,36.2878,-86.6931,"(36.2878, -86.6931)"
20130806181,8/26/2013 7:42,1,0,0,N,N,226861,0,NOT COLLISION W/MOTOR VEHICLE-TRANSPORT,1,NO ADVERSE CONDITIONS,1,DAYLIGHT,50,DEER (ANIMAL),EAST END RD & SPRINGFIELD HWY,GOODLETTSVILLE,TN,37072,2215,MADISO,36.3942,-86.7641,"(36.3942, -86.7641)"
20130812741,8/28/2013 5:55,1,1,0,N,N,834804,0,NOT COLLISION W/MOTOR VEHICLE-TRANSPORT,1,NO ADVERSE CONDITIONS,1,DAYLIGHT,50,DEER (ANIMAL),OLD HICKORY BLVD & WHITES CREEK PIKE,WHITES CREEK,TN,37189,3305,NORTH,36.2657,-86.8309,"(36.2657, -86.8309)"
20130814874,8/28/2013 19:42,1,1,0,N,N,572249,0,NOT COLLISION W/MOTOR VEHICLE-TRANSPORT,1,NO ADVERSE CONDITIONS,3,DARK - LIGHTED,50,DEER (ANIMAL),I 24 E & BELL RD,NASHVILLE,TN,37211,8706,SOUTH,36.0456,-86.659,"(36.0456, -86.659)"
20130829160,9/2/2013 17:50,1,0,0,N,N,224486,0,NOT COLLISION W/MOTOR VEHICLE-TRANSPORT,1,NO ADVERSE CONDITIONS,1,DAYLIGHT,50,DEER (ANIMAL),LEGACY DR & OLD HICKORY BLVD,ANTIOCH,,37013,8767,SOUTH,36.006,-86.6557,"(36.006, -86.6557)"
20130836517,9/4/2013 22:51,1,0,0,N,N,110094,4,ANGLE,1,NO ADVERSE CONDITIONS,3,DARK - LIGHTED,50,DEER (ANIMAL),CLOVERLAND DR & OLD HICKORY BLVD,BRENTWOOD,TN,37027,8619,MIDTOW,36.0398,-86.7685,"(36.0398, -86.7685)"
20130838549,9/5/2013 13:50,1,1,0,N,N,687812,0,NOT COLLISION W/MOTOR VEHICLE-TRANSPORT,1,NO ADVERSE CONDITIONS,1,DAYLIGHT,50,DEER (ANIMAL),1241 ROBINSON RD,OLD HICKORY,TN,37138,9611,HERMIT,36.2599,-86.6595,"(36.2599, -86.6595)"
20130839288,9/5/2013 19:53,1,0,0,N,N,716893,0,NOT COLLISION W/MOTOR VEHICLE-TRANSPORT,1,NO ADVERSE CONDITIONS,3,DARK - LIGHTED,50,DEER (ANIMAL),4700 FRANKLIN PIKE,NASHVILLE,TN,37220,7103,MIDTOW,36.0836,-86.7722,"(36.0836, -86.7722)"
20130866139,9/14/2013 7:15,1,0,0,N,N,226143,0,NOT COLLISION W/MOTOR VEHICLE-TRANSPORT,1,NO ADVERSE CONDITIONS,1,DAYLIGHT,50,DEER (ANIMAL),HARDING PL & TARA DR,NASHVILLE,TN,37215,6313,MIDTOW,36.0909,-86.82,"(36.0909, -86.82)"
20130871111,9/16/2013 6:10,1,0,0,N,N,226811,0,NOT COLLISION W/MOTOR VEHICLE-TRANSPORT,1,NO ADVERSE CONDITIONS,3,DARK - LIGHTED,50,DEER (ANIMAL),NOLENSVILLE PIKE & SWISS AVE,NASHVILLE,TN,37211,8651,MIDTOW,36.0401,-86.713,"(36.0401, -86.713)"
20130874227,9/17/2013 4:00,1,0,0,N,N,468062,0,NOT COLLISION W/MOTOR VEHICLE-TRANSPORT,1,NO ADVERSE CONDITIONS,3,DARK - LIGHTED,50,DEER (ANIMAL),HAMILTON CHURCH RD & HOBSON PIKE,ANTIOCH,TN,37013,8927,SOUTH,36.0587,-86.5978,"(36.0587, -86.5978)"
20130889774,9/21/2013 19:00,1,0,0,N,N,109507,2,HEAD-ON,1,NO ADVERSE CONDITIONS,3,DARK - LIGHTED,50,DEER (ANIMAL),CLARKSVILLE PIKE & STENBERG RD,NASHVILLE,TN,37218,3239,NORTH,36.2666,-86.8577,"(36.2666, -86.8577)"
20130890800,9/22/2013 3:52,1,0,0,N,N,405410,0,NOT COLLISION W/MOTOR VEHICLE-TRANSPORT,1,NO ADVERSE CONDITIONS,3,DARK - LIGHTED,50,DEER (ANIMAL),OLD HICKORY BLVD & RACHELS LN,OLD HICKORY,TN,37138,9739,HERMIT,36.2125,-86.6227,"(36.2125, -86.6227)"
20130895374,9/23/2013 18:35,1,0,0,N,N,861201,0,NOT COLLISION W/MOTOR VEHICLE-TRANSPORT,1,NO ADVERSE CONDITIONS,2,DARK - NOT LIGHTED,50,DEER (ANIMAL),5911 PETTUS RD,ANTIOCH,TN,37013,8761,SOUTH,36.0176,-86.6644,"(36.0176, -86.6644)"
20130899259,9/24/2013 18:34,1,0,0,N,N,410799,0,NOT COLLISION W/MOTOR VEHICLE-TRANSPORT,1,NO ADVERSE CONDITIONS,5,DUSK,50,DEER (ANIMAL),INDUSTRIAL DR & ROBINSON RD,OLD HICKORY,TN,37138,9611,HERMIT,36.2634,-86.6619,"(36.2634, -86.6619)"
20130904181,9/26/2013 7:40,1,0,0,N,N,226099,4,ANGLE,5,FOG,1,DAYLIGHT,50,DEER (ANIMAL),OLD HICKORY BLVD & WHITES CREEK PIKE,WHITES CREEK,TN,37189,3305,NORTH,36.2657,-86.8309,"(36.2657, -86.8309)"
20130910803,9/28/2013 7:20,1,0,0,N,N,429188,0,NOT COLLISION W/MOTOR VEHICLE-TRANSPORT,1,NO ADVERSE CONDITIONS,1,DAYLIGHT,50,DEER (ANIMAL),BELL RD & DODSON CHAPEL RD,HERMITAGE,TN,37076,9501,HERMIT,36.1632,-86.6131,"(36.1632, -86.6131)"
20130911024,9/28/2013 9:50,1,0,0,N,N,226306,0,NOT COLLISION W/MOTOR VEHICLE-TRANSPORT,1,NO ADVERSE CONDITIONS,1,DAYLIGHT,50,DEER (ANIMAL),CHARLOTTE PIKE & RIVER RD,NASHVILLE,TN,37209,,,,,
20130913155,9/29/2013 2:55,1,0,0,N,N,887598,2,HEAD-ON,1,NO ADVERSE CONDITIONS,3,DARK - LIGHTED,50,DEER (ANIMAL),FORTLAND DR & RIVERSIDE DR,NASHVILLE,,37206,,EAST,36.1748,-86.7266,"(36.1748, -86.7266)"
20130921515,10/1/2013 19:10,1,0,0,N,N,716893,0,NOT COLLISION W/MOTOR VEHICLE-TRANSPORT,1,NO ADVERSE CONDITIONS,2,DARK - NOT LIGHTED,50,DEER (ANIMAL),GRANNY WHITE PIKE & JEFFERSON DAVIS DR,NASHVILLE,TN,37215,6305,MIDTOW,36.061,-86.8145,"(36.061, -86.8145)"
20130942400,10/8/2013 17:01,1,0,0,N,N,154862,0,NOT COLLISION W/MOTOR VEHICLE-TRANSPORT,1,NO ADVERSE CONDITIONS,1,DAYLIGHT,50,DEER (ANIMAL),CLARKSVILLE PIKE & RAWLINGS RD,JOELTON,,37080,3333,NORTH,36.3116,-86.8827,"(36.3116, -86.8827)"
20130945983,10/9/2013 18:20,1,0,0,N,N,268160,0,NOT COLLISION W/MOTOR VEHICLE-TRANSPORT,1,NO ADVERSE CONDITIONS,1,DAYLIGHT,50,DEER (ANIMAL),OLD HICKORY BLVD & VAUGHN RD,NASHVILLE,TN,37221,6213,WEST,36.0539,-86.8987,"(36.0539, -86.8987)"
20130947606,10/10/2013 1:30,1,0,0,N,N,420046,0,NOT COLLISION W/MOTOR VEHICLE-TRANSPORT,1,NO ADVERSE CONDITIONS,1,DAYLIGHT,50,DEER (ANIMAL),MM 35 0 I24 W,JOELTON,TN,37080,22121,NORTH,36.3242,-86.867,"(36.3242, -86.867)"
20130949682,10/10/2013 18:25,1,0,0,N,N,562529,4,ANGLE,1,NO ADVERSE CONDITIONS,3,DARK - LIGHTED,50,DEER (ANIMAL),CENTRAL PIKE & S NEW HOPE RD,HERMITAGE,TN,37076,9557,HERMIT,36.1729,-86.5849,"(36.1729, -86.5849)"
20130952848,10/11/2013 18:31,1,0,0,N,N,887609,2,HEAD-ON,1,NO ADVERSE CONDITIONS,2,DARK - NOT LIGHTED,50,DEER (ANIMAL),2910 HOBSON PIKE,HERMITAGE,TN,37076,8909,SOUTH,36.087,-86.5624,"(36.087, -86.5624)"
20130952852,10/11/2013 18:47,1,0,0,N,N,887592,0,NOT COLLISION W/MOTOR VEHICLE-TRANSPORT,1,NO ADVERSE CONDITIONS,5,DUSK,50,DEER (ANIMAL),COLLINS RD & HWY 100,,TN,37221,4807,WEST,36.0438,-86.9589,"(36.0438, -86.9589)"
20130964918,10/15/2013 22:45,1,0,0,N,N,226220,0,NOT COLLISION W/MOTOR VEHICLE-TRANSPORT,1,NO ADVERSE CONDITIONS,2,DARK - NOT LIGHTED,50,DEER (ANIMAL),5140 LICKTON PIKE,GOODLETTSVILLE,TN,37072,2207,MADISO,36.3048,-86.8046,"(36.3048, -86.8046)"