Accident Number,Date and Time,Number of Motor Vehicles,Number of Injuries,Number of Fatalities,Property Damage,Hit and Run,Reporting Officer,Collision Type Code,Collision Type Description,Weather Code,Weather Description,Illumination Code,Illumination Description,Harmful Code,Harmful Code Description,Street Address,City,State,ZIP,RPA,Precinct,Latitude,Longitude,Mapped Location
20130971952,10/18/2013 4:30,1,0,0,N,N,807333,0,NOT COLLISION W/MOTOR VEHICLE-TRANSPORT,5,FOG,2,DARK - NOT LIGHTED,50,DEER (ANIMAL),2610 BARCLAY DR,NASHVILLE,TN,37206,,,,,
20130972603,10/18/2013 5:15,1,0,0,N,N,134867,0,NOT COLLISION W/MOTOR VEHICLE-TRANSPORT,5,FOG,2,DARK - NOT LIGHTED,50,DEER (ANIMAL),HOBSON PIKE & WINDCREST TRL,ANTIOCH,TN,37013,8907,SOUTH,36.0619,-86.594,"(36.0619, -86.594)"
20130974359,10/18/2013 18:55,1,0,0,N,N,109512,0,NOT COLLISION W/MOTOR VEHICLE-TRANSPORT,1,NO ADVERSE CONDITIONS,2,DARK - NOT LIGHTED,50,DEER (ANIMAL),GREEN LN & WHITES CREEK PIKE,NASHVILLE,TN,37207,3221,NORTH,36.2362,-86.8169,"(36.2362, -86.8169)"
20130978493,10/20/2013 9:01,1,1,0,N,N,716875,0,NOT COLLISION W/MOTOR VEHICLE-TRANSPORT,1,NO ADVERSE CONDITIONS,1,DAYLIGHT,50,DEER (ANIMAL),7241 HWY 70 S,NASHVILLE,TN,37221,4811,WEST,36.0739,-86.928,"(36.0739, -86.928)"
20130978529,10/20/2013 9:22,1,0,0,N,N,633387,0,NOT COLLISION W/MOTOR VEHICLE-TRANSPORT,1,NO ADVERSE CONDITIONS,1,DAYLIGHT,50,DEER (ANIMAL),CANE RIDGE RD & OLD FRANKLIN RD,ANTIOCH,TN,37013,8765,SOUTH,36.0288,-86.6489,"(36.0288, -86.6489)"
20130979079,10/20/2013 15:20,1,0,0,N,N,799013,2,HEAD-ON,1,NO ADVERSE CONDITIONS,1,DAYLIGHT,50,DEER (ANIMAL),MURFREESBORO PIKE & OLD HICKORY BLVD,ANTIOCH,TN,37013,8903,SOUTH,36.0393,-86.6028,"(36.0393, -86.6028)"
20130982499,10/21/2013 20:46,1,0,0,N,N,858695,2,HEAD-ON,1,NO ADVERSE CONDITIONS,2,DARK - NOT LIGHTED,50,DEER (ANIMAL),4001 BELL RD,HERMITAGE,TN,37076,9527,HERMIT,36.165,-86.6027,"(36.165, -86.6027)"
20130980466,10/21/2013 21:13,1,0,0,Y,N,226220,0,NOT COLLISION W/MOTOR VEHICLE-TRANSPORT,1,NO ADVERSE CONDITIONS,2,DARK - NOT LIGHTED,50,DEER (ANIMAL),803 DICKERSON PIKE,NASHVILLE,TN,37207,1953,EAST,36.1849,-86.7736,"(36.1849, -86.7736)"
20130983648,10/22/2013 4:45,1,0,0,N,N,110082,4,ANGLE,2,RAIN,2,DARK - NOT LIGHTED,50,DEER (ANIMAL),BUENA VISTA PIKE & WHITES CREEK PIKE,NASHVILLE,TN,37218,3219,NORTH,36.2525,-86.8299,"(36.2525, -86.8299)"
20130984912,10/22/2013 14:20,1,0,0,N,N,226926,2,HEAD-ON,1,NO ADVERSE CONDITIONS,1,DAYLIGHT,50,DEER (ANIMAL),HWY 100 & NATCHEZ TRACE PKWY,NASHVILLE,TN,37221,4803,WEST,,,
20130994279,10/25/2013 2:45,1,0,0,N,N,676828,4,ANGLE,1,NO ADVERSE CONDITIONS,3,DARK - LIGHTED,50,DEER (ANIMAL),HILLSBORO PIKE & TYNE BLVD,NASHVILLE,TN,37215,6307,MIDTOW,36.0788,-86.837,"(36.0788, -86.837)"
20130999929,10/26/2013 23:38,1,0,0,N,N,834804,0,NOT COLLISION W/MOTOR VEHICLE-TRANSPORT,1,NO ADVERSE CONDITIONS,2,DARK - NOT LIGHTED,50,DEER (ANIMAL),BRILEY PKWY N & COUNTY HOSPITAL RD,NASHVILLE,TN,37218,3133,NORTH,36.1876,-86.8624,"(36.1876, -86.8624)"
20131005584,10/29/2013 6:36,1,0,0,N,N,493302,0,NOT COLLISION W/MOTOR VEHICLE-TRANSPORT,1,NO ADVERSE CONDITIONS,1,DAYLIGHT,50,DEER (ANIMAL),2664 OLD HICKORY BLVD,NASHVILLE,TN,37221,6211,WEST,36.0563,-86.9012,"(36.0563, -86.9012)"
20131011811,10/30/2013 22:53,1,0,0,N,N,466823,0,NOT COLLISION W/MOTOR VEHICLE-TRANSPORT,1,NO ADVERSE CONDITIONS,3,DARK - LIGHTED,50,DEER (ANIMAL),MM 43 0 I24 E,WHITES CREEK,TN,37189,32260,NORTH,36.2439,-86.785,"(36.2439, -86.785)"
20131012584,10/31/2013 6:50,1,0,0,N,N,405391,0,NOT COLLISION W/MOTOR VEHICLE-TRANSPORT,2,RAIN,2,DARK - NOT LIGHTED,50,DEER (ANIMAL),HWY 100 & HWY 96,NASHVILLE,TN,37221,4805,WEST,36.0176,-87.0309,"(36.0176, -87.0309)"
20131017779,11/2/2013 0:10,1,0,0,N,N,834804,0,NOT COLLISION W/MOTOR VEHICLE-TRANSPORT,1,NO ADVERSE CONDITIONS,2,DARK - NOT LIGHTED,50,DEER (ANIMAL),MM 22 0 BRILEY W,NASHVILLE,TN,37218,3216,,36.2285,-86.8528,"(36.2285, -86.8528)"
20131020432,11/2/2013 1:00,1,0,0,N,N,714648,0,NOT COLLISION W/MOTOR VEHICLE-TRANSPORT,1,NO ADVERSE CONDITIONS,2,DARK - NOT LIGHTED,50,DEER (ANIMAL),MM 36 4 I24 W,WHITES CREEK,TN,37189,2212,NORTH,36.319,-86.8443,"(36.319, -86.8443)"
20131025607,11/2/2013 2:05,1,0,0,N,N,226220,0,NOT COLLISION W/MOTOR VEHICLE-TRANSPORT,1,NO ADVERSE CONDITIONS,3,DARK - LIGHTED,50,DEER (ANIMAL),I 24 W & BRILEY PKWY N,NASHVILLE,TN,37211,8898,SOUTH,36.1096,-86.7215,"(36.1096, -86.7215)"
20131020784,11/3/2013 5:54,1,0,0,N,N,861202,2,HEAD-ON,1,NO ADVERSE CONDITIONS,1,DAYLIGHT,50,DEER (ANIMAL),BLUE HOLE RD & CRYSTAL BROOK DR,ANTIOCH,TN,37013,8753,SOUTH,36.0389,-86.6774,"(36.0389, -86.6774)"
20131023135,11/4/2013 7:00,1,0,0,N,N,870650,2,HEAD-ON,1,NO ADVERSE CONDITIONS,1,DAYLIGHT,50,DEER (ANIMAL),W GREEN LN & WHITES CREEK PIKE,NASHVILLE,TN,37207,3221,NORTH,36.2377,-86.8181,"(36.2377, -86.8181)"
20131024794,11/4/2013 17:54,1,0,0,N,N,716816,0,NOT COLLISION W/MOTOR VEHICLE-TRANSPORT,1,NO ADVERSE CONDITIONS,2,DARK - NOT LIGHTED,50,DEER (ANIMAL),7088 BURKITT RD,ANTIOCH,TN,37013,8767,SOUTH,35.9913,-86.6769,"(35.9913, -86.6769)"
20131025115,11/4/2013 21:03,1,0,0,N,N,633383,0,NOT COLLISION W/MOTOR VEHICLE-TRANSPORT,1,NO ADVERSE CONDITIONS,3,DARK - LIGHTED,50,DEER (ANIMAL),3533 WHITES CREEK PIKE,WHITES CREEK,TN,37189,3223,NORTH,36.2394,-86.819,"(36.2394, -86.819)"
20131027985,11/5/2013 18:55,1,0,0,N,N,224486,0,NOT COLLISION W/MOTOR VEHICLE-TRANSPORT,1,NO ADVERSE CONDITIONS,3,DARK - LIGHTED,50,DEER (ANIMAL),5856 EDMONDSON PIKE,NASHVILLE,TN,37211,8651,MIDTOW,36.0329,-86.7435,"(36.0329, -86.7435)"
20131028198,11/5/2013 19:50,1,0,0,N,N,665896,0,NOT COLLISION W/MOTOR VEHICLE-TRANSPORT,1,NO ADVERSE CONDITIONS,3,DARK - LIGHTED,50,DEER (ANIMAL),CLEVELAND HALL BLVD & OLD HICKORY BLVD,OLD HICKORY,TN,37138,9717,HERMIT,36.2297,-86.6248,"(36.2297, -86.6248)"
20131033068,11/7/2013 6:03,1,0,0,N,N,224640,0,NOT COLLISION W/MOTOR VEHICLE-TRANSPORT,1,NO ADVERSE CONDITIONS,4,DAWN,50,DEER (ANIMAL),CHANDLER RD & OAKCREST LN,HERMITAGE,TN,37076,9523,HERMIT,36.1936,-86.6012,"(36.1936, -86.6012)"
20131038413,11/8/2013 18:59,1,0,0,N,N,134892,0,NOT COLLISION W/MOTOR VEHICLE-TRANSPORT,1,NO ADVERSE CONDITIONS,3,DARK - LIGHTED,50,DEER (ANIMAL),LEBANON PIKE & WELLINGTON SQ,NASHVILLE,TN,37214,9311,HERMIT,36.1766,-86.6455,"(36.1766, -86.6455)"
20131041393,11/9/2013 22:22,1,1,0,N,N,909472,0,NOT COLLISION W/MOTOR VEHICLE-TRANSPORT,1,NO ADVERSE CONDITIONS,3,DARK - LIGHTED,50,DEER (ANIMAL),NOEL DR & OLD HICKORY BLVD,BRENTWOOD,TN,37027,6301,MIDTOW,36.0448,-86.8489,"(36.0448, -86.8489)"
20131043245,11/10/2013 17:49,2,3,0,N,N,828314,0,NOT COLLISION W/MOTOR VEHICLE-TRANSPORT,1,NO ADVERSE CONDITIONS,2,DARK - NOT LIGHTED,50,DEER (ANIMAL),MM 220 2 I40 E,HERMITAGE,TN,37076,89040,HERMIT,36.166,-86.6125,"(36.166, -86.6125)"
20131043542,11/10/2013 19:51,1,0,0,N,N,909476,0,NOT COLLISION W/MOTOR VEHICLE-TRANSPORT,1,NO ADVERSE CONDITIONS,2,DARK - NOT LIGHTED,50,DEER (ANIMAL),7500 RIVER ROAD PIKE,NASHVILLE,TN,37209,4707,WEST,36.1519,-86.9505,"(36.1519, -86.9505)"
20131046729,11/11/2013 21:00,1,0,0,N,N,224946,2,HEAD-ON,1,NO ADVERSE CONDITIONS,2,DARK - NOT LIGHTED,50,DEER (ANIMAL),ASHLAND CITY HWY & BULL RUN RD,NASHVILLE,TN,37218,3323,NORTH,36.2187,-86.9772,"(36.2187, -86.9772)"
20131048017,11/12/2013 9:00,1,0,0,N,N,226622,2,HEAD-ON,1,NO ADVERSE CONDITIONS,1,DAYLIGHT,50,DEER (ANIMAL),7180 HWY 100,NASHVILLE,TN,37221,6211,WEST,36.0666,-86.8998,"(36.0666, -86.8998)"
20131049619,11/12/2013 10:05,1,0,0,N,N,807344,0,NOT COLLISION W/MOTOR VEHICLE-TRANSPORT,1,NO ADVERSE CONDITIONS,3,DARK - LIGHTED,50,DEER (ANIMAL),2034 HOBSON PIKE,ANTIOCH,TN,37013,8905,SOUTH,36.0508,-86.5996,"(36.0508, -86.5996)"
20131051989,11/13/2013 11:54,1,0,0,N,N,266964,0,NOT COLLISION W/MOTOR VEHICLE-TRANSPORT,1,NO ADVERSE CONDITIONS,1,DAYLIGHT,50,DEER (ANIMAL),552 CHURCH ST E,BRENTWOOD,TN,37027,8623,MIDTOW,36.033,-86.7718,"(36.033, -86.7718)"
20131053894,11/13/2013 23:15,2,0,0,N,N,676828,0,NOT COLLISION W/MOTOR VEHICLE-TRANSPORT,1,NO ADVERSE CONDITIONS,3,DARK - LIGHTED,50,DEER (ANIMAL),HARDING PL & PEACH ORCHARD DR,NASHVILLE,TN,37204,7029,MIDTOW,36.0856,-86.769,"(36.0856, -86.769)"
20131054850,11/14/2013 5:15,1,0,0,N,N,834804,0,NOT COLLISION W/MOTOR VEHICLE-TRANSPORT,1,NO ADVERSE CONDITIONS,2,DARK - NOT LIGHTED,50,DEER (ANIMAL),ASHLAND CITY HWY & BRILEY PKWY N,NASHVILLE,TN,37218,3247,NORTH,36.2098,-86.8716,"(36.2098, -86.8716)"
20131056774,11/14/2013 19:14,1,0,0,N,N,747559,0,NOT COLLISION W/MOTOR VEHICLE-TRANSPORT,1,NO ADVERSE CONDITIONS,1,DAYLIGHT,50,DEER (ANIMAL),LEBANON PIKE & YMCA CNCTR,NASHVILLE,TN,37214,9403,HERMIT,36.1738,-86.6478,"(36.1738, -86.6478)"
20131056786,11/14/2013 19:33,1,0,0,N,N,870648,0,NOT COLLISION W/MOTOR VEHICLE-TRANSPORT,1,NO ADVERSE CONDITIONS,3,DARK - LIGHTED,50,DEER (ANIMAL),AIRWAYS CIR & ELM HILL PIKE,NASHVILLE,TN,37214,9105,HERMIT,36.1521,-86.681,"(36.1521, -86.681)"
20131059249,11/15/2013 13:30,1,1,0,N,N,807319,0,NOT COLLISION W/MOTOR VEHICLE-TRANSPORT,2,RAIN,1,DAYLIGHT,50,DEER (ANIMAL),DICKERSON PIKE & OLD DUE WEST AVE,MADISON,TN,37115,2009,MADISO,36.2497,-86.7571,"(36.2497, -86.7571)"
20131059767,11/15/2013 17:50,1,0,0,N,N,226098,0,NOT COLLISION W/MOTOR VEHICLE-TRANSPORT,1,NO ADVERSE CONDITIONS,3,DARK - LIGHTED,50,DEER (ANIMAL),LICKTON PIKE & SHAW RD,GOODLETTSVILLE,,37072,,EAST,36.3072,-86.8015,"(36.3072, -86.8015)"
20131059945,11/15/2013 19:25,1,0,0,N,N,769391,0,NOT COLLISION W/MOTOR VEHICLE-TRANSPORT,1,NO ADVERSE CONDITIONS,2,DARK - NOT LIGHTED,50,DEER (ANIMAL),CUB CREEK RD & RIVER ROAD PIKE,NASHVILLE,TN,37209,4705,WEST,36.1926,-86.9625,"(36.1926, -86.9625)"
20131061249,11/16/2013 7:05,1,0,0,N,N,909487,0,NOT COLLISION W/MOTOR VEHICLE-TRANSPORT,5,FOG,1,DAYLIGHT,50,DEER (ANIMAL),4037 MURFREESBORO PIKE,ANTIOCH,TN,37013,8869,SOUTH,36.0328,-86.5952,"(36.0328, -86.5952)"
20131062108,11/16/2013 17:30,1,1,0,N,N,591933,0,NOT COLLISION W/MOTOR VEHICLE-TRANSPORT,1,NO ADVERSE CONDITIONS,2,DARK - NOT LIGHTED,50,DEER (ANIMAL),EATONS CREEK RD & OLD CLARKSVILLE PIKE,,TN,37080,3331,NORTH,36.3163,-86.8766,"(36.3163, -86.8766)"
20131062204,11/16/2013 17:30,1,0,0,N,N,591933,0,NOT COLLISION W/MOTOR VEHICLE-TRANSPORT,1,NO ADVERSE CONDITIONS,2,DARK - NOT LIGHTED,50,DEER (ANIMAL),CLARKSVILLE PIKE & EATONS CREEK RD,JOELTON,TN,37080,3245,NORTH,36.292,-86.8838,"(36.292, -86.8838)"
20131062799,11/16/2013 20:45,1,0,0,N,N,226584,4,ANGLE,2,RAIN,3,DARK - LIGHTED,50,DEER (ANIMAL),HOBSON PIKE & MURFREESBORO PIKE,ANTIOCH,TN,37013,8971,SOUTH,36.0431,-86.6061,"(36.0431, -86.6061)"
20131064593,11/17/2013 19:29,1,0,0,N,N,807592,0,NOT COLLISION W/MOTOR VEHICLE-TRANSPORT,2,RAIN,2,DARK - NOT LIGHTED,50,DEER (ANIMAL),HESTER BEASLEY RD & HWY 100,NASHVILLE,TN,37221,4805,WEST,36.0329,-86.9864,"(36.0329, -86.9864)"
20131067463,11/18/2013 16:56,1,0,0,N,N,909502,0,NOT COLLISION W/MOTOR VEHICLE-TRANSPORT,1,NO ADVERSE CONDITIONS,2,DARK - NOT LIGHTED,50,DEER (ANIMAL),TYNE BLVD & TYNE VALLEY BLVD,NASHVILLE,,37220,7103,MIDTOW,36.0777,-86.7791,"(36.0777, -86.7791)"
20131067546,11/18/2013 17:24,1,0,0,N,N,110094,4,ANGLE,1,NO ADVERSE CONDITIONS,2,DARK - NOT LIGHTED,50,DEER (ANIMAL),3525 BRICK CHURCH PIKE,NASHVILLE,TN,37207,2045,MADISO,36.2554,-86.7772,"(36.2554, -86.7772)"
20131068312,11/18/2013 22:55,1,0,0,N,N,226220,0,NOT COLLISION W/MOTOR VEHICLE-TRANSPORT,1,NO ADVERSE CONDITIONS,2,DARK - NOT LIGHTED,50,DEER (ANIMAL),MM 38 0 I24 W,WHITES CREEK,TN,37189,2212,NORTH,36.3079,-86.8206,"(36.3079, -86.8206)"
20131069822,11/19/2013 9:15,1,0,0,N,N,909487,0,NOT COLLISION W/MOTOR VEHICLE-TRANSPORT,1,NO ADVERSE CONDITIONS,1,DAYLIGHT,50,DEER (ANIMAL),HARDING PL & MURFREESBORO PIKE,NASHVILLE,TN,37217,8849,SOUTH,36.0986,-86.6594,"(36.0986, -86.6594)"
20131071113,11/19/2013 16:25,1,0,0,N,N,876583,0,NOT COLLISION W/MOTOR VEHICLE-TRANSPORT,1,NO ADVERSE CONDITIONS,2,DARK - NOT LIGHTED,50,DEER (ANIMAL),ELM HILL PIKE & MCCRORY CREEK RD,NASHVILLE,TN,37214,9411,HERMIT,36.1436,-86.6551,"(36.1436, -86.6551)"
20131071659,11/19/2013 19:00,1,0,0,N,N,591933,0,NOT COLLISION W/MOTOR VEHICLE-TRANSPORT,1,NO ADVERSE CONDITIONS,2,DARK - NOT LIGHTED,50,DEER (ANIMAL),6128 EATONS CREEK RD,JOELTON,TN,37080,,,,,
20131072253,11/19/2013 22:20,1,0,0,N,N,134869,0,NOT COLLISION W/MOTOR VEHICLE-TRANSPORT,1,NO ADVERSE CONDITIONS,2,DARK - NOT LIGHTED,50,DEER (ANIMAL),CHARLOTTE PIKE & SAWYER BROWN RD,NASHVILLE,TN,37221,4711,WEST,36.1148,-86.926,"(36.1148, -86.926)"
20131075296,11/20/2013 18:40,1,0,0,N,N,224946,4,ANGLE,1,NO ADVERSE CONDITIONS,3,DARK - LIGHTED,50,DEER (ANIMAL),4978 CLARKSVILLE PK & LLOYD RD,NASHVILLE,TN,,,,,,
20131077719,11/21/2013 10:20,1,0,0,N,N,110070,0,NOT COLLISION W/MOTOR VEHICLE-TRANSPORT,1,NO ADVERSE CONDITIONS,1,DAYLIGHT,50,DEER (ANIMAL),MURFREESBORO PK & MT VIEW RD,NASHVILLE,TN,,,,,,
20131078865,11/21/2013 17:35,1,0,0,N,N,420034,0,NOT COLLISION W/MOTOR VEHICLE-TRANSPORT,1,NO ADVERSE CONDITIONS,2,DARK - NOT LIGHTED,50,DEER (ANIMAL),MM 35 0 I24 W,JOELTON,TN,37080,22121,NORTH,36.3242,-86.867,"(36.3242, -86.867)"
20131082485,11/22/2013 16:05,1,0,0,N,N,134900,0,NOT COLLISION W/MOTOR VEHICLE-TRANSPORT,1,NO ADVERSE CONDITIONS,3,DARK - LIGHTED,50,DEER (ANIMAL),BELL RD & HARBOR LIGHTS DR,NASHVILLE,TN,37217,8935,HERMIT,36.0939,-86.6249,"(36.0939, -86.6249)"
20131084693,11/23/2013 10:50,1,0,0,N,N,556885,4,ANGLE,1,NO ADVERSE CONDITIONS,1,DAYLIGHT,50,DEER (ANIMAL),CULBERTSON RD & NOLENSVILLE PIKE,ANTIOCH,TN,37013,8767,SOUTH,36.0076,-86.7009,"(36.0076, -86.7009)"
20131085472,11/23/2013 17:30,1,0,0,N,N,887609,0,NOT COLLISION W/MOTOR VEHICLE-TRANSPORT,1,NO ADVERSE CONDITIONS,3,DARK - LIGHTED,50,DEER (ANIMAL),CLEVELAND HALL BLVD & OLD HICKORY BLVD,OLD HICKORY,TN,37138,9717,HERMIT,36.2297,-86.6248,"(36.2297, -86.6248)"
20131085416,11/23/2013 17:33,1,0,0,Y,N,134862,0,NOT COLLISION W/MOTOR VEHICLE-TRANSPORT,1,NO ADVERSE CONDITIONS,2,DARK - NOT LIGHTED,50,DEER (ANIMAL),I 24 W & LICKTON PIKE,WHITES CREEK,TN,37189,2105,MADISO,36.2935,-86.8104,"(36.2935, -86.8104)"
20131089130,11/24/2013 23:50,1,0,0,N,N,693105,2,HEAD-ON,1,NO ADVERSE CONDITIONS,3,DARK - LIGHTED,50,DEER (ANIMAL),BELL RD & HARBOR LIGHTS DR,NASHVILLE,TN,37217,8935,HERMIT,36.0939,-86.6249,"(36.0939, -86.6249)"
20131090027,11/25/2013 6:12,1,0,0,N,N,870650,4,ANGLE,1,NO ADVERSE CONDITIONS,4,DAWN,50,DEER (ANIMAL),MM 33 0 I24 E,JOELTON,TN,37080,3316,NORTH,36.3315,-86.9011,"(36.3315, -86.9011)"
20131090524,11/25/2013 9:20,1,0,0,N,N,109531,0,NOT COLLISION W/MOTOR VEHICLE-TRANSPORT,1,NO ADVERSE CONDITIONS,1,DAYLIGHT,50,DEER (ANIMAL),12725 OLD HICKORY BLVD,ANTIOCH,TN,37013,8869,SOUTH,36.0332,-86.6116,"(36.0332, -86.6116)"
20131093815,11/26/2013 8:09,1,0,0,N,N,620072,4,ANGLE,2,RAIN,1,DAYLIGHT,50,DEER (ANIMAL),I 24 W & WHITES CREEK PIKE,JOELTON,TN,37080,2304,NORTH,36.3244,-86.8685,"(36.3244, -86.8685)"
20131099120,11/27/2013 18:45,1,0,0,N,N,22380,2,HEAD-ON,1,NO ADVERSE CONDITIONS,3,DARK - LIGHTED,50,DEER (ANIMAL),13240 OLD HICKORY BLVD,ANTIOCH,TN,37013,8765,SOUTH,36.0051,-86.6227,"(36.0051, -86.6227)"
20131099126,11/27/2013 20:03,1,0,0,N,N,807341,0,NOT COLLISION W/MOTOR VEHICLE-TRANSPORT,1,NO ADVERSE CONDITIONS,2,DARK - NOT LIGHTED,50,DEER (ANIMAL),6211 NOLENSVILLE PIKE,NASHVILLE,TN,37211,8651,MIDTOW,36.0208,-86.7109,"(36.0208, -86.7109)"
20131100754,11/28/2013 7:50,1,0,0,N,N,226482,0,NOT COLLISION W/MOTOR VEHICLE-TRANSPORT,1,NO ADVERSE CONDITIONS,1,DAYLIGHT,50,DEER (ANIMAL),BILLINGSGATE RD & FRANKLIN LIMESTONE RD,NASHVILLE,TN,37217,8853,SOUTH,36.0783,-86.6703,"(36.0783, -86.6703)"
20131101388,11/28/2013 17:22,1,0,0,N,N,223382,2,HEAD-ON,1,NO ADVERSE CONDITIONS,3,DARK - LIGHTED,50,DEER (ANIMAL),ALTERAS DR & SUNNYWOOD DR,ANTIOCH,TN,37013,8759,SOUTH,36.0244,-86.6997,"(36.0244, -86.6997)"
20131101804,11/28/2013 23:18,1,0,0,N,N,725758,0,NOT COLLISION W/MOTOR VEHICLE-TRANSPORT,1,NO ADVERSE CONDITIONS,2,DARK - NOT LIGHTED,50,DEER (ANIMAL),BURKITT RD & CANONBURY DR,NOLENSVILLE,TN,37135,8773,SOUTH,35.991,-86.6754,"(35.991, -86.6754)"
20131101866,11/29/2013 22:40,1,0,0,N,N,727213,2,HEAD-ON,1,NO ADVERSE CONDITIONS,3,DARK - LIGHTED,50,DEER (ANIMAL),HICKORY WOODS DR & MURFREESBORO PIKE,ANTIOCH,TN,37013,8967,SOUTH,36.0264,-86.5884,"(36.0264, -86.5884)"
20131106541,11/30/2013 18:29,1,0,0,N,N,887592,0,NOT COLLISION W/MOTOR VEHICLE-TRANSPORT,1,NO ADVERSE CONDITIONS,3,DARK - LIGHTED,50,DEER (ANIMAL),HWY 100 & OLD HICKORY BLVD,NASHVILLE,TN,37221,6211,WEST,36.0623,-86.9046,"(36.0623, -86.9046)"
20131107491,12/1/2013 3:00,1,1,0,N,N,596399,0,NOT COLLISION W/MOTOR VEHICLE-TRANSPORT,1,NO ADVERSE CONDITIONS,2,DARK - NOT LIGHTED,50,DEER (ANIMAL),BONNAMEADE DR & PLANTATION DR,HERMITAGE,TN,37076,9601,HERMIT,36.1983,-86.6348,"(36.1983, -86.6348)"
20131115891,12/3/2013 17:15,1,0,0,N,N,876581,2,HEAD-ON,1,NO ADVERSE CONDITIONS,3,DARK - LIGHTED,50,DEER (ANIMAL),SPRINGFIELD HWY & WILLIAMSON RD,NASHVILLE,TN,,,,,,
20131117969,12/4/2013 7:50,1,0,0,N,N,226306,0,NOT COLLISION W/MOTOR VEHICLE-TRANSPORT,1,NO ADVERSE CONDITIONS,1,DAYLIGHT,50,DEER (ANIMAL),HWY 100 & MCCRORY LN,NASHVILLE,TN,37221,4805,WEST,36.0344,-86.9742,"(36.0344, -86.9742)"
20131119793,12/4/2013 17:25,1,0,0,N,N,755027,0,NOT COLLISION W/MOTOR VEHICLE-TRANSPORT,1,NO ADVERSE CONDITIONS,2,DARK - NOT LIGHTED,50,DEER (ANIMAL),BRANDAU RD & CENTRAL PIKE,HERMITAGE,TN,37076,9511,HERMIT,36.1803,-86.6214,"(36.1803, -86.6214)"
20131119651,12/4/2013 17:30,1,1,0,N,N,633383,0,NOT COLLISION W/MOTOR VEHICLE-TRANSPORT,1,NO ADVERSE CONDITIONS,3,DARK - LIGHTED,50,DEER (ANIMAL),BRILEY PKWY W & CLARKSVILLE PIKE,NASHVILLE,TN,37218,3216,NORTH,36.2291,-86.8343,"(36.2291, -86.8343)"
20131120394,12/4/2013 22:04,1,0,0,N,N,224486,0,NOT COLLISION W/MOTOR VEHICLE-TRANSPORT,1,NO ADVERSE CONDITIONS,2,DARK - NOT LIGHTED,50,DEER (ANIMAL),OCTOBER WOODS DR & OLD HICKORY BLVD,ANTIOCH,TN,37013,8765,SOUTH,36.0092,-86.6217,"(36.0092, -86.6217)"
20131116823,12/4/2013 23:38,1,0,0,N,N,225773,2,HEAD-ON,1,NO ADVERSE CONDITIONS,3,DARK - LIGHTED,50,DEER (ANIMAL),BELL RD & BLUE HOLE RD,ANTIOCH,TN,37013,8719,SOUTH,36.0458,-86.6744,"(36.0458, -86.6744)"
20131121397,12/5/2013 5:20,1,0,0,N,N,769390,4,ANGLE,1,NO ADVERSE CONDITIONS,2,DARK - NOT LIGHTED,50,DEER (ANIMAL),LAVERGNE COUCHVILLE PIKE & MURFREESBORO,ANTIOCH,TN,37013,8967,SOUTH,36.0284,-86.5905,"(36.0284, -86.5905)"
20131121591,12/5/2013 7:00,1,0,0,N,N,267831,0,NOT COLLISION W/MOTOR VEHICLE-TRANSPORT,2,RAIN,1,DAYLIGHT,50,DEER (ANIMAL),9770 HWY 96,NASHVILLE,TN,37221,4805,WEST,36.0176,-87.0309,"(36.0176, -87.0309)"
20131139463,12/10/2013 19:46,1,0,0,N,N,134893,0,NOT COLLISION W/MOTOR VEHICLE-TRANSPORT,1,NO ADVERSE CONDITIONS,2,DARK - NOT LIGHTED,50,DEER (ANIMAL),5057 WHITES CREEK PIKE,WHITES CREEK,TN,37189,,,,,
20131148369,12/12/2013 5:00,1,0,0,N,N,224464,6,SIDESWIPE - OPPOSITE DIRECTION,1,NO ADVERSE CONDITIONS,2,DARK - NOT LIGHTED,50,DEER (ANIMAL),SPRINGFIELD HWY & TINNIN RD,GOODLETTSVILLE,TN,37072,2201,MADISO,36.3691,-86.7391,"(36.3691, -86.7391)"
20131147331,12/12/2013 21:30,1,0,0,N,N,110083,2,HEAD-ON,1,NO ADVERSE CONDITIONS,3,DARK - LIGHTED,50,DEER (ANIMAL),N GALLATIN PIKE & W MONTICELLO AVE,MADISON,TN,37115,1719,MADISO,36.2868,-86.7054,"(36.2868, -86.7054)"
20131153573,12/14/2013 17:35,1,0,0,N,N,452325,2,HEAD-ON,2,RAIN,3,DARK - LIGHTED,50,DEER (ANIMAL),MUSIC VALLEY DR & PENNINGTON BEND RD,NASHVILLE,TN,37214,9213,HERMIT,36.2353,-86.7106,"(36.2353, -86.7106)"