Accident Number,Date and Time,Number of Motor Vehicles,Number of Injuries,Number of Fatalities,Property Damage,Hit and Run,Reporting Officer,Collision Type Code,Collision Type Description,Weather Code,Weather Description,Illumination Code,Illumination Description,Harmful Code,Harmful Code Description,Street Address,City,State,ZIP,RPA,Precinct,Latitude,Longitude,Mapped Location
20131157201,12/16/2013 0:14,1,0,0,N,N,109544,0,NOT COLLISION W/MOTOR VEHICLE-TRANSPORT,1,NO ADVERSE CONDITIONS,3,DARK - LIGHTED,50,DEER (ANIMAL),CLARKSVILLE PIKE & LLOYD RD,NASHVILLE,TN,37218,3215,NORTH,36.2516,-86.8424,"(36.2516, -86.8424)"
20131163005,12/17/2013 17:13,1,1,0,Y,N,224368,0,NOT COLLISION W/MOTOR VEHICLE-TRANSPORT,1,NO ADVERSE CONDITIONS,2,DARK - NOT LIGHTED,50,DEER (ANIMAL),8165 HWY 70 S,NASHVILLE,TN,37221,4713,WEST,36.0876,-86.9732,"(36.0876, -86.9732)"
20131164867,12/18/2013 5:58,1,0,0,N,N,134886,0,NOT COLLISION W/MOTOR VEHICLE-TRANSPORT,1,NO ADVERSE CONDITIONS,3,DARK - LIGHTED,50,DEER (ANIMAL),HAMILTON CHURCH RD & MURFREESBORO PIKE,ANTIOCH,TN,37013,8865,SOUTH,36.0649,-86.6284,"(36.0649, -86.6284)"
20131176419,12/21/2013 17:40,1,0,0,N,N,716893,0,NOT COLLISION W/MOTOR VEHICLE-TRANSPORT,1,NO ADVERSE CONDITIONS,2,DARK - NOT LIGHTED,50,DEER (ANIMAL),HILLSBORO PIKE & OLD HICKORY BLVD,BRENTWOOD,TN,37027,6301,MIDTOW,36.0473,-86.8627,"(36.0473, -86.8627)"
20131176592,12/21/2013 19:16,1,0,0,N,N,876587,2,HEAD-ON,2,RAIN,2,DARK - NOT LIGHTED,50,DEER (ANIMAL),COCKRILL BEND BLVD & TUFTING CT,NASHVILLE,TN,37209,4653,WEST,36.1717,-86.8867,"(36.1717, -86.8867)"
20131185589,12/25/2013 13:20,1,0,0,N,N,223502,0,NOT COLLISION W/MOTOR VEHICLE-TRANSPORT,1,NO ADVERSE CONDITIONS,1,DAYLIGHT,50,DEER (ANIMAL),100 BRENTWOOD PL,NASHVILLE,TN,37211,8653,MIDTOW,36.0472,-86.7417,"(36.0472, -86.7417)"
20131185878,12/25/2013 17:19,1,0,0,N,N,887609,0,NOT COLLISION W/MOTOR VEHICLE-TRANSPORT,1,NO ADVERSE CONDITIONS,2,DARK - NOT LIGHTED,50,DEER (ANIMAL),2910 HOBSON PIKE,HERMITAGE,TN,37076,8909,SOUTH,36.087,-86.5624,"(36.087, -86.5624)"
20140041644,1/1/2014 18:05,1,1,0,N,N,110067,4,ANGLE,1,NO ADVERSE CONDITIONS,2,DARK - NOT LIGHTED,50,DEER (ANIMAL),8928 MCCRORY LN,NASHVILLE,TN,37221,4809,WEST,36.0379,-86.9734,"(36.0379, -86.9734)"
20140025685,1/8/2014 8:25,1,0,0,N,N,222049,2,HEAD-ON,1,NO ADVERSE CONDITIONS,1,DAYLIGHT,50,DEER (ANIMAL),FOLKSTONE DR & SMITH SPRINGS RD,ANTIOCH,TN,37013,8997,SOUTH,36.0832,-86.5969,"(36.0832, -86.5969)"
20140039667,1/11/2014 23:00,1,0,0,N,N,109513,4,ANGLE,1,NO ADVERSE CONDITIONS,2,DARK - NOT LIGHTED,50,DEER (ANIMAL),NOLENSVILLE PIKE & SUGAR VALLEY DR,NASHVILLE,TN,37211,8651,MIDTOW,36.0154,-86.7057,"(36.0154, -86.7057)"
20140054354,1/16/2014 2:00,1,0,0,Y,Y,224464,4,ANGLE,1,NO ADVERSE CONDITIONS,2,DARK - NOT LIGHTED,50,DEER (ANIMAL),HUDSON RD & NEELYS BEND RD,MADISON,TN,37115,1637,MADISO,36.1676,-86.7787,"(36.1676, -86.7787)"
20140060234,1/17/2014 14:55,1,0,0,N,N,799013,2,HEAD-ON,1,NO ADVERSE CONDITIONS,1,DAYLIGHT,50,DEER (ANIMAL),CITATION DR & DONELSON PIKE,NASHVILLE,TN,37217,8841,SOUTH,36.1014,-86.6753,"(36.1014, -86.6753)"
20140067469,1/19/2014 18:15,1,0,0,N,N,109505,1,REAR END,1,NO ADVERSE CONDITIONS,2,DARK - NOT LIGHTED,50,DEER (ANIMAL),EATONS CREEK RD & MCCOOL RD,NASHVILLE,TN,37218,3213,NORTH,36.2399,-86.8723,"(36.2399, -86.8723)"
20140071491,1/20/2014 22:13,1,0,0,N,N,468064,0,NOT COLLISION W/MOTOR VEHICLE-TRANSPORT,1,NO ADVERSE CONDITIONS,2,DARK - NOT LIGHTED,50,DEER (ANIMAL),SWINGING BRIDGE RD & WARREN DR,OLD HICKORY,TN,37138,9701,HERMIT,36.2812,-86.6744,"(36.2812, -86.6744)"
20140080682,1/23/2014 3:07,1,0,0,Y,N,834807,2,HEAD-ON,1,NO ADVERSE CONDITIONS,3,DARK - LIGHTED,50,DEER (ANIMAL),7277 CHARLOTTE PIKE,NASHVILLE,TN,37209,4701,WEST,36.1221,-86.9143,"(36.1221, -86.9143)"
20140107335,1/30/2014 12:40,1,0,0,Y,N,225805,0,NOT COLLISION W/MOTOR VEHICLE-TRANSPORT,1,NO ADVERSE CONDITIONS,1,DAYLIGHT,50,DEER (ANIMAL),3051 HIDDEN CREEK DR,ANTIOCH,TN,37013,8761,SOUTH,36.02,-86.6785,"(36.02, -86.6785)"
20140115032,2/1/2014 17:52,1,0,0,N,N,876597,0,NOT COLLISION W/MOTOR VEHICLE-TRANSPORT,1,NO ADVERSE CONDITIONS,2,DARK - NOT LIGHTED,50,DEER (ANIMAL),BATTLE RD & BURKITT RD,ANTIOCH,TN,37013,8771,SOUTH,35.995,-86.6244,"(35.995, -86.6244)"
20140131461,2/6/2014 23:10,1,0,0,N,N,109544,0,NOT COLLISION W/MOTOR VEHICLE-TRANSPORT,1,NO ADVERSE CONDITIONS,2,DARK - NOT LIGHTED,50,DEER (ANIMAL),CANE RIDGE RD & MOUNTAINHIGH DR,ANTIOCH,TN,37013,8751,SOUTH,36.039,-86.6591,"(36.039, -86.6591)"
20140134229,2/7/2014 17:39,1,0,0,N,N,693102,0,NOT COLLISION W/MOTOR VEHICLE-TRANSPORT,1,NO ADVERSE CONDITIONS,2,DARK - NOT LIGHTED,50,DEER (ANIMAL),BROADMOOR DR & ELLINGTON PKWY S,NASHVILLE,TN,37216,1880,EAST,36.2307,-86.7477,"(36.2307, -86.7477)"
20140135948,2/8/2014 4:10,1,0,0,N,N,834803,0,NOT COLLISION W/MOTOR VEHICLE-TRANSPORT,1,NO ADVERSE CONDITIONS,2,DARK - NOT LIGHTED,50,DEER (ANIMAL),8461 RIVER ROAD PIKE,,TN,37209,4705,WEST,36.2021,-86.9794,"(36.2021, -86.9794)"
20140136129,2/8/2014 6:32,1,0,0,N,N,685924,0,NOT COLLISION W/MOTOR VEHICLE-TRANSPORT,4,SNOW,5,DUSK,50,DEER (ANIMAL),EATONS CREEK RD & LITTLE MARROWBONE RD,,TN,37080,,,36.2736,-86.8952,"(36.2736, -86.8952)"
20140146721,2/11/2014 20:50,1,0,0,N,N,769391,0,NOT COLLISION W/MOTOR VEHICLE-TRANSPORT,1,NO ADVERSE CONDITIONS,2,DARK - NOT LIGHTED,50,DEER (ANIMAL),OLD RIVER RD & RIVER ROAD PIKE,NASHVILLE,TN,37209,4707,WEST,36.1362,-86.9339,"(36.1362, -86.9339)"
20140147972,2/12/2014 6:30,1,0,0,N,N,226622,2,HEAD-ON,1,NO ADVERSE CONDITIONS,4,DAWN,50,DEER (ANIMAL),7575 COCKRILL BEND BLVD,NASHVILLE,TN,37209,4653,WEST,36.1886,-86.8976,"(36.1886, -86.8976)"
20140153128,2/13/2014 18:21,1,0,0,N,N,110071,0,NOT COLLISION W/MOTOR VEHICLE-TRANSPORT,1,NO ADVERSE CONDITIONS,2,DARK - NOT LIGHTED,50,DEER (ANIMAL),BRANDAU RD & CENTRAL PIKE,HERMITAGE,TN,37076,9511,HERMIT,36.1803,-86.6214,"(36.1803, -86.6214)"
20140153135,2/13/2014 19:03,1,0,0,N,N,633383,0,NOT COLLISION W/MOTOR VEHICLE-TRANSPORT,1,NO ADVERSE CONDITIONS,2,DARK - NOT LIGHTED,50,DEER (ANIMAL),4241 GRAYS POINT RD,JOELTON,TN,37080,3319,NORTH,36.2907,-86.9057,"(36.2907, -86.9057)"
20140156869,2/14/2014 21:01,1,0,0,N,N,876602,0,NOT COLLISION W/MOTOR VEHICLE-TRANSPORT,1,NO ADVERSE CONDITIONS,2,DARK - NOT LIGHTED,50,DEER (ANIMAL),LAKEVIEW DR & RIVER ROAD PIKE,NASHVILLE,TN,37209,4705,WEST,36.1591,-86.9509,"(36.1591, -86.9509)"
20140160494,2/16/2014 3:50,1,0,0,N,N,834803,0,NOT COLLISION W/MOTOR VEHICLE-TRANSPORT,1,NO ADVERSE CONDITIONS,3,DARK - LIGHTED,50,DEER (ANIMAL),BROOKMONT TER & HARDING PIKE,NASHVILLE,,37205,4911,WEST,36.0897,-86.8912,"(36.0897, -86.8912)"
20140163025,2/17/2014 4:45,1,0,0,N,N,493301,0,NOT COLLISION W/MOTOR VEHICLE-TRANSPORT,1,NO ADVERSE CONDITIONS,2,DARK - NOT LIGHTED,50,DEER (ANIMAL),HWY 100 & TRACESIDE DR,NASHVILLE,TN,37221,4807,WEST,36.038,-86.9645,"(36.038, -86.9645)"
20140164687,2/17/2014 15:07,1,0,0,N,N,665896,1,REAR END,2,RAIN,1,DAYLIGHT,50,DEER (ANIMAL),1250 ROBINSON RD,OLD HICKORY,TN,37138,9619,HERMIT,36.2598,-86.6596,"(36.2598, -86.6596)"
20140179065,2/21/2014 23:20,1,0,0,N,N,676825,0,NOT COLLISION W/MOTOR VEHICLE-TRANSPORT,1,NO ADVERSE CONDITIONS,2,DARK - NOT LIGHTED,50,DEER (ANIMAL),CHICKERING CIR & OLD HICKORY BLVD,NASHVILLE,TN,37221,6211,WEST,36.051,-86.8816,"(36.051, -86.8816)"
20140183198,2/23/2014 16:55,1,0,0,N,N,110059,0,NOT COLLISION W/MOTOR VEHICLE-TRANSPORT,1,NO ADVERSE CONDITIONS,5,DUSK,50,DEER (ANIMAL),4312 GALLATIN PIKE,NASHVILLE,TN,37216,1501,EAST,36.2264,-86.7254,"(36.2264, -86.7254)"
20140190838,2/26/2014 1:07,1,0,0,N,Y,109543,0,NOT COLLISION W/MOTOR VEHICLE-TRANSPORT,1,NO ADVERSE CONDITIONS,2,DARK - NOT LIGHTED,50,DEER (ANIMAL),MYATT DR & NORTHGATE BUSINESS PKWY,MADISON,TN,37115,1715,MADISO,36.2837,-86.6923,"(36.2837, -86.6923)"
20140204377,3/1/2014 21:40,1,0,0,N,N,834805,2,HEAD-ON,1,NO ADVERSE CONDITIONS,2,DARK - NOT LIGHTED,50,DEER (ANIMAL),8550 HWY 70,PEGRAM,TN,37143,4715,WEST,36.0932,-86.9975,"(36.0932, -86.9975)"
20140204532,3/1/2014 23:25,1,0,0,N,N,676825,0,NOT COLLISION W/MOTOR VEHICLE-TRANSPORT,1,NO ADVERSE CONDITIONS,2,DARK - NOT LIGHTED,50,DEER (ANIMAL),HILLSBORO PIKE & OTTER CREEK RD,NASHVILLE,TN,37215,6307,MIDTOW,36.0681,-86.8441,"(36.0681, -86.8441)"
20140227947,3/3/2014 20:32,1,0,0,N,N,110083,2,HEAD-ON,1,NO ADVERSE CONDITIONS,2,DARK - NOT LIGHTED,50,DEER (ANIMAL),2795 UNION HILL RD,WHITES CREEK,TN,37189,2211,NORTH,36.3332,-86.845,"(36.3332, -86.845)"
20140229072,3/9/2014 5:00,1,0,0,N,N,224464,0,NOT COLLISION W/MOTOR VEHICLE-TRANSPORT,1,NO ADVERSE CONDITIONS,2,DARK - NOT LIGHTED,50,DEER (ANIMAL),1604 SPRINGFIELD HWY,GOODLETTSVILLE,TN,37072,2201,MADISO,,,
20140231765,3/10/2014 5:55,1,0,0,N,N,267831,0,NOT COLLISION W/MOTOR VEHICLE-TRANSPORT,1,NO ADVERSE CONDITIONS,4,DAWN,50,DEER (ANIMAL),7323 RIVER ROAD PIKE,NASHVILLE,TN,37209,4705,WEST,36.1442,-86.9525,"(36.1442, -86.9525)"
20140235674,3/11/2014 6:47,1,0,0,N,N,224955,4,ANGLE,1,NO ADVERSE CONDITIONS,3,DARK - LIGHTED,50,DEER (ANIMAL),HICKORY VALLEY RD & HILLWOOD BLVD,NASHVILLE,TN,37205,5013,WEST,36.131,-86.8684,"(36.131, -86.8684)"
20140239246,3/12/2014 6:59,1,0,0,N,N,834818,0,NOT COLLISION W/MOTOR VEHICLE-TRANSPORT,2,RAIN,4,DAWN,50,DEER (ANIMAL),4754 WHITES CREEK PIKE,,TN,37189,3305,NORTH,36.2823,-86.8374,"(36.2823, -86.8374)"
20140266400,3/19/2014 22:48,1,0,0,N,N,151146,2,HEAD-ON,1,NO ADVERSE CONDITIONS,3,DARK - LIGHTED,50,DEER (ANIMAL),2211 SMITH SPRINGS RD,NASHVILLE,TN,37217,8935,HERMIT,36.0964,-86.6432,"(36.0964, -86.6432)"
20140381758,3/22/2014 7:25,1,0,0,N,N,222047,4,ANGLE,1,NO ADVERSE CONDITIONS,1,DAYLIGHT,50,DEER (ANIMAL),SMITH SPRINGS CT & SMITH SPRINGS RD,NASHVILLE,,37217,8935,HERMIT,36.0948,-86.6355,"(36.0948, -86.6355)"
20140280236,3/24/2014 4:34,1,0,0,N,N,420046,0,NOT COLLISION W/MOTOR VEHICLE-TRANSPORT,1,NO ADVERSE CONDITIONS,2,DARK - NOT LIGHTED,50,DEER (ANIMAL),7982 WHITES CREEK PIKE,,TN,37080,2313,NORTH,36.3606,-86.8858,"(36.3606, -86.8858)"
20140288143,3/26/2014 5:15,1,0,0,N,N,146773,0,NOT COLLISION W/MOTOR VEHICLE-TRANSPORT,1,NO ADVERSE CONDITIONS,2,DARK - NOT LIGHTED,50,DEER (ANIMAL),CUB CREEK RD & RIVER ROAD PIKE,,TN,37209,4705,,36.1927,-86.9625,"(36.1927, -86.9625)"
20140292206,3/27/2014 5:30,1,0,0,N,N,226099,2,HEAD-ON,1,NO ADVERSE CONDITIONS,1,DAYLIGHT,50,DEER (ANIMAL),4642 ASHLAND CITY HWY,NASHVILLE,,37218,,,,,
20140292228,3/27/2014 6:35,1,0,0,N,N,226306,0,NOT COLLISION W/MOTOR VEHICLE-TRANSPORT,1,NO ADVERSE CONDITIONS,1,DAYLIGHT,50,DEER (ANIMAL),HWY 100 & HWY 96,NASHVILLE,TN,37221,4805,WEST,36.0176,-87.0309,"(36.0176, -87.0309)"
20140299597,3/29/2014 2:30,1,0,0,N,N,134872,2,HEAD-ON,1,NO ADVERSE CONDITIONS,2,DARK - NOT LIGHTED,50,DEER (ANIMAL),HILLS CHAPEL RD & NOLENSVILLE PIKE,ANTIOCH,TN,37013,8759,SOUTH,36.0172,-86.7071,"(36.0172, -86.7071)"
20140301157,3/29/2014 18:37,1,0,0,N,N,134903,0,NOT COLLISION W/MOTOR VEHICLE-TRANSPORT,1,NO ADVERSE CONDITIONS,1,DAYLIGHT,50,DEER (ANIMAL),1241 ROBINSON RD,OLD HICKORY,TN,37138,9611,HERMIT,36.2599,-86.6595,"(36.2599, -86.6595)"
20140302756,3/30/2014 4:06,1,0,0,N,N,109545,1,REAR END,1,NO ADVERSE CONDITIONS,2,DARK - NOT LIGHTED,50,DEER (ANIMAL),4629 GRAYS POINT RD,JOELTON,TN,37080,3319,NORTH,36.288,-86.9219,"(36.288, -86.9219)"
20140303469,3/30/2014 13:00,1,0,0,N,N,134868,0,NOT COLLISION W/MOTOR VEHICLE-TRANSPORT,1,NO ADVERSE CONDITIONS,1,DAYLIGHT,50,DEER (ANIMAL),425 NATCHEZ TRCE,NASHVILLE,TN,37212,5813,MIDTOW,36.1425,-86.8103,"(36.1425, -86.8103)"
20140323631,4/5/2014 6:56,1,0,0,N,N,151141,2,HEAD-ON,1,NO ADVERSE CONDITIONS,1,DAYLIGHT,50,DEER (ANIMAL),HESTER BEASLEY RD & HWY 100,NASHVILLE,TN,37221,4805,WEST,,,
20140326352,4/6/2014 5:04,1,0,0,N,N,134898,0,NOT COLLISION W/MOTOR VEHICLE-TRANSPORT,1,NO ADVERSE CONDITIONS,2,DARK - NOT LIGHTED,50,DEER (ANIMAL),I 40 E & OLD HICKORY BLVD,HERMITAGE,TN,37076,9543,HERMIT,36.1703,-86.6014,"(36.1703, -86.6014)"
20140340215,4/10/2014 3:45,1,0,0,N,N,824608,0,NOT COLLISION W/MOTOR VEHICLE-TRANSPORT,1,NO ADVERSE CONDITIONS,2,DARK - NOT LIGHTED,50,DEER (ANIMAL),CHANDLER RD & SADDLEBROOKE PL,HERMITAGE,TN,37076,9523,HERMIT,36.1927,-86.6023,"(36.1927, -86.6023)"
20140352937,4/13/2014 23:18,1,0,0,N,N,151139,4,ANGLE,1,NO ADVERSE CONDITIONS,2,DARK - NOT LIGHTED,50,DEER (ANIMAL),BINGHAM DR & CAMPBELL RD,GOODLETTSVILLE,TN,37072,2139,MADISO,36.2937,-86.7455,"(36.2937, -86.7455)"
20140352989,4/13/2014 23:47,1,0,0,N,N,110090,2,HEAD-ON,1,NO ADVERSE CONDITIONS,3,DARK - LIGHTED,50,DEER (ANIMAL),BELL RD & BROOK VIEW ESTATES DR,ANTIOCH,TN,37013,8719,SOUTH,36.044,-86.6933,"(36.044, -86.6933)"
20140355697,4/14/2014 17:45,1,0,0,N,N,224486,0,NOT COLLISION W/MOTOR VEHICLE-TRANSPORT,1,NO ADVERSE CONDITIONS,1,DAYLIGHT,50,DEER (ANIMAL),I 24 E & BELL RD,NASHVILLE,TN,37211,8706,SOUTH,36.0456,-86.659,"(36.0456, -86.659)"
20140375568,4/20/2014 6:00,1,0,0,N,N,134879,4,ANGLE,1,NO ADVERSE CONDITIONS,1,DAYLIGHT,50,DEER (ANIMAL),2424 N GALLATIN PIKE,MADISON,TN,37115,1737,MADISO,36.3093,-86.675,"(36.3093, -86.675)"
20140376911,4/20/2014 20:47,1,0,0,N,N,807343,2,HEAD-ON,1,NO ADVERSE CONDITIONS,2,DARK - NOT LIGHTED,50,DEER (ANIMAL),1815 HOBSON PIKE,,TN,37013,8971,SOUTH,36.0439,-86.605,"(36.0439, -86.605)"
20140377779,4/21/2014 5:20,42,0,0,N,N,660929,0,NOT COLLISION W/MOTOR VEHICLE-TRANSPORT,1,NO ADVERSE CONDITIONS,4,DAWN,50,DEER (ANIMAL),1101 LEBANON PIKE,NASHVILLE,TN,37210,9011,HERMIT,36.154,-86.7359,"(36.154, -86.7359)"
20140380483,4/21/2014 21:07,1,0,0,N,N,716886,2,HEAD-ON,2,RAIN,2,DARK - NOT LIGHTED,50,DEER (ANIMAL),NOLENSVILLE PIKE & OLD BURKITT RD,,TN,37013,8767,SOUTH,35.9928,-86.6849,"(35.9928, -86.6849)"
20140393493,4/25/2014 1:20,1,0,0,N,N,876569,2,HEAD-ON,2,RAIN,3,DARK - LIGHTED,50,DEER (ANIMAL),MM 215 4 I40 E,NASHVILLE,TN,37217,89020,HERMIT,36.1432,-86.6864,"(36.1432, -86.6864)"
20140401718,4/27/2014 19:19,1,0,0,N,N,109535,0,NOT COLLISION W/MOTOR VEHICLE-TRANSPORT,2,RAIN,2,DARK - NOT LIGHTED,50,DEER (ANIMAL),N GALLATIN PIKE & RIVERCHASE BLVD,MADISON,TN,37115,1721,MADISO,36.309,-86.6801,"(36.309, -86.6801)"
20140402876,4/28/2014 5:36,1,0,0,N,N,716877,0,NOT COLLISION W/MOTOR VEHICLE-TRANSPORT,1,NO ADVERSE CONDITIONS,3,DARK - LIGHTED,50,DEER (ANIMAL),BURKITT RD & WHITTEMORE LN,NOLENSVILLE,TN,37135,8773,SOUTH,35.9919,-86.6548,"(35.9919, -86.6548)"
20140414638,5/1/2014 7:08,1,0,0,N,N,224567,6,SIDESWIPE - OPPOSITE DIRECTION,1,NO ADVERSE CONDITIONS,1,DAYLIGHT,50,DEER (ANIMAL),3035 HAMILTON CHURCH RD,ANTIOCH,TN,37013,8865,SOUTH,36.0622,-86.6312,"(36.0622, -86.6312)"
20140422044,5/3/2014 11:00,1,0,0,N,N,224567,0,NOT COLLISION W/MOTOR VEHICLE-TRANSPORT,1,NO ADVERSE CONDITIONS,1,DAYLIGHT,50,DEER (ANIMAL),LINBAR DR & WALLACE RD,NASHVILLE,TN,37211,8707,SOUTH,36.0387,-86.731,"(36.0387, -86.731)"
20140424388,5/4/2014 6:45,1,0,0,N,N,110094,4,ANGLE,1,NO ADVERSE CONDITIONS,1,DAYLIGHT,50,DEER (ANIMAL),BELL RD & MOSSDALE DR,NASHVILLE,TN,37217,8963,,36.0828,-86.6287,"(36.0828, -86.6287)"
20140424498,5/4/2014 8:28,1,0,0,N,N,151141,4,ANGLE,1,NO ADVERSE CONDITIONS,1,DAYLIGHT,50,DEER (ANIMAL),I 40 E & MCCRORY LN,NASHVILLE,TN,37221,4802,WEST,36.0774,-87.0199,"(36.0774, -87.0199)"
20140453376,5/13/2014 6:05,1,1,0,N,N,109528,0,NOT COLLISION W/MOTOR VEHICLE-TRANSPORT,1,NO ADVERSE CONDITIONS,4,DAWN,50,DEER (ANIMAL),HWY 100 & NATCHEZ TRACE PKWY,NASHVILLE,TN,37221,4803,WEST,,,
20140459783,5/14/2014 22:14,1,0,0,N,N,151129,0,NOT COLLISION W/MOTOR VEHICLE-TRANSPORT,2,RAIN,3,DARK - LIGHTED,50,DEER (ANIMAL),NOLENSVILLE PIKE & ZOO RD,NASHVILLE,TN,37211,8415,SOUTH,36.09,-86.7337,"(36.09, -86.7337)"
20140462720,5/15/2014 18:28,1,0,0,N,N,262,2,HEAD-ON,1,NO ADVERSE CONDITIONS,1,DAYLIGHT,50,DEER (ANIMAL),MOUNTAINVIEW DR & MOUNTAINVIEW DR,NASHVILLE,TN,37215,6313,MIDTOW,36.0797,-86.8169,"(36.0797, -86.8169)"
20140459743,5/17/2014 19:18,1,0,0,N,N,769384,0,NOT COLLISION W/MOTOR VEHICLE-TRANSPORT,1,NO ADVERSE CONDITIONS,1,DAYLIGHT,50,DEER (ANIMAL),9443 HWY 100,NASHVILLE,TN,37221,4805,WEST,36.0166,-87.0329,"(36.0166, -87.0329)"
20140469743,5/17/2014 19:18,1,0,0,N,N,769384,0,NOT COLLISION W/MOTOR VEHICLE-TRANSPORT,1,NO ADVERSE CONDITIONS,1,DAYLIGHT,50,DEER (ANIMAL),9443 HWY 100,NASHVILLE,TN,37221,4805,WEST,36.0166,-87.0329,"(36.0166, -87.0329)"
20140471471,5/18/2014 8:20,1,1,0,N,N,226669,4,ANGLE,1,NO ADVERSE CONDITIONS,1,DAYLIGHT,50,DEER (ANIMAL),BRILEY PKWY W & I 24 W,NASHVILLE,TN,37207,2014,MADISO,36.2381,-86.7859,"(36.2381, -86.7859)"
20140474067,5/19/2014 8:34,1,0,0,N,N,110063,0,NOT COLLISION W/MOTOR VEHICLE-TRANSPORT,1,NO ADVERSE CONDITIONS,1,DAYLIGHT,50,DEER (ANIMAL),I 24 E & BIDWELL RD,JOELTON,TN,37080,3331,NORTH,36.3262,-86.8867,"(36.3262, -86.8867)"
20140498219,5/26/2014 11:39,1,0,0,N,N,226214,2,HEAD-ON,1,NO ADVERSE CONDITIONS,1,DAYLIGHT,50,DEER (ANIMAL),818 DICKERSON PIKE,NASHVILLE,TN,37207,1953,EAST,36.1854,-86.7737,"(36.1854, -86.7737)"
20140515690,5/30/2014 21:15,1,0,0,N,N,834798,0,NOT COLLISION W/MOTOR VEHICLE-TRANSPORT,1,NO ADVERSE CONDITIONS,3,DARK - LIGHTED,50,DEER (ANIMAL),HARDING PL & I 65 S,NASHVILLE,TN,37220,7101,MIDTOW,36.0825,-86.764,"(36.0825, -86.764)"
20140520503,6/1/2014 15:04,1,0,0,N,N,110083,2,HEAD-ON,1,NO ADVERSE CONDITIONS,1,DAYLIGHT,50,DEER (ANIMAL),I 24 E & BRICK CHURCH PIKE,NASHVILLE,TN,37207,2010,MADISO,36.23,-86.7816,"(36.23, -86.7816)"
20140521590,6/1/2014 22:53,1,1,0,N,N,109544,0,NOT COLLISION W/MOTOR VEHICLE-TRANSPORT,1,NO ADVERSE CONDITIONS,2,DARK - NOT LIGHTED,50,DEER (ANIMAL),CONCORD HILLS DR & NOLENSVILLE PIKE,NASHVILLE,TN,37211,8651,MIDTOW,35.9995,-86.6934,"(35.9995, -86.6934)"
20140522598,6/2/2014 8:02,1,0,0,N,N,461089,0,NOT COLLISION W/MOTOR VEHICLE-TRANSPORT,1,NO ADVERSE CONDITIONS,1,DAYLIGHT,50,DEER (ANIMAL),21ST AVE S & BEECHWOOD AVE,NASHVILLE,,37212,6509,MIDTOW,36.1271,-86.804,"(36.1271, -86.804)"
20140522655,6/2/2014 8:13,1,0,0,N,N,110063,0,NOT COLLISION W/MOTOR VEHICLE-TRANSPORT,1,NO ADVERSE CONDITIONS,1,DAYLIGHT,50,DEER (ANIMAL),CLARKSVILLE PIKE & DRY FORK RD,NASHVILLE,TN,37218,3215,NORTH,36.2468,-86.8346,"(36.2468, -86.8346)"
20140525929,6/3/2014 6:00,1,0,0,N,N,109516,4,ANGLE,1,NO ADVERSE CONDITIONS,1,DAYLIGHT,50,DEER (ANIMAL),1055 NEELYS BEND RD,MADISON,TN,37115,1633,MADISO,36.2481,-86.6826,"(36.2481, -86.6826)"
20140528653,6/3/2014 20:35,1,0,0,N,N,140804,0,NOT COLLISION W/MOTOR VEHICLE-TRANSPORT,1,NO ADVERSE CONDITIONS,2,DARK - NOT LIGHTED,50,DEER (ANIMAL),HAMILTON CHURCH RD & HOBSON PIKE,ANTIOCH,TN,37013,8927,SOUTH,36.0587,-86.5978,"(36.0587, -86.5978)"
20140540937,6/6/2014 19:42,1,0,0,N,N,633383,0,NOT COLLISION W/MOTOR VEHICLE-TRANSPORT,1,NO ADVERSE CONDITIONS,1,DAYLIGHT,50,DEER (ANIMAL),BRILEY PKWY W & I 24 E,WHITES CREEK,TN,37189,3202,NORTH,36.2381,-86.7863,"(36.2381, -86.7863)"
20140542652,6/7/2014 10:00,1,0,0,N,N,468092,2,HEAD-ON,1,NO ADVERSE CONDITIONS,1,DAYLIGHT,50,DEER (ANIMAL),I 40 E & CHARLOTTE PIKE,NASHVILLE,TN,37209,5009,WEST,36.1309,-86.8989,"(36.1309, -86.8989)"
20140547160,6/9/2014 4:30,1,0,0,N,N,1410781,0,NOT COLLISION W/MOTOR VEHICLE-TRANSPORT,1,NO ADVERSE CONDITIONS,3,DARK - LIGHTED,50,DEER (ANIMAL),CLARKSVILLE PIKE & W HAMILTON AVE,NASHVILLE,TN,37218,3123,NORTH,36.2075,-86.8398,"(36.2075, -86.8398)"
20140550089,6/9/2014 21:44,1,0,0,N,N,716886,4,ANGLE,2,RAIN,2,DARK - NOT LIGHTED,50,DEER (ANIMAL),6444 BURKITT RD,ANTIOCH,TN,37013,8769,SOUTH,35.9897,-86.6306,"(35.9897, -86.6306)"
20140554685,6/11/2014 4:10,1,0,0,Y,N,226220,0,NOT COLLISION W/MOTOR VEHICLE-TRANSPORT,1,NO ADVERSE CONDITIONS,2,DARK - NOT LIGHTED,50,DEER (ANIMAL),HARBOR VILLAGE DR & TWIN HILLS DR,MADISON,TN,37115,1721,MADISO,36.2973,-86.6872,"(36.2973, -86.6872)"