Accident Number,Date and Time,Number of Motor Vehicles,Number of Injuries,Number of Fatalities,Property Damage,Hit and Run,Reporting Officer,Collision Type Code,Collision Type Description,Weather Code,Weather Description,Illumination Code,Illumination Description,Harmful Code,Harmful Code Description,Street Address,City,State,ZIP,RPA,Precinct,Latitude,Longitude,Mapped Location
20140557372,6/11/2014 20:44,1,0,0,N,N,676834,0,NOT COLLISION W/MOTOR VEHICLE-TRANSPORT,1,NO ADVERSE CONDITIONS,2,DARK - NOT LIGHTED,50,DEER (ANIMAL),BURKITT RD & OLD HICKORY BLVD,ANTIOCH,TN,37013,8765,SOUTH,36.0051,-86.6218,"(36.0051, -86.6218)"
20140561027,6/12/2014 18:20,1,0,0,N,N,909473,0,NOT COLLISION W/MOTOR VEHICLE-TRANSPORT,1,NO ADVERSE CONDITIONS,1,DAYLIGHT,50,DEER (ANIMAL),DISSPAYNE DR & LEBANON PIKE,NASHVILLE,TN,37214,9403,HERMIT,36.1726,-86.6495,"(36.1726, -86.6495)"
20140567227,6/14/2014 12:05,1,0,0,N,N,633387,0,NOT COLLISION W/MOTOR VEHICLE-TRANSPORT,1,NO ADVERSE CONDITIONS,1,DAYLIGHT,50,DEER (ANIMAL),I 440 E & NOLENSVILLE PIKE,NASHVILLE,TN,37211,83061,MIDTOW,36.1228,-86.7511,"(36.1228, -86.7511)"
20140571787,6/16/2014 6:49,1,1,0,N,N,876578,0,NOT COLLISION W/MOTOR VEHICLE-TRANSPORT,1,NO ADVERSE CONDITIONS,1,DAYLIGHT,50,DEER (ANIMAL),3051 LEBANON PIKE,NASHVILLE,TN,37214,9403,HERMIT,36.1755,-86.6464,"(36.1755, -86.6464)"
20140574193,6/16/2014 20:36,1,0,0,N,N,134901,0,NOT COLLISION W/MOTOR VEHICLE-TRANSPORT,1,NO ADVERSE CONDITIONS,2,DARK - NOT LIGHTED,50,DEER (ANIMAL),I 24 W & WHITES CREEK PIKE,JOELTON,TN,37080,3331,NORTH,36.324,-86.8684,"(36.324, -86.8684)"
20140574664,6/16/2014 23:15,1,0,0,N,N,405424,4,ANGLE,1,NO ADVERSE CONDITIONS,3,DARK - LIGHTED,50,DEER (ANIMAL),HOBSON PIKE & SMITH SPRINGS PKWY,ANTIOCH,TN,37013,8977,SOUTH,36.0685,-86.5852,"(36.0685, -86.5852)"
20140582812,6/19/2014 5:52,1,0,0,N,N,576169,0,NOT COLLISION W/MOTOR VEHICLE-TRANSPORT,1,NO ADVERSE CONDITIONS,1,DAYLIGHT,50,DEER (ANIMAL),4981 ASHLAND CITY HWY,NASHVILLE,TN,37218,3235,NORTH,36.2106,-86.9123,"(36.2106, -86.9123)"
20140587424,6/20/2014 10:43,1,0,0,N,N,462494,0,NOT COLLISION W/MOTOR VEHICLE-TRANSPORT,1,NO ADVERSE CONDITIONS,1,DAYLIGHT,50,DEER (ANIMAL),KNIGHT DR & WHITES CREEK PIKE,NASHVILLE,TN,37207,3025,NORTH,36.2237,-86.8062,"(36.2237, -86.8062)"
20140589990,6/21/2014 0:03,1,1,0,N,N,834803,0,NOT COLLISION W/MOTOR VEHICLE-TRANSPORT,1,NO ADVERSE CONDITIONS,3,DARK - LIGHTED,50,DEER (ANIMAL),MM 201 0 I40 E,NASHVILLE,TN,37205,49024,WEST,36.1302,-86.8991,"(36.1302, -86.8991)"
20140592422,6/21/2014 22:00,1,1,0,N,N,876590,0,NOT COLLISION W/MOTOR VEHICLE-TRANSPORT,1,NO ADVERSE CONDITIONS,2,DARK - NOT LIGHTED,50,DEER (ANIMAL),MT VIEW RD & OLD FRANKLIN RD,ANTIOCH,TN,37013,8867,SOUTH,36.0435,-86.6309,"(36.0435, -86.6309)"
20140595682,6/23/2014 5:16,1,0,0,N,N,110077,2,HEAD-ON,1,NO ADVERSE CONDITIONS,4,DAWN,50,DEER (ANIMAL),6212 HILLSBORO PIKE,NASHVILLE,TN,37215,6303,MIDTOW,36.057,-86.8548,"(36.057, -86.8548)"
20140595893,6/23/2014 6:20,1,0,0,N,N,226622,2,HEAD-ON,1,NO ADVERSE CONDITIONS,4,DAWN,50,DEER (ANIMAL),7475 COCKRILL BEND BLVD,NASHVILLE,TN,37209,4653,WEST,36.1784,-86.896,"(36.1784, -86.896)"
20140607344,6/26/2014 9:41,1,0,0,N,N,685924,0,NOT COLLISION W/MOTOR VEHICLE-TRANSPORT,1,NO ADVERSE CONDITIONS,1,DAYLIGHT,50,DEER (ANIMAL),BRILEY PKWY E & CLARKSVILLE PIKE,NASHVILLE,TN,37218,3110,NORTH,36.229,-86.8344,"(36.229, -86.8344)"
20140625601,7/1/2014 20:43,1,0,0,N,N,620082,0,NOT COLLISION W/MOTOR VEHICLE-TRANSPORT,1,NO ADVERSE CONDITIONS,2,DARK - NOT LIGHTED,50,DEER (ANIMAL),4487 GRAYS POINT RD,JOELTON,TN,37080,3319,NORTH,36.2886,-86.9156,"(36.2886, -86.9156)"
20140629678,7/3/2014 23:22,1,0,0,N,N,716877,0,NOT COLLISION W/MOTOR VEHICLE-TRANSPORT,1,NO ADVERSE CONDITIONS,2,DARK - NOT LIGHTED,50,DEER (ANIMAL),14775 OLD HICKORY BLVD,ANTIOCH,TN,37013,8757,SOUTH,36.0367,-86.697,"(36.0367, -86.697)"
20140637286,7/5/2014 11:00,1,0,0,N,N,161958,0,NOT COLLISION W/MOTOR VEHICLE-TRANSPORT,1,NO ADVERSE CONDITIONS,1,DAYLIGHT,50,DEER (ANIMAL),MM 77 2 I65 N,NASHVILLE,TN,37220,86042,MIDTOW,36.0756,-86.7679,"(36.0756, -86.7679)"
20140637762,7/5/2014 14:30,1,0,0,N,N,134901,2,HEAD-ON,1,NO ADVERSE CONDITIONS,1,DAYLIGHT,50,DEER (ANIMAL),MORGAN RD & WHITES CREEK PIKE,JOELTON,TN,37080,2309,NORTH,36.3365,-86.87,"(36.3365, -86.87)"
20140641196,7/7/2014 0:30,1,0,0,N,N,109544,0,NOT COLLISION W/MOTOR VEHICLE-TRANSPORT,1,NO ADVERSE CONDITIONS,3,DARK - LIGHTED,50,DEER (ANIMAL),HARDING PL & I 65 N,NASHVILLE,TN,37204,8529,MIDTOW,36.0825,-86.7637,"(36.0825, -86.7637)"
20140641309,7/7/2014 2:00,1,0,0,N,N,109501,0,NOT COLLISION W/MOTOR VEHICLE-TRANSPORT,1,NO ADVERSE CONDITIONS,3,DARK - LIGHTED,50,DEER (ANIMAL),CHEEKWOOD TER & HWY 100,NASHVILLE,TN,37205,6209,WEST,36.0882,-86.8811,"(36.0882, -86.8811)"
20140658874,7/11/2014 7:50,1,0,0,N,N,226306,0,NOT COLLISION W/MOTOR VEHICLE-TRANSPORT,1,NO ADVERSE CONDITIONS,1,DAYLIGHT,50,DEER (ANIMAL),OLD HICKORY BLVD & S HIGHLANDS DR,NASHVILLE,,37221,4901,WEST,36.0644,-86.9172,"(36.0644, -86.9172)"
20140688420,7/22/2014 12:21,1,0,0,N,N,267831,0,NOT COLLISION W/MOTOR VEHICLE-TRANSPORT,1,NO ADVERSE CONDITIONS,1,DAYLIGHT,50,DEER (ANIMAL),7731 HWY 70 S,NASHVILLE,TN,37221,4713,WEST,,,
20140713984,7/31/2014 18:07,1,0,0,,N,909485,0,NOT COLLISION W/MOTOR VEHICLE-TRANSPORT,21,CLEAR,1,DAYLIGHT,50,DEER (ANIMAL),US HWY 31E & RIVERCHASE BLVD,MADISON,TN,37115,1721,MADISO,36.309,-86.6792,"(36.309, -86.6792)"
20140718062,8/1/2014 0:30,1,0,0,N,N,594473,5,SIDESWIPE - SAME DIRECTION,1,NO ADVERSE CONDITIONS,3,DARK - LIGHTED,50,DEER (ANIMAL),DISSPAYNE DR & LEBANON PIKE,NASHVILLE,TN,37214,9403,HERMIT,36.1726,-86.6495,"(36.1726, -86.6495)"
20140718171,8/1/2014 0:49,1,0,0,N,N,420046,0,NOT COLLISION W/MOTOR VEHICLE-TRANSPORT,1,NO ADVERSE CONDITIONS,2,DARK - NOT LIGHTED,50,DEER (ANIMAL),FREUDEMAN RD & OLD HICKORY BLVD,JOELTON,TN,37080,3233,NORTH,36.2694,-86.8789,"(36.2694, -86.8789)"
20140723387,8/2/2014 20:56,1,0,0,N,N,414422,0,NOT COLLISION W/MOTOR VEHICLE-TRANSPORT,1,NO ADVERSE CONDITIONS,3,DARK - LIGHTED,50,DEER (ANIMAL),CHARLOTTE PIKE & OLD CHARLOTTE PIKE,NASHVILLE,TN,37209,5009,WEST,36.1339,-86.8903,"(36.1339, -86.8903)"
20140729631,8/5/2014 6:39,1,0,0,,N,226207,0,NOT COLLISION W/MOTOR VEHICLE-TRANSPORT,21,CLEAR,4,DAWN,50,DEER (ANIMAL),STEWARTS FERRY PIKE & UNNAMED STREET,NASHVILLE,TN,37214,9405,HERMIT,36.1626,-86.6479,"(36.1626, -86.6479)"
20140752788,8/12/2014 20:38,1,0,0,N,N,716886,0,NOT COLLISION W/MOTOR VEHICLE-TRANSPORT,1,NO ADVERSE CONDITIONS,3,DARK - LIGHTED,50,DEER (ANIMAL),5832 NOLENSVILLE PIKE,ANTIOCH,TN,37013,8757,SOUTH,36.0411,-86.7128,"(36.0411, -86.7128)"
20140765341,8/17/2014 0:37,1,0,0,N,N,110096,2,HEAD-ON,1,NO ADVERSE CONDITIONS,3,DARK - LIGHTED,50,DEER (ANIMAL),CROSSINGS BLVD & MT VIEW RD,ANTIOCH,TN,37013,8863,SOUTH,36.0455,-86.6473,"(36.0455, -86.6473)"
20140817305,9/2/2014 19:40,1,0,0,N,N,344363,0,NOT COLLISION W/MOTOR VEHICLE-TRANSPORT,2,RAIN,2,DARK - NOT LIGHTED,50,DEER (ANIMAL),OLD HICKORY BLVD & VAUGHN RD,NASHVILLE,TN,37221,6213,WEST,36.0539,-86.8987,"(36.0539, -86.8987)"
20140820585,9/3/2014 17:31,1,0,0,N,N,882915,0,NOT COLLISION W/MOTOR VEHICLE-TRANSPORT,1,NO ADVERSE CONDITIONS,1,DAYLIGHT,50,DEER (ANIMAL),BATTLE RD & BURKITT RD,ANTIOCH,TN,37013,8771,SOUTH,35.995,-86.6244,"(35.995, -86.6244)"
20140824065,9/4/2014 18:40,1,0,0,,N,909489,0,NOT COLLISION W/MOTOR VEHICLE-TRANSPORT,21,CLEAR,5,DUSK,50,DEER (ANIMAL),LICKTON PIKE & SHAW RD,GOODLETTSVILLE,TN,37072,2207,MADISO,36.3072,-86.8015,"(36.3072, -86.8015)"
20140845122,9/11/2014 7:49,1,0,0,N,N,166480,0,NOT COLLISION W/MOTOR VEHICLE-TRANSPORT,1,NO ADVERSE CONDITIONS,1,DAYLIGHT,50,DEER (ANIMAL),FRANKLIN PIKE & N CURTISWOOD LN,NASHVILLE,TN,37204,7015,MIDTOW,36.0904,-86.7715,"(36.0904, -86.7715)"
20140855416,9/14/2014 9:28,1,0,0,N,N,226811,0,NOT COLLISION W/MOTOR VEHICLE-TRANSPORT,1,NO ADVERSE CONDITIONS,1,DAYLIGHT,50,DEER (ANIMAL),OLD HICKORY BLVD & PETTUS RD,ANTIOCH,TN,37013,8767,SOUTH,36.0269,-86.6808,"(36.0269, -86.6808)"
20140873276,9/19/2014 19:20,1,0,0,,N,909486,0,NOT COLLISION W/MOTOR VEHICLE-TRANSPORT,21,CLEAR,2,DARK - NOT LIGHTED,50,DEER (ANIMAL),TYNE BLVD & SEWANEE RD,NASHVILLE,TN,37220,7107,MIDTOW,36.0807,-86.7984,"(36.0807, -86.7984)"
20140879234,9/22/2014 6:30,1,0,0,,N,226669,0,NOT COLLISION W/MOTOR VEHICLE-TRANSPORT,21,CLEAR,1,DAYLIGHT,50,DEER (ANIMAL),ASHLAND CITY & ASHLAND CITY,NASHVILLE,TN,,,,0,0,"(0.0, 0.0)"
20140897591,9/27/2014 8:10,1,0,0,,N,134886,0,NOT COLLISION W/MOTOR VEHICLE-TRANSPORT,21,CLEAR,1,DAYLIGHT,50,DEER (ANIMAL),PECAN VALLEY RD & STATE HWY 12,NASHVILLE,TN,37218,3325,NORTH,36.213,-86.9375,"(36.213, -86.9375)"
20140898804,9/27/2014 16:29,1,0,0,N,N,909494,0,NOT COLLISION W/MOTOR VEHICLE-TRANSPORT,1,NO ADVERSE CONDITIONS,5,DUSK,50,DEER (ANIMAL),3924 COUCHVILLE PIKE,HERMITAGE,TN,37076,8913,SOUTH,36.0923,-86.5218,"(36.0923, -86.5218)"
20140898482,9/27/2014 18:21,1,0,0,,N,909489,0,NOT COLLISION W/MOTOR VEHICLE-TRANSPORT,21,CLEAR,5,DUSK,50,DEER (ANIMAL),OLD DUE WEST AVE & US HWY 31W,MADISON,TN,37115,2009,MADISO,36.2496,-86.7571,"(36.2496, -86.7571)"
20140909236,10/1/2014 6:00,1,0,0,N,N,633388,0,NOT COLLISION W/MOTOR VEHICLE-TRANSPORT,1,NO ADVERSE CONDITIONS,2,DARK - NOT LIGHTED,50,DEER (ANIMAL),SPRINGFIELD HWY & WILLIAMSON RD,NASHVILLE,TN,37072,2219,MADISO,36.3612,-86.7284,"(36.3612, -86.7284)"
20140915231,10/2/2014 20:11,1,0,0,,N,109534,0,NOT COLLISION W/MOTOR VEHICLE-TRANSPORT,21,CLEAR,1,DAYLIGHT,50,DEER (ANIMAL),STATE HWY 254 & WILDWOOD VALLEY DR,NASHVILLE,TN,37215,6303,MIDTOW,36.0463,-86.8584,"(36.0463, -86.8584)"
20140919859,10/4/2014 7:30,1,0,0,N,N,226306,0,NOT COLLISION W/MOTOR VEHICLE-TRANSPORT,1,NO ADVERSE CONDITIONS,1,DAYLIGHT,50,DEER (ANIMAL),ALLENS LN & POPLAR CREEK RD,,TN,37221,4809,WEST,36.0565,-86.9691,"(36.0565, -86.9691)"
20140921044,10/4/2014 19:22,1,0,0,N,N,140806,0,NOT COLLISION W/MOTOR VEHICLE-TRANSPORT,1,NO ADVERSE CONDITIONS,2,DARK - NOT LIGHTED,50,DEER (ANIMAL),HARDING PL & MCGAVOCK PIKE,NASHVILLE,TN,37217,8841,SOUTH,36.0918,-86.6853,"(36.0918, -86.6853)"
20140926189,10/6/2014 18:31,1,0,0,,N,807344,0,NOT COLLISION W/MOTOR VEHICLE-TRANSPORT,22,CLOUDY,5,DUSK,50,DEER (ANIMAL),SMITH SPRINGS RD & BELL RD,NASHVILLE,TN,37217,8965,HERMIT,36.0903,-86.6265,"(36.0903, -86.6265)"
20140926203,10/6/2014 18:37,1,1,0,N,N,140779,0,NOT COLLISION W/MOTOR VEHICLE-TRANSPORT,1,NO ADVERSE CONDITIONS,2,DARK - NOT LIGHTED,50,DEER (ANIMAL),INDIAN HILLS DR & MCCRORY LN,NASHVILLE,TN,37221,4809,WEST,36.0428,-86.9783,"(36.0428, -86.9783)"
20140926347,10/6/2014 19:33,1,0,0,,N,109536,0,NOT COLLISION W/MOTOR VEHICLE-TRANSPORT,21,CLEAR,2,DARK - NOT LIGHTED,50,DEER (ANIMAL),DUE WEST AVE N & PORT DR,MADISON,TN,37115,2041,MADISO,36.2529,-86.7436,"(36.2529, -86.7436)"
20140927123,10/7/2014 0:45,1,0,0,,N,473663,0,NOT COLLISION W/MOTOR VEHICLE-TRANSPORT,21,CLEAR,2,DARK - NOT LIGHTED,50,DEER (ANIMAL),2621 PENNINGTON BEND & LONGFELLOW,NASHVILLE,TN,,,,0,0,"(0.0, 0.0)"
20140931194,10/8/2014 6:40,1,0,0,N,N,226622,0,NOT COLLISION W/MOTOR VEHICLE-TRANSPORT,1,NO ADVERSE CONDITIONS,4,DAWN,50,DEER (ANIMAL),6533 BROWNLEE DR,NASHVILLE,TN,37205,4903,WEST,36.1131,-86.9019,"(36.1131, -86.9019)"
20140949598,10/14/2014 7:30,1,0,0,,N,226669,0,NOT COLLISION W/MOTOR VEHICLE-TRANSPORT,22,CLOUDY,1,DAYLIGHT,50,DEER (ANIMAL),ASHLAND CITY HIGHWAY & ASHLAND CITY,NASHVILLE,TN,37218,3235,NORTH,36.2109,-86.9005,"(36.2109, -86.9005)"
20140956768,10/16/2014 6:37,1,0,0,,N,224640,0,NOT COLLISION W/MOTOR VEHICLE-TRANSPORT,2,RAIN,4,DAWN,50,DEER (ANIMAL),TULIP GROVE RD & SCOTTS CREEK PKWY,HERMITAGE,TN,37076,9525,HERMIT,36.2031,-86.5916,"(36.2031, -86.5916)"
20140963725,10/17/2014 2:00,1,1,0,,N,716886,0,NOT COLLISION W/MOTOR VEHICLE-TRANSPORT,21,CLEAR,3,DARK - LIGHTED,50,DEER (ANIMAL),STATE HWY 12 & OLD HYDES FERRY PIKE,NASHVILLE,TN,37218,3341,NORTH,36.2095,-86.9305,"(36.2095, -86.9305)"
20140966495,10/19/2014 3:07,1,1,0,Y,N,842254,0,NOT COLLISION W/MOTOR VEHICLE-TRANSPORT,1,NO ADVERSE CONDITIONS,3,DARK - LIGHTED,50,DEER (ANIMAL),CHARLOTTE PIKE & OLD CHARLOTTE PIKE,NASHVILLE,TN,37209,5009,WEST,36.1339,-86.8903,"(36.1339, -86.8903)"
20140974280,10/21/2014 19:15,1,0,0,,N,109496,0,NOT COLLISION W/MOTOR VEHICLE-TRANSPORT,21,CLEAR,2,DARK - NOT LIGHTED,50,DEER (ANIMAL),NASHBORO BLVD & LONG HUNTER CT,NASHVILLE,TN,37217,8937,HERMIT,36.0881,-86.6454,"(36.0881, -86.6454)"
20140975146,10/22/2014 0:30,1,0,0,,N,109503,0,NOT COLLISION W/MOTOR VEHICLE-TRANSPORT,21,CLEAR,3,DARK - LIGHTED,1;50,DEER (ANIMAL),RIVERSIDE DR & FORTLAND DR,NASHVILLE,TN,37206,1307,EAST,36.1749,-86.7266,"(36.1749, -86.7266)"
20140976164,10/22/2014 8:51,1,2,0,,N,687822,0,NOT COLLISION W/MOTOR VEHICLE-TRANSPORT,21,CLEAR,1,DAYLIGHT,50,DEER (ANIMAL),BELL RD & PRIEST WOODS DR,NASHVILLE,TN,37214,8989,HERMIT,36.1275,-86.6296,"(36.1275, -86.6296)"
20140979372,10/23/2014 6:45,1,0,0,,N,226622,0,NOT COLLISION W/MOTOR VEHICLE-TRANSPORT,5,FOG,4,DAWN,50,DEER (ANIMAL),MCCRORY LN & US HWY 70,NASHVILLE,TN,37221,4713,WEST,36.093,-87.0232,"(36.093, -87.0232)"
20140982191,10/23/2014 23:04,1,0,0,,N,420046,0,NOT COLLISION W/MOTOR VEHICLE-TRANSPORT,21,CLEAR,2,DARK - NOT LIGHTED,50,DEER (ANIMAL),8400 US HWY 431,GOODLETTSVILLE,TN,37072,2315,NORTH,36.3757,-86.8934,"(36.3757, -86.8934)"
20140982868,10/24/2014 3:25,1,0,0,,N,807927,0,NOT COLLISION W/MOTOR VEHICLE-TRANSPORT,21,CLEAR,2,DARK - NOT LIGHTED,50,DEER (ANIMAL),EXIT 25 & STATE HWY 155,NASHVILLE,TN,37218,3201,NORTH,36.1907,-86.8644,"(36.1907, -86.8644)"
20140985557,10/24/2014 18:30,1,0,0,,N,110094,0,NOT COLLISION W/MOTOR VEHICLE-TRANSPORT,21,CLEAR,5,DUSK,50,DEER (ANIMAL),US HWY 70 & MUNN RD,NASHVILLE,TN,37214,9311,HERMIT,36.1684,-86.6569,"(36.1684, -86.6569)"
20140996216,10/28/2014 14:00,1,0,0,,N,620082,0,NOT COLLISION W/MOTOR VEHICLE-TRANSPORT,22,CLOUDY,1,DAYLIGHT,50,DEER (ANIMAL),STATE HWY 12 & PECAN VALLEY RD,NASHVILLE,TN,37218,3325,NORTH,36.2053,-86.9475,"(36.2053, -86.9475)"
20141000789,10/29/2014 18:28,1,0,0,,N,429193,0,NOT COLLISION W/MOTOR VEHICLE-TRANSPORT,21,CLEAR,2,DARK - NOT LIGHTED,50,DEER (ANIMAL),US HWY 70 & MCCRORY LN,NASHVILLE,TN,37221,4713,WEST,36.0953,-87.0273,"(36.0953, -87.0273)"
20141000870,10/29/2014 19:37,1,0,0,,N,224851,0,NOT COLLISION W/MOTOR VEHICLE-TRANSPORT,21,CLEAR,3,DARK - LIGHTED,50,DEER (ANIMAL),OLD HICKORY BLVD & SELLS DR,HERMITAGE,TN,37076,9543,HERMIT,36.1684,-86.6002,"(36.1684, -86.6002)"
20141002417,10/30/2014 7:00,1,0,0,,N,161942,0,NOT COLLISION W/MOTOR VEHICLE-TRANSPORT,21,CLEAR,4,DAWN,50,DEER (ANIMAL),DEVON VALLEY DR & STATE HWY 251,NASHVILLE,TN,37221,4901,WEST,36.0668,-86.9169,"(36.0668, -86.9169)"
20141006092,10/31/2014 7:50,1,0,0,,N,226622,0,NOT COLLISION W/MOTOR VEHICLE-TRANSPORT,2,RAIN,3,DARK - LIGHTED,50,DEER (ANIMAL),STATE HWY 96 & RAMP,NASHVILLE,TN,37221,4805,WEST,36.0161,-87.0344,"(36.0161, -87.0344)"
20141006235,10/31/2014 8:00,1,0,0,,N,140781,0,NOT COLLISION W/MOTOR VEHICLE-TRANSPORT,2,RAIN,1,DAYLIGHT,50,DEER (ANIMAL),MM 40 7 I 24,WHITES CREEK,TN,37189,3226,NORTH,36.2743,-86.7974,"(36.2743, -86.7974)"
20141007632,10/31/2014 18:06,1,0,0,,N,137872,0,NOT COLLISION W/MOTOR VEHICLE-TRANSPORT,21,CLEAR,3,DARK - LIGHTED,50,DEER (ANIMAL),STATE HWY 12 & OLD HYDES FERRY PIKE,NASHVILLE,TN,37218,3341,NORTH,36.2095,-86.9305,"(36.2095, -86.9305)"
20141007738,10/31/2014 18:13,1,0,0,,N,876599,0,NOT COLLISION W/MOTOR VEHICLE-TRANSPORT,21,CLEAR,5,DUSK,50,DEER (ANIMAL),US HWY 70 & BEVERLY HILLS DR,NASHVILLE,TN,37221,4713,WEST,36.0964,-87.0296,"(36.0964, -87.0296)"
20141008814,10/31/2014 23:45,1,0,0,,N,909484,0,NOT COLLISION W/MOTOR VEHICLE-TRANSPORT,21,CLEAR,3,DARK - LIGHTED,50,DEER (ANIMAL),MM 91 9 I 65,MADISON,TN,37115,17280,MADISO,36.259,-86.7382,"(36.259, -86.7382)"
20141010988,11/1/2014 18:59,1,0,0,,N,876587,0,NOT COLLISION W/MOTOR VEHICLE-TRANSPORT,21,CLEAR,3,DARK - LIGHTED,50,DEER (ANIMAL),STATE HWY 251 & AMBERWOOD CIR,NASHVILLE,TN,37205,4903,WEST,36.0855,-86.9207,"(36.0855, -86.9207)"
20141011053,11/1/2014 19:02,1,0,0,,N,110063,0,NOT COLLISION W/MOTOR VEHICLE-TRANSPORT,21,CLEAR,2,DARK - NOT LIGHTED,50,DEER (ANIMAL),US HWY 431 & BAXTER RD,JOELTON,TN,37080,2311,NORTH,36.3523,-86.8799,"(36.3523, -86.8799)"
20141011600,11/1/2014 23:23,1,0,0,N,N,842754,0,NOT COLLISION W/MOTOR VEHICLE-TRANSPORT,1,NO ADVERSE CONDITIONS,2,DARK - NOT LIGHTED,50,DEER (ANIMAL),HESTER BEASLEY RD & HWY 100,NASHVILLE,TN,37221,4805,WEST,,,
20141014107,11/3/2014 1:03,1,0,0,,N,879558,0,NOT COLLISION W/MOTOR VEHICLE-TRANSPORT,21,CLEAR,3,DARK - LIGHTED,50,DEER (ANIMAL),MM 218 5 I 40,NASHVILLE,TN,37214,9404,HERMIT,36.1522,-86.6352,"(36.1522, -86.6352)"
20141014681,11/3/2014 6:05,1,0,0,,N,576169,0,NOT COLLISION W/MOTOR VEHICLE-TRANSPORT,21,CLEAR,1,DAYLIGHT,50,DEER (ANIMAL),US HWY 431 & SYCAMORE CREEK RD,GOODLETTSVILLE,TN,37072,2315,NORTH,36.3863,-86.8975,"(36.3863, -86.8975)"
20141016863,11/3/2014 19:40,1,0,0,,N,156305,0,NOT COLLISION W/MOTOR VEHICLE-TRANSPORT,21,CLEAR,2,DARK - NOT LIGHTED,50,DEER (ANIMAL),US HWY 431 & GREENBRIER RD,JOELTON,TN,37080,2303,NORTH,36.3452,-86.8724,"(36.3452, -86.8724)"
20141017239,11/3/2014 22:49,1,0,0,N,N,146779,0,NOT COLLISION W/MOTOR VEHICLE-TRANSPORT,1,NO ADVERSE CONDITIONS,3,DARK - LIGHTED,50,DEER (ANIMAL),277 OLD HICKORY BLVD,NASHVILLE,TN,37221,4815,WEST,36.0816,-86.9194,"(36.0816, -86.9194)"
20141020019,11/4/2014 18:25,1,0,0,,N,858695,0,NOT COLLISION W/MOTOR VEHICLE-TRANSPORT,21,CLEAR,2,DARK - NOT LIGHTED,50,DEER (ANIMAL),4240 STATE HWY 265,HERMITAGE,TN,37076,9541,HERMIT,36.1738,-86.5814,"(36.1738, -86.5814)"
20141020682,11/4/2014 23:40,1,0,0,,N,774758,0,NOT COLLISION W/MOTOR VEHICLE-TRANSPORT,21,CLEAR,3,DARK - LIGHTED,50,DEER (ANIMAL),STATE HWY 254 & BRENTRIDGE DR,ANTIOCH,TN,37013,8719,SOUTH,36.0469,-86.6823,"(36.0469, -86.6823)"
20141023804,11/5/2014 20:30,1,0,0,,N,591933,0,NOT COLLISION W/MOTOR VEHICLE-TRANSPORT,2,RAIN,3,DARK - LIGHTED,50,DEER (ANIMAL),MOORMANS ARM RD & WALKER LN,NASHVILLE,TN,37207,3033,NORTH,36.2173,-86.8091,"(36.2173, -86.8091)"
20141024143,11/5/2014 23:05,1,0,0,,N,576169,0,NOT COLLISION W/MOTOR VEHICLE-TRANSPORT,2,RAIN,2,DARK - NOT LIGHTED,50,DEER (ANIMAL),MM 32 8 I 24,JOELTON,TN,37080,23040,NORTH,36.3329,-86.9028,"(36.3329, -86.9028)"
20141025048,11/6/2014 5:20,1,0,0,,N,226099,0,NOT COLLISION W/MOTOR VEHICLE-TRANSPORT,21,CLEAR,2,DARK - NOT LIGHTED,50,DEER (ANIMAL),OLD HICKORY BLVD & STATE HWY 12,NASHVILLE,TN,37218,3235,NORTH,36.2115,-86.921,"(36.2115, -86.921)"
20141027272,11/6/2014 18:33,1,0,0,,N,109535,0,NOT COLLISION W/MOTOR VEHICLE-TRANSPORT,21,CLEAR,3,DARK - LIGHTED,50,DEER (ANIMAL),NOLENSVILLE & BURKITT,NASHVILLE,TN,,,,0,0,"(0.0, 0.0)"
20141027565,11/6/2014 21:20,1,0,0,,N,591933,0,NOT COLLISION W/MOTOR VEHICLE-TRANSPORT,21,CLEAR,2,DARK - NOT LIGHTED,50,DEER (ANIMAL),STATE HWY 155 & EXIT 25,NASHVILLE,TN,37218,3102,NORTH,36.185,-86.8636,"(36.185, -86.8636)"
20141027714,11/6/2014 22:10,1,0,0,,N,876587,0,NOT COLLISION W/MOTOR VEHICLE-TRANSPORT,22,CLOUDY,2,DARK - NOT LIGHTED,50,DEER (ANIMAL),STATE HWY 100 & MARLER RD,NASHVILLE,TN,37221,4807,WEST,36.0461,-86.9472,"(36.0461, -86.9472)"
20141031060,11/7/2014 21:29,1,0,0,,N,224851,0,NOT COLLISION W/MOTOR VEHICLE-TRANSPORT,21,CLEAR,2,DARK - NOT LIGHTED,50,DEER (ANIMAL),EXIT 219 & I 40,NASHVILLE,TN,37214,8955,HERMIT,36.154,-86.6295,"(36.154, -86.6295)"
20141031375,11/7/2014 23:30,1,0,0,N,N,224464,0,NOT COLLISION W/MOTOR VEHICLE-TRANSPORT,1,NO ADVERSE CONDITIONS,2,DARK - NOT LIGHTED,50,DEER (ANIMAL),MM 200 6 I40 W,NASHVILLE,TN,37205,4708,WEST,36.1263,-86.9038,"(36.1263, -86.9038)"