Accident Number,Date and Time,Number of Motor Vehicles,Number of Injuries,Number of Fatalities,Property Damage,Hit and Run,Reporting Officer,Collision Type Code,Collision Type Description,Weather Code,Weather Description,Illumination Code,Illumination Description,Harmful Code,Harmful Code Description,Street Address,City,State,ZIP,RPA,Precinct,Latitude,Longitude,Mapped Location
20151039307,11/11/2015 18:31,1,0,0,,N,197054,0,NOT COLLISION W/MOTOR VEHICLE-TRANSPORT,21,CLEAR,3,DARK - LIGHTED,50,DEER (ANIMAL),8400 WHITES CREEK,GOODLETTSVILLE,TN,37072,2315,NORTH,36.3819,-86.8949,"(36.3819, -86.8949)"
20151039444,11/11/2015 19:21,1,0,0,,N,716893,0,NOT COLLISION W/MOTOR VEHICLE-TRANSPORT,21,CLEAR,3,DARK - LIGHTED,50,DEER (ANIMAL),CHARLOTTE PKE & OLD CHARLOTTE PKE,NASHVILLE,TN,37209,5009,WEST,36.1318,-86.8958,"(36.1318, -86.8958)"
20151040431,11/12/2015 0:29,1,0,0,,N,642287,0,NOT COLLISION W/MOTOR VEHICLE-TRANSPORT,2,RAIN,2,DARK - NOT LIGHTED,50,DEER (ANIMAL),0 2304 HOBSON PKE,NASHVILLE,TN,,,,0,0,"(0.0, 0.0)"
20151042601,11/12/2015 17:29,1,0,0,,N,725756,0,NOT COLLISION W/MOTOR VEHICLE-TRANSPORT,21,CLEAR,2,DARK - NOT LIGHTED,50,DEER (ANIMAL),HIGHWAY 100 & VAUGHNS GAP RD,NASHVILLE,TN,37221,6211,WEST,36.0783,-86.8857,"(36.0783, -86.8857)"
20151042634,11/12/2015 17:41,1,0,0,,N,140790,0,NOT COLLISION W/MOTOR VEHICLE-TRANSPORT,21,CLEAR,2,DARK - NOT LIGHTED,50,DEER (ANIMAL),WHITES CREEK PKE & SOLNESS AV,NASHVILLE,TN,37207,3221,NORTH,36.2458,-86.8239,"(36.2458, -86.8239)"
20151046219,11/13/2015 17:10,1,0,0,,N,668414,0,NOT COLLISION W/MOTOR VEHICLE-TRANSPORT,21,CLEAR,2,DARK - NOT LIGHTED,50,DEER (ANIMAL),HILLSBORO PKE & CASTLEWOOD CT,NASHVILLE,TN,37215,6205,WEST,36.0711,-86.842,"(36.0711, -86.842)"
20151046786,11/13/2015 21:06,1,0,0,,N,110094,0,NOT COLLISION W/MOTOR VEHICLE-TRANSPORT,21,CLEAR,2,DARK - NOT LIGHTED,50,DEER (ANIMAL),LEBANON PKE & WELLINGTON SQ,NASHVILLE,TN,37214,9403,HERMIT,36.1766,-86.6455,"(36.1766, -86.6455)"
20151047598,11/14/2015 2:32,1,0,0,,N,191572,0,NOT COLLISION W/MOTOR VEHICLE-TRANSPORT,21,CLEAR,3,DARK - LIGHTED,50,DEER (ANIMAL),MYATT DR & MYATT DR PVTDR,MADISON,TN,37115,1721,MADISO,36.2947,-86.6973,"(36.2947, -86.6973)"
20151047771,11/14/2015 4:45,1,0,0,,N,807927,0,NOT COLLISION W/MOTOR VEHICLE-TRANSPORT,21,CLEAR,3,DARK - LIGHTED,50,DEER (ANIMAL),US HWY 431 & SEYMOUR HOLLOW RD,WHITES CREEK,TN,37189,3303,NORTH,36.2964,-86.8541,"(36.2964, -86.8541)"
20151048692,11/14/2015 16:00,1,0,0,,N,179576,0,NOT COLLISION W/MOTOR VEHICLE-TRANSPORT,21,CLEAR,1,DAYLIGHT,50,DEER (ANIMAL),RIVER RD & RIVER RD PVTDR,NASHVILLE,TN,37209,4701,WEST,36.1301,-86.9135,"(36.1301, -86.9135)"
20151048645,11/14/2015 16:23,1,0,0,,N,406878,0,NOT COLLISION W/MOTOR VEHICLE-TRANSPORT,21,CLEAR,1,DAYLIGHT,50,DEER (ANIMAL),HIGHWAY 100 & HARPETH TRACE DR,NASHVILLE,TN,37221,6211,WEST,36.0698,-86.8974,"(36.0698, -86.8974)"
20151050494,11/15/2015 9:04,1,0,0,,N,633385,0,NOT COLLISION W/MOTOR VEHICLE-TRANSPORT,21,CLEAR,1,DAYLIGHT,50,DEER (ANIMAL),PIN HOOK RD & PIN OAK RD,ANTIOCH,TN,,,,0,0,"(0.0, 0.0)"
20151051454,11/15/2015 18:47,1,0,0,,N,109499,0,NOT COLLISION W/MOTOR VEHICLE-TRANSPORT,21,CLEAR,2,DARK - NOT LIGHTED,50,DEER (ANIMAL),REDMOND LN & HOLT RD,NASHVILLE,TN,37211,8651,MIDTOW,36.013,-86.7194,"(36.013, -86.7194)"
20151051727,11/15/2015 21:10,1,0,0,,N,146772,0,NOT COLLISION W/MOTOR VEHICLE-TRANSPORT,21,CLEAR,3,DARK - LIGHTED,50,DEER (ANIMAL),WHITES CREEK PKE & OLD HICKORY BLVD,WHITES CREEK,TN,37189,3305,NORTH,36.2685,-86.8313,"(36.2685, -86.8313)"
20151053648,11/16/2015 13:25,1,0,0,,N,226811,0,NOT COLLISION W/MOTOR VEHICLE-TRANSPORT,2,RAIN,1,DAYLIGHT,50,DEER (ANIMAL),NOLENSVILLE & CULBERTSON,NASHVILLE,TN,,,,0,0,"(0.0, 0.0)"
20151053819,11/16/2015 14:33,1,1,0,,N,676834,0,NOT COLLISION W/MOTOR VEHICLE-TRANSPORT,22,CLOUDY,1,DAYLIGHT,50,DEER (ANIMAL),JACKSONIAN DR & BONNAFAIR DR,HERMITAGE,TN,37076,9601,HERMIT,36.2027,-86.6345,"(36.2027, -86.6345)"
20151055213,11/16/2015 23:10,1,0,0,,N,226220,0,NOT COLLISION W/MOTOR VEHICLE-TRANSPORT,21,CLEAR,3,DARK - LIGHTED,50,DEER (ANIMAL),BRICK CHURCH PKE & WOODFOLK AV,NASHVILLE,TN,37207,3021,NORTH,36.2159,-86.7804,"(36.2159, -86.7804)"
20151055849,11/17/2015 5:25,1,0,0,,N,179609,0,NOT COLLISION W/MOTOR VEHICLE-TRANSPORT,21,CLEAR,2,DARK - NOT LIGHTED,50,DEER (ANIMAL),HOBSON PKE & GRANNY WRIGHT LN,HERMITAGE,TN,37076,8913,SOUTH,36.1081,-86.5496,"(36.1081, -86.5496)"
20151056099,11/17/2015 7:37,1,0,0,,N,179600,0,NOT COLLISION W/MOTOR VEHICLE-TRANSPORT,2,RAIN,1,DAYLIGHT,50,DEER (ANIMAL),CLARKSVILLE PKE & DRY FORK RD,NASHVILLE,TN,37218,3231,NORTH,36.276,-86.868,"(36.276, -86.868)"
20151057879,11/17/2015 17:17,1,0,0,,N,909489,0,NOT COLLISION W/MOTOR VEHICLE-TRANSPORT,22,CLOUDY,2,DARK - NOT LIGHTED,50,DEER (ANIMAL),1300 US-41,GOODLETTSVILLE,TN,37072,2219,MADISO,36.3672,-86.7364,"(36.3672, -86.7364)"
20151058159,11/17/2015 18:59,1,0,0,,N,909486,0,NOT COLLISION W/MOTOR VEHICLE-TRANSPORT,21,CLEAR,3,DARK - LIGHTED,50,DEER (ANIMAL),CHURCH STE & CLOVERLAND DR,BRENTWOOD,TN,37027,8623,MIDTOW,36.0332,-86.7751,"(36.0332, -86.7751)"
20151059916,11/18/2015 5:30,1,0,0,,N,226220,0,NOT COLLISION W/MOTOR VEHICLE-TRANSPORT,2,RAIN,2,DARK - NOT LIGHTED,50,DEER (ANIMAL),CLARKSVILLE PKE & STENBERG RD,WHITES CREEK,TN,37189,3229,NORTH,36.2661,-86.8582,"(36.2661, -86.8582)"
20151060031,11/18/2015 6:57,1,1,0,,N,572251,0,NOT COLLISION W/MOTOR VEHICLE-TRANSPORT,2,RAIN,1,DAYLIGHT,50,DEER (ANIMAL),OLD HICKORY BLVD & WOODLANDS AV,NASHVILLE,TN,37211,8651,MIDTOW,36.0429,-86.7263,"(36.0429, -86.7263)"
20151063780,11/19/2015 6:59,1,0,0,,N,572249,0,NOT COLLISION W/MOTOR VEHICLE-TRANSPORT,5,FOG,1,DAYLIGHT,50,DEER (ANIMAL),NEELYS BEND RD & CENTER ST,MADISON,TN,37115,1613,MADISO,36.2505,-86.6889,"(36.2505, -86.6889)"
20151067143,11/20/2015 5:33,1,0,0,,N,921609,0,NOT COLLISION W/MOTOR VEHICLE-TRANSPORT,21,CLEAR,4,DAWN,50,DEER (ANIMAL),OLD MURFREESBORO PKE & SMITH SPRINGS RD,NASHVILLE,TN,37217,8947,HERMIT,36.0975,-86.6552,"(36.0975, -86.6552)"
20151068394,11/20/2015 15:46,1,0,0,,N,909486,0,NOT COLLISION W/MOTOR VEHICLE-TRANSPORT,21,CLEAR,1,DAYLIGHT,50,DEER (ANIMAL),CLOVERLAND DR & STERLING OAKS DR,BRENTWOOD,TN,37027,8623,MIDTOW,36.0307,-86.7472,"(36.0307, -86.7472)"
20151069059,11/20/2015 17:18,1,0,0,,N,909494,0,NOT COLLISION W/MOTOR VEHICLE-TRANSPORT,22,CLOUDY,1,DAYLIGHT,50,DEER (ANIMAL),NOLENSVILLE PKE & SHANE POINT PL,NASHVILLE,TN,37211,8651,MIDTOW,36.0203,-86.7104,"(36.0203, -86.7104)"
20151069119,11/20/2015 21:13,1,1,0,,N,179604,0,NOT COLLISION W/MOTOR VEHICLE-TRANSPORT,21,CLEAR,2,DARK - NOT LIGHTED,50,DEER (ANIMAL),STATE HWY 45 & CONNECTING ROAD,HERMITAGE,TN,37076,9507,HERMIT,36.1892,-86.6144,"(36.1892, -86.6144)"
20151069782,11/20/2015 23:20,2,0,0,,N,807927,0,NOT COLLISION W/MOTOR VEHICLE-TRANSPORT,21,CLEAR,3,DARK - LIGHTED,50,DEER (ANIMAL),EWING DR & GWYNNWOOD DR,NASHVILLE,TN,37207,3029,NORTH,36.2315,-86.7925,"(36.2315, -86.7925)"
20151069860,11/20/2015 23:59,1,1,0,,N,226143,0,NOT COLLISION W/MOTOR VEHICLE-TRANSPORT,21,CLEAR,2,DARK - NOT LIGHTED,50,DEER (ANIMAL),EATONS CREEK RD & BINKLEY RD,JOELTON,TN,37080,3331,NORTH,36.3208,-86.8742,"(36.3208, -86.8742)"
20151069674,11/21/2015 0:56,1,0,0,,N,921609,0,NOT COLLISION W/MOTOR VEHICLE-TRANSPORT,21,CLEAR,2,DARK - NOT LIGHTED,50,DEER (ANIMAL),BELL RD & HARBOR LIGHTS DR,NASHVILLE,TN,37217,8987,HERMIT,36.0923,-86.6249,"(36.0923, -86.6249)"
20151069812,11/21/2015 1:45,1,0,0,,N,110090,0,NOT COLLISION W/MOTOR VEHICLE-TRANSPORT,21,CLEAR,3,DARK - LIGHTED,50,DEER (ANIMAL),MM 61 6 I 24,ANTIOCH,TN,37013,87040,SOUTH,36.0252,-86.6327,"(36.0252, -86.6327)"
20151074590,11/23/2015 2:50,1,0,0,,N,226220,0,NOT COLLISION W/MOTOR VEHICLE-TRANSPORT,21,CLEAR,2,DARK - NOT LIGHTED,50,DEER (ANIMAL),MM 36 6 I 24,WHITES CREEK,TN,37189,33180,NORTH,36.3184,-86.8427,"(36.3184, -86.8427)"
20151076435,11/23/2015 17:36,1,0,0,,N,267831,0,NOT COLLISION W/MOTOR VEHICLE-TRANSPORT,21,CLEAR,2,DARK - NOT LIGHTED,50,DEER (ANIMAL),AVONDALE PARK DR & HOLGATE CT,NASHVILLE,TN,37221,4811,WEST,36.0711,-86.9918,"(36.0711, -86.9918)"
20151076527,11/23/2015 18:00,1,0,0,,N,179604,0,NOT COLLISION W/MOTOR VEHICLE-TRANSPORT,21,CLEAR,2,DARK - NOT LIGHTED,50,DEER (ANIMAL),0 ROBINSON,OLD HICKORY,TN,37138,9619,HERMIT,36.2647,-86.6635,"(36.2647, -86.6635)"
20151078041,11/24/2015 7:01,1,0,0,,N,197075,0,NOT COLLISION W/MOTOR VEHICLE-TRANSPORT,21,CLEAR,1,DAYLIGHT,50,DEER (ANIMAL),CUB CREEK RD & CUB CREEK RD PVTDR,NASHVILLE,TN,37209,4707,WEST,36.1798,-86.9812,"(36.1798, -86.9812)"
20151079721,11/24/2015 16:40,1,0,0,,N,414711,0,NOT COLLISION W/MOTOR VEHICLE-TRANSPORT,21,CLEAR,1,DAYLIGHT,50,DEER (ANIMAL),SPRINGFIELD HWY & SPRINGFIELD HWY PVTDR,GOODLETTSVILLE,TN,37072,2215,MADISO,36.3848,-86.7546,"(36.3848, -86.7546)"
20151079646,11/24/2015 17:06,1,0,0,,N,109534,0,NOT COLLISION W/MOTOR VEHICLE-TRANSPORT,21,CLEAR,3,DARK - LIGHTED,50,DEER (ANIMAL),0 TYNE VALLEY CT,NASHVILLE,TN,37220,7109,MIDTOW,36.0755,-86.7793,"(36.0755, -86.7793)"
20151080269,11/24/2015 20:08,1,0,0,,N,909486,0,NOT COLLISION W/MOTOR VEHICLE-TRANSPORT,21,CLEAR,3,DARK - LIGHTED,50,DEER (ANIMAL),GRANNY WHITE PKE & RICHLAND WOODS LN,NASHVILLE,TN,37220,7111,MIDTOW,36.0512,-86.8162,"(36.0512, -86.8162)"
20151082222,11/25/2015 11:35,1,0,0,,N,405447,0,NOT COLLISION W/MOTOR VEHICLE-TRANSPORT,21,CLEAR,1,DAYLIGHT,50,DEER (ANIMAL),BLUFF RD & NOLENSVILLE PKE,NASHVILLE,TN,37211,8651,MIDTOW,35.9963,-86.6905,"(35.9963, -86.6905)"
20151083747,11/25/2015 20:46,1,1,0,,N,596389,0,NOT COLLISION W/MOTOR VEHICLE-TRANSPORT,21,CLEAR,3,DARK - LIGHTED,5;50,DEER (ANIMAL),HIGHWAY 70S & FOREST PARK APT PVTDR,NASHVILLE,TN,37221,4901,WEST,36.0772,-86.9129,"(36.0772, -86.9129)"
20151085418,11/26/2015 16:30,1,0,0,,N,179586,0,NOT COLLISION W/MOTOR VEHICLE-TRANSPORT,22,CLOUDY,5,DUSK,50,DEER (ANIMAL),EXIT 6B & EXIT 6A,NASHVILLE,TN,37210,9098,HERMIT,36.1461,-86.6955,"(36.1461, -86.6955)"
20151085495,11/26/2015 17:13,1,0,0,,N,179592,0,NOT COLLISION W/MOTOR VEHICLE-TRANSPORT,21,CLEAR,3,DARK - LIGHTED,50,DEER (ANIMAL),LEBANON PKE & YMCA CNCTR,NASHVILLE,TN,37214,9403,HERMIT,36.1732,-86.6486,"(36.1732, -86.6486)"
20151085618,11/26/2015 17:36,1,0,0,,N,909494,0,NOT COLLISION W/MOTOR VEHICLE-TRANSPORT,21,CLEAR,3,DARK - LIGHTED,50,DEER (ANIMAL),NOLENSVILLE PKE & LORDS CHAPEL DR,ANTIOCH,TN,37013,8759,SOUTH,36.0268,-86.7129,"(36.0268, -86.7129)"
20151086040,11/26/2015 21:38,1,0,0,,N,439917,0,NOT COLLISION W/MOTOR VEHICLE-TRANSPORT,21,CLEAR,2,DARK - NOT LIGHTED,50,DEER (ANIMAL),LARKIN SPRINGS RD & NEELYS BEND RD,MADISON,TN,37115,1633,MADISO,36.2496,-86.6866,"(36.2496, -86.6866)"
20151086669,11/27/2015 4:24,1,0,0,,N,146775,0,NOT COLLISION W/MOTOR VEHICLE-TRANSPORT,21,CLEAR,2,DARK - NOT LIGHTED,50,DEER (ANIMAL),TRACE CREEK DR & HIGHWAY 100,NASHVILLE,TN,37221,4807,WEST,36.0485,-86.9401,"(36.0485, -86.9401)"
20151089070,11/27/2015 19:34,1,0,0,,N,109533,0,NOT COLLISION W/MOTOR VEHICLE-TRANSPORT,21,CLEAR,2,DARK - NOT LIGHTED,50,DEER (ANIMAL),HOBSON PKE & WALKER RD,HERMITAGE,TN,37076,8909,SOUTH,36.0882,-86.5623,"(36.0882, -86.5623)"
20151090044,11/28/2015 4:18,1,0,0,,N,134870,0,NOT COLLISION W/MOTOR VEHICLE-TRANSPORT,2,RAIN,2,DARK - NOT LIGHTED,50,DEER (ANIMAL),EXIT 221A & I 40,HERMITAGE,TN,37076,95101,HERMIT,36.1688,-86.6067,"(36.1688, -86.6067)"
20151093908,11/29/2015 12:38,1,0,0,,N,166477,0,NOT COLLISION W/MOTOR VEHICLE-TRANSPORT,2,RAIN,1,DAYLIGHT,50,DEER (ANIMAL),MURFREESBORO PKE & LADYBIRD DR,NASHVILLE,TN,37217,8849,SOUTH,36.1014,-86.6637,"(36.1014, -86.6637)"
20151097171,11/30/2015 17:44,1,0,0,,N,876597,0,NOT COLLISION W/MOTOR VEHICLE-TRANSPORT,2,RAIN,2,DARK - NOT LIGHTED,50,DEER (ANIMAL),BLUE HOLE RD & ERNA CT,ANTIOCH,TN,37013,8753,SOUTH,36.0402,-86.6779,"(36.0402, -86.6779)"
20151100099,12/1/2015 16:00,1,0,0,,N,668414,0,NOT COLLISION W/MOTOR VEHICLE-TRANSPORT,22,CLOUDY,1,DAYLIGHT,50,DEER (ANIMAL),HILLSBORO PKE & HILLCREST HEIGHTS DR,NASHVILLE,TN,37215,6311,MIDTOW,36.0851,-86.833,"(36.0851, -86.833)"
20151100251,12/1/2015 17:02,1,0,0,,N,807341,0,NOT COLLISION W/MOTOR VEHICLE-TRANSPORT,21,CLEAR,1,DAYLIGHT,50,DEER (ANIMAL),OTTER CREEK RD & US HWY 431,NASHVILLE,TN,37215,6307,MIDTOW,36.0681,-86.8441,"(36.0681, -86.8441)"
20151100357,12/1/2015 17:40,1,0,0,,N,109514,0,NOT COLLISION W/MOTOR VEHICLE-TRANSPORT,22,CLOUDY,3,DARK - LIGHTED,50,DEER (ANIMAL),BELL RD & HICKORY HIGHLANDS DR,ANTIOCH,TN,37013,8865,SOUTH,36.0606,-86.64,"(36.0606, -86.64)"
20151100391,12/1/2015 17:46,1,0,0,,N,224851,0,NOT COLLISION W/MOTOR VEHICLE-TRANSPORT,22,CLOUDY,3,DARK - LIGHTED,50,DEER (ANIMAL),OLD HICKORY & BRIDGEWAY,OLD HICKORY,TN,37138,9619,HERMIT,36.2672,-86.6683,"(36.2672, -86.6683)"
20151100502,12/1/2015 17:48,1,0,0,,N,716893,0,NOT COLLISION W/MOTOR VEHICLE-TRANSPORT,21,CLEAR,2,DARK - NOT LIGHTED,50,DEER (ANIMAL),HIGHWAY 100 & NATCHEZ TRACE PKWY EXT RAM,NASHVILLE,TN,37221,4805,WEST,36.0346,-86.9729,"(36.0346, -86.9729)"
20151100567,12/1/2015 18:53,1,0,0,,N,224851,0,NOT COLLISION W/MOTOR VEHICLE-TRANSPORT,22,CLOUDY,2,DARK - NOT LIGHTED,50,DEER (ANIMAL),951 INDUSTRIAL,OLD HICKORY,TN,,,,36.3658,-86.6577,"(36.3658, -86.6577)"
20151101839,12/2/2015 4:05,1,0,0,,N,109503,0,NOT COLLISION W/MOTOR VEHICLE-TRANSPORT,21,CLEAR,3,DARK - LIGHTED,50,DEER (ANIMAL),EASTLAND AV & TIFFANY DR,NASHVILLE,TN,37206,1371,EAST,36.1845,-86.7111,"(36.1845, -86.7111)"
20151102072,12/2/2015 7:00,1,0,0,,N,226214,0,NOT COLLISION W/MOTOR VEHICLE-TRANSPORT,22,CLOUDY,1,DAYLIGHT,50,DEER (ANIMAL),MM 2 0 BAKER STATION ROAD,NASHVILLE,TN,,,,0,0,"(0.0, 0.0)"
20151103984,12/2/2015 17:05,1,0,0,,N,197074,0,NOT COLLISION W/MOTOR VEHICLE-TRANSPORT,21,CLEAR,3,DARK - LIGHTED,50,DEER (ANIMAL),NEELYS BEND RD & IDLEWILD DR,MADISON,TN,37115,1603,MADISO,36.2555,-86.7058,"(36.2555, -86.7058)"
20151107475,12/3/2015 18:25,1,0,0,,N,109533,0,NOT COLLISION W/MOTOR VEHICLE-TRANSPORT,21,CLEAR,2,DARK - NOT LIGHTED,50,DEER (ANIMAL),NOLENSVILLE RD & PETTUS RD,ANTIOCH,TN,37013,8767,SOUTH,35.9952,-86.6876,"(35.9952, -86.6876)"
20151108120,12/3/2015 22:01,1,0,0,,N,834821,0,NOT COLLISION W/MOTOR VEHICLE-TRANSPORT,21,CLEAR,3,DARK - LIGHTED,50,DEER (ANIMAL),BROOK HOLLOW RD & VOSSWOOD DR,NASHVILLE,TN,37205,4907,WEST,36.1107,-86.8887,"(36.1107, -86.8887)"
20151109157,12/4/2015 6:30,1,0,0,,N,226093,0,NOT COLLISION W/MOTOR VEHICLE-TRANSPORT,21,CLEAR,4,DAWN,50,DEER (ANIMAL),EATONS CREEK RD & FORTE RD,JOELTON,TN,37080,3245,NORTH,36.2897,-86.8869,"(36.2897, -86.8869)"
20151109356,12/4/2015 8:10,1,0,0,,N,191573,0,NOT COLLISION W/MOTOR VEHICLE-TRANSPORT,5,FOG,1,DAYLIGHT,50,DEER (ANIMAL),OLD HICKORY BLVD & RIDGELAKE PKWY,NASHVILLE,TN,37205,4903,WEST,36.0974,-86.9249,"(36.0974, -86.9249)"
20151112157,12/5/2015 4:28,1,0,0,Y,N,191572,0,NOT COLLISION W/MOTOR VEHICLE-TRANSPORT,5,FOG,3,DARK - LIGHTED,50,DEER (ANIMAL),OLD HICKORY BLVD & OLD HICKORY BLVD,OLD HICKORY,TN,37138,9619,HERMIT,36.2632,-86.6752,"(36.2632, -86.6752)"
20151112632,12/5/2015 7:30,1,0,0,,N,571313,0,NOT COLLISION W/MOTOR VEHICLE-TRANSPORT,21,CLEAR,4,DAWN,50,DEER (ANIMAL),BURKITT RD & WHITTEMORE LN,NOLENSVILLE,TN,37135,8773,SOUTH,35.9919,-86.6548,"(35.9919, -86.6548)"
20151116287,12/7/2015 1:45,1,0,0,,N,161951,0,NOT COLLISION W/MOTOR VEHICLE-TRANSPORT,21,CLEAR,3,DARK - LIGHTED,50,DEER (ANIMAL),STATE HWY 155 & STATE HWY 155,NASHVILLE,TN,37214,92920,HERMIT,36.2014,-86.6891,"(36.2014, -86.6891)"
20151116336,12/7/2015 2:00,1,0,0,,N,151127,0,NOT COLLISION W/MOTOR VEHICLE-TRANSPORT,21,CLEAR,3,DARK - LIGHTED,50,DEER (ANIMAL),W TRINITY LN & FREE SILVER RD,NASHVILLE,TN,37207,3013,NORTH,36.2072,-86.796,"(36.2072, -86.796)"
20151120522,12/8/2015 10:20,1,0,0,,N,226214,0,NOT COLLISION W/MOTOR VEHICLE-TRANSPORT,21,CLEAR,1,DAYLIGHT,50,DEER (ANIMAL),NEELYS BEND RD & CHEYENNE BLVD,MADISON,TN,37115,1615,MADISO,36.2384,-86.6713,"(36.2384, -86.6713)"
20151122496,12/8/2015 22:10,1,0,0,,N,151129,0,NOT COLLISION W/MOTOR VEHICLE-TRANSPORT,21,CLEAR,2,DARK - NOT LIGHTED,50,DEER (ANIMAL),US HWY 431 & CROMWELL DR,NASHVILLE,TN,37215,6303,MIDTOW,36.0592,-86.8532,"(36.0592, -86.8532)"
20151127089,12/10/2015 5:30,1,0,0,,N,226220,0,NOT COLLISION W/MOTOR VEHICLE-TRANSPORT,5,FOG,2,DARK - NOT LIGHTED,50,DEER (ANIMAL),OLD CLARKSVILLE PKE & JACOBS VALLEY RD,JOELTON,TN,37080,3317,NORTH,36.325,-86.9215,"(36.325, -86.9215)"
20151130645,12/11/2015 2:20,1,0,0,,N,192872,0,NOT COLLISION W/MOTOR VEHICLE-TRANSPORT,21,CLEAR,2,DARK - NOT LIGHTED,50,DEER (ANIMAL),HAYWOOD LN & WEST VALLEY DR,NASHVILLE,TN,37211,8707,SOUTH,36.0702,-86.7008,"(36.0702, -86.7008)"
20151135865,12/12/2015 19:50,1,0,0,,N,876599,0,NOT COLLISION W/MOTOR VEHICLE-TRANSPORT,21,CLEAR,3,DARK - LIGHTED,50,DEER (ANIMAL),CLEARBROOK DR & CLEARBROOK CT,NASHVILLE,TN,37205,4903,WEST,36.0937,-86.8966,"(36.0937, -86.8966)"
20151138306,12/13/2015 20:30,1,0,0,,N,161955,0,NOT COLLISION W/MOTOR VEHICLE-TRANSPORT,21,CLEAR,2,DARK - NOT LIGHTED,50,DEER (ANIMAL),OLD HICKORY & ROBINSON,OLD HICKORY,TN,37138,9611,HERMIT,36.2656,-86.6638,"(36.2656, -86.6638)"
20151144479,12/15/2015 17:15,1,0,0,,N,179602,0,NOT COLLISION W/MOTOR VEHICLE-TRANSPORT,21,CLEAR,2,DARK - NOT LIGHTED,50,DEER (ANIMAL),TYNE BLVD & OVERTON LEA RD,NASHVILLE,TN,37220,7109,MIDTOW,36.0783,-86.7849,"(36.0783, -86.7849)"
20151145451,12/16/2015 0:00,1,0,0,,N,876573,0,NOT COLLISION W/MOTOR VEHICLE-TRANSPORT,21,CLEAR,2,DARK - NOT LIGHTED,50,DEER (ANIMAL),BLUE HOLE RD & CRYSTAL BROOK DR,ANTIOCH,TN,37013,8753,SOUTH,36.0389,-86.6774,"(36.0389, -86.6774)"
20151146178,12/16/2015 5:30,2,0,0,,N,493301,0,NOT COLLISION W/MOTOR VEHICLE-TRANSPORT,21,CLEAR,3,DARK - LIGHTED,50,DEER (ANIMAL),MM 190 8 I 40,PEGRAM,TN,,,,36.0845,-87.0483,"(36.0845, -87.0483)"
20151149723,12/17/2015 3:24,1,1,0,,N,140796,0,NOT COLLISION W/MOTOR VEHICLE-TRANSPORT,2,RAIN,3,DARK - LIGHTED,50,DEER (ANIMAL),STATE HWY 155 & BRILEY PKWY,NASHVILLE,TN,37214,9294,HERMIT,36.204,-86.6894,"(36.204, -86.6894)"
20151153685,12/18/2015 9:00,1,0,0,,N,226214,0,NOT COLLISION W/MOTOR VEHICLE-TRANSPORT,21,CLEAR,1,DAYLIGHT,50,DEER (ANIMAL),WILLIAMSON RD & SPRINGFIELD HWY,GOODLETTSVILLE,TN,37072,2219,MADISO,36.3607,-86.7262,"(36.3607, -86.7262)"
20151164801,12/22/2015 3:25,1,0,0,,N,163667,0,NOT COLLISION W/MOTOR VEHICLE-TRANSPORT,22,CLOUDY,3,DARK - LIGHTED,50,DEER (ANIMAL),US HWY 41 ALT & CANTARUTTI RD,WHITES CREEK,TN,37189,3305,NORTH,36.2816,-86.8765,"(36.2816, -86.8765)"
20151167167,12/22/2015 20:33,1,0,0,,N,140790,0,NOT COLLISION W/MOTOR VEHICLE-TRANSPORT,21,CLEAR,2,DARK - NOT LIGHTED,50,DEER (ANIMAL),CLARKSVILLE PKE & BOBEL LN,WHITES CREEK,TN,37189,3229,NORTH,36.2668,-86.8578,"(36.2668, -86.8578)"
20151171299,12/24/2015 9:45,1,0,0,,N,191573,0,NOT COLLISION W/MOTOR VEHICLE-TRANSPORT,21,CLEAR,1,DAYLIGHT,50,DEER (ANIMAL),RIVER ROAD PKE & RIVER ROAD PKE PVTDR,NASHVILLE,TN,37209,4705,WEST,36.2021,-86.9796,"(36.2021, -86.9796)"
20151172484,12/24/2015 21:12,1,0,0,,N,191569,0,NOT COLLISION W/MOTOR VEHICLE-TRANSPORT,21,CLEAR,3,DARK - LIGHTED,50,DEER (ANIMAL),TWIN HILLS DR & HARBOR VILLAGE DR,MADISON,TN,37115,1721,MADISO,36.2977,-86.6875,"(36.2977, -86.6875)"
20151172466,12/24/2015 23:24,1,0,0,,N,169414,0,NOT COLLISION W/MOTOR VEHICLE-TRANSPORT,21,CLEAR,3,DARK - LIGHTED,50,DEER (ANIMAL),BELL RD & BLUE HOLE RD,ANTIOCH,TN,37013,8719,SOUTH,36.0458,-86.6744,"(36.0458, -86.6744)"
20151172750,12/25/2015 2:40,1,0,0,,N,722033,0,NOT COLLISION W/MOTOR VEHICLE-TRANSPORT,22,CLOUDY,3,DARK - LIGHTED,50,DEER (ANIMAL),COCKRILL BEND BLVD & COCKRILL BEND CIR,NASHVILLE,TN,37209,4653,WEST,36.1782,-86.896,"(36.1782, -86.896)"