Accident Number,Date and Time,Number of Motor Vehicles,Number of Injuries,Number of Fatalities,Property Damage,Hit and Run,Reporting Officer,Collision Type Code,Collision Type Description,Weather Code,Weather Description,Illumination Code,Illumination Description,Harmful Code,Harmful Code Description,Street Address,City,State,ZIP,RPA,Precinct,Latitude,Longitude,Mapped Location
20151173973,12/25/2015 22:28,1,0,0,,N,110090,0,NOT COLLISION W/MOTOR VEHICLE-TRANSPORT,21,CLEAR,2,DARK - NOT LIGHTED,50,DEER (ANIMAL),OLD HICKORY BLVD & CANE RIDGE RD,ANTIOCH,TN,37013,8769,SOUTH,36.0002,-86.6356,"(36.0002, -86.6356)"
20151175823,12/26/2015 22:15,1,0,0,,N,134869,0,NOT COLLISION W/MOTOR VEHICLE-TRANSPORT,21,CLEAR,3,DARK - LIGHTED,50,DEER (ANIMAL),OLD HICKORY BLVD & HILL RD,NASHVILLE,TN,37220,8615,MIDTOW,36.0397,-86.7436,"(36.0397, -86.7436)"
20151176241,12/27/2015 3:19,1,0,0,,N,156309,0,NOT COLLISION W/MOTOR VEHICLE-TRANSPORT,22,CLOUDY,2,DARK - NOT LIGHTED,50,DEER (ANIMAL),WHITES CREEK PKE & SEYMOUR HOLLOW RD,WHITES CREEK,TN,37189,3305,NORTH,36.2917,-86.8505,"(36.2917, -86.8505)"
20151181625,12/29/2015 9:00,1,0,0,,N,226622,0,NOT COLLISION W/MOTOR VEHICLE-TRANSPORT,22,CLOUDY,1,DAYLIGHT,50,DEER (ANIMAL),STATE HWY 251 & BELLE VALLEY DR,NASHVILLE,TN,37205,4903,WEST,36.1061,-86.9222,"(36.1061, -86.9222)"
20151183182,12/29/2015 19:11,1,0,0,,N,197054,0,NOT COLLISION W/MOTOR VEHICLE-TRANSPORT,21,CLEAR,2,DARK - NOT LIGHTED,50,DEER (ANIMAL),US HWY 41 ALT & FAIRMEADE DR,NASHVILLE,TN,37218,3109,NORTH,36.2216,-86.8374,"(36.2216, -86.8374)"
20151184348,12/30/2015 3:45,1,0,0,,N,226220,0,NOT COLLISION W/MOTOR VEHICLE-TRANSPORT,21,CLEAR,2,DARK - NOT LIGHTED,50,DEER (ANIMAL),MM 41 3 I 24,WHITES CREEK,TN,37189,3226,NORTH,36.2679,-86.7926,"(36.2679, -86.7926)"
20160000937,1/1/2016 12:05,1,0,0,,N,197057,0,NOT COLLISION W/MOTOR VEHICLE-TRANSPORT,21,CLEAR,1,DAYLIGHT,50,DEER (ANIMAL),0 MORTON MILL RD,NASHVILLE,TN,37221,4811,WEST,36.0591,-86.9448,"(36.0591, -86.9448)"
20160012049,1/5/2016 7:00,1,0,0,,N,226214,0,NOT COLLISION W/MOTOR VEHICLE-TRANSPORT,21,CLEAR,1,DAYLIGHT,50,DEER (ANIMAL),MM 2 0 1604 SPRINGFIELD HWY,NASHVILLE,TN,,,,0,0,"(0.0, 0.0)"
20160023365,1/7/2016 23:44,1,0,0,,N,163667,0,NOT COLLISION W/MOTOR VEHICLE-TRANSPORT,21,CLEAR,3,DARK - LIGHTED,50,DEER (ANIMAL),US HWY 41 ALT & LAWRENCE AVE,NASHVILLE,TN,37218,3153,NORTH,36.1997,-86.8388,"(36.1997, -86.8388)"
20160028785,1/9/2016 17:15,1,0,0,,N,179577,0,NOT COLLISION W/MOTOR VEHICLE-TRANSPORT,2,RAIN,2,DARK - NOT LIGHTED,50,DEER (ANIMAL),CROSSINGS BLVD & CROSSINGS PL,ANTIOCH,TN,37013,8863,SOUTH,36.0897,-86.6881,"(36.0897, -86.6881)"
20160028844,1/9/2016 17:30,1,0,0,,N,642287,0,NOT COLLISION W/MOTOR VEHICLE-TRANSPORT,2,RAIN,2,DARK - NOT LIGHTED,50,DEER (ANIMAL),STATE HWY 254 & W MINISTER DR,NASHVILLE,TN,37221,6215,WEST,36.0519,-86.8898,"(36.0519, -86.8898)"
20160035408,1/12/2016 0:00,1,0,0,,N,169414,0,NOT COLLISION W/MOTOR VEHICLE-TRANSPORT,21,CLEAR,2,DARK - NOT LIGHTED,50,DEER (ANIMAL),S MOUNT JULIET RD & COUCHVILLE PKE,HERMITAGE,TN,37076,8913,SOUTH,36.1043,-86.5282,"(36.1043, -86.5282)"
20160038014,1/12/2016 17:28,1,0,0,,N,267831,0,NOT COLLISION W/MOTOR VEHICLE-TRANSPORT,21,CLEAR,3,DARK - LIGHTED,50,DEER (ANIMAL),STATE HWY 251 & RIDGELAKE PKWY,NASHVILLE,TN,37205,4903,WEST,36.0945,-86.9239,"(36.0945, -86.9239)"
20160046008,1/14/2016 16:12,1,0,0,,N,725756,0,NOT COLLISION W/MOTOR VEHICLE-TRANSPORT,21,CLEAR,1,DAYLIGHT,50,DEER (ANIMAL),HIGHWAY 100 & OLD HICKORY BLVD,NASHVILLE,TN,37221,6213,WEST,36.0609,-86.9153,"(36.0609, -86.9153)"
20160047336,1/14/2016 23:15,1,0,0,,N,140787,0,NOT COLLISION W/MOTOR VEHICLE-TRANSPORT,21,CLEAR,3,DARK - LIGHTED,50,DEER (ANIMAL),SMITH SPRINGS RD & ESTURBRIDGE CT,ANTIOCH,TN,37013,8997,SOUTH,36.0814,-86.5935,"(36.0814, -86.5935)"
20160050285,1/15/2016 18:10,2,0,0,,N,197074,0,NOT COLLISION W/MOTOR VEHICLE-TRANSPORT,22,CLOUDY,2,DARK - NOT LIGHTED,50,DEER (ANIMAL),MCCRORY LN & NEWSOM STATION RD,NASHVILLE,TN,37221,4713,WEST,36.0784,-87.0219,"(36.0784, -87.0219)"
20160068029,1/21/2016 3:40,1,0,0,,N,163667,0,NOT COLLISION W/MOTOR VEHICLE-TRANSPORT,21,CLEAR,2,DARK - NOT LIGHTED,50,DEER (ANIMAL),STATE HWY 12 & CONNECTING ROAD,NASHVILLE,TN,37218,3325,NORTH,36.2128,-86.9584,"(36.2128, -86.9584)"
20160081155,1/25/2016 20:42,1,0,0,,N,161953,0,NOT COLLISION W/MOTOR VEHICLE-TRANSPORT,22,CLOUDY,2,DARK - NOT LIGHTED,50,DEER (ANIMAL),ANDERSON RD & LAKE AIRE DR,NASHVILLE,TN,37217,8983,HERMIT,36.098,-86.6031,"(36.098, -86.6031)"
20160086176,1/27/2016 4:00,1,0,0,,N,226220,0,NOT COLLISION W/MOTOR VEHICLE-TRANSPORT,21,CLEAR,2,DARK - NOT LIGHTED,50,DEER (ANIMAL),OLD HICKORY BLVD & CLARKSVILLE PKE,JOELTON,TN,37080,3245,NORTH,36.279,-86.8735,"(36.279, -86.8735)"
20160086786,1/27/2016 8:35,1,0,0,,N,212311,0,NOT COLLISION W/MOTOR VEHICLE-TRANSPORT,22,CLOUDY,1,DAYLIGHT,50,DEER (ANIMAL),OLD HICKORY BLVD & WRIGHT AV,HERMITAGE,TN,37076,9615,HERMIT,36.202,-86.6215,"(36.202, -86.6215)"
20160093921,1/29/2016 3:23,1,0,0,,N,134870,0,NOT COLLISION W/MOTOR VEHICLE-TRANSPORT,21,CLEAR,2,DARK - NOT LIGHTED,50,DEER (ANIMAL),BRICK DR & BRICK CHURCH PKE,NASHVILLE,TN,37207,2045,MADISO,36.2584,-86.7767,"(36.2584, -86.7767)"
20160098921,1/30/2016 18:20,1,0,0,,N,876587,0,NOT COLLISION W/MOTOR VEHICLE-TRANSPORT,21,CLEAR,3,DARK - LIGHTED,50,DEER (ANIMAL),6500 US HWY 70S,NASHVILLE,TN,37205,4903,WEST,36.085,-86.8944,"(36.085, -86.8944)"
20160098964,1/30/2016 18:47,1,0,0,,N,876587,0,NOT COLLISION W/MOTOR VEHICLE-TRANSPORT,21,CLEAR,7,Dark-Unknown Lighting,50,DEER (ANIMAL),200 STATE HWY 251,NASHVILLE,TN,37205,4903,WEST,36.085,-86.9207,"(36.085, -86.9207)"
20160109080,2/2/2016 21:40,1,0,0,,N,151146,0,NOT COLLISION W/MOTOR VEHICLE-TRANSPORT,2,RAIN,3,DARK - LIGHTED,50,DEER (ANIMAL),HAMILTON CHURCH RD & LAVERGNE COUCHVILLE,ANTIOCH,TN,37013,8999,SOUTH,36.0542,-86.5731,"(36.0542, -86.5731)"
20160136908,2/11/2016 2:04,1,0,0,,N,226175,0,NOT COLLISION W/MOTOR VEHICLE-TRANSPORT,21,CLEAR,3,DARK - LIGHTED,50,DEER (ANIMAL),HIGHWAY 100 & HICKS RD,NASHVILLE,TN,37221,4807,WEST,36.0599,-86.9186,"(36.0599, -86.9186)"
20160143695,2/12/2016 18:38,1,0,0,,N,909489,0,NOT COLLISION W/MOTOR VEHICLE-TRANSPORT,22,CLOUDY,2,DARK - NOT LIGHTED,50,DEER (ANIMAL),DUE WEST AVN & DUE WEST VALLEY DR,MADISON,TN,37115,2017,MADISO,36.2552,-86.7479,"(36.2552, -86.7479)"
20160148088,2/14/2016 8:40,1,0,0,,N,723079,0,NOT COLLISION W/MOTOR VEHICLE-TRANSPORT,22,CLOUDY,1,DAYLIGHT,50,DEER (ANIMAL),BELL RD & NED SHELTON RD,NASHVILLE,TN,37217,8987,HERMIT,36.1048,-86.6285,"(36.1048, -86.6285)"
20160151248,2/15/2016 13:11,1,0,0,,N,909489,0,NOT COLLISION W/MOTOR VEHICLE-TRANSPORT,2,RAIN,1,DAYLIGHT,50,DEER (ANIMAL),SPRINGFIELD HWY & SPRINGFIELD HWY PVTDR,GOODLETTSVILLE,TN,37072,2215,MADISO,36.3848,-86.7546,"(36.3848, -86.7546)"
20160156768,2/17/2016 7:12,1,0,0,,N,225805,0,NOT COLLISION W/MOTOR VEHICLE-TRANSPORT,22,CLOUDY,1,DAYLIGHT,50,DEER (ANIMAL),HAMILTON CHURCH RD & S SHORE DR,ANTIOCH,TN,37013,8905,SOUTH,36.0554,-86.5841,"(36.0554, -86.5841)"
20160170196,2/21/2016 0:00,1,0,0,,N,197065,0,NOT COLLISION W/MOTOR VEHICLE-TRANSPORT,22,CLOUDY,1,DAYLIGHT,50,DEER (ANIMAL),STATE HWY 251 & BELLE VALLEY DR,NASHVILLE,TN,37205,4903,WEST,36.1061,-86.9222,"(36.1061, -86.9222)"
20160185030,2/25/2016 18:43,1,0,0,,N,716886,0,NOT COLLISION W/MOTOR VEHICLE-TRANSPORT,21,CLEAR,2,DARK - NOT LIGHTED,50,DEER (ANIMAL),ASHLAND CITY HWY & WWCR AV,NASHVILLE,TN,37218,3235,NORTH,36.2103,-86.8813,"(36.2103, -86.8813)"
20160184968,2/25/2016 18:50,1,0,0,,N,140790,0,NOT COLLISION W/MOTOR VEHICLE-TRANSPORT,22,CLOUDY,2,DARK - NOT LIGHTED,50,DEER (ANIMAL),LITTLE MARROWBONE RD & HIGDON RD PVTDR,JOELTON,TN,37080,3339,NORTH,36.2671,-86.9458,"(36.2671, -86.9458)"
20160193082,2/28/2016 8:05,1,0,0,,N,225212,0,NOT COLLISION W/MOTOR VEHICLE-TRANSPORT,21,CLEAR,1,DAYLIGHT,50,DEER (ANIMAL),MT VIEW RD & BABY RUTH LN,ANTIOCH,TN,37013,8863,SOUTH,36.0433,-86.6408,"(36.0433, -86.6408)"
20160197150,2/29/2016 18:35,1,0,0,,N,807319,0,NOT COLLISION W/MOTOR VEHICLE-TRANSPORT,21,CLEAR,2,DARK - NOT LIGHTED,50,DEER (ANIMAL),ANDERSON RD & EDGEWATER DR,NASHVILLE,TN,37217,8985,HERMIT,36.0933,-86.6055,"(36.0933, -86.6055)"
20160205939,3/3/2016 3:08,1,0,0,,N,109543,0,NOT COLLISION W/MOTOR VEHICLE-TRANSPORT,21,CLEAR,3,DARK - LIGHTED,50,DEER (ANIMAL),OLD HICKORY BLVD & HICKORY HILLS BLVD,WHITES CREEK,TN,37189,2015,MADISO,36.277,-86.7962,"(36.277, -86.7962)"
20160209802,3/4/2016 4:27,1,0,0,,N,109522,0,NOT COLLISION W/MOTOR VEHICLE-TRANSPORT,21,CLEAR,2,DARK - NOT LIGHTED,50,DEER (ANIMAL),UNA ANTIOCH PKE & CHADFIELD WAY,ANTIOCH,TN,37013,8861,SOUTH,36.0619,-86.6648,"(36.0619, -86.6648)"
20160215479,3/5/2016 22:42,1,0,0,,N,405424,0,NOT COLLISION W/MOTOR VEHICLE-TRANSPORT,21,CLEAR,3,DARK - LIGHTED,50,DEER (ANIMAL),SMITH SPRINGS RD & BELL RD,NASHVILLE,TN,37217,8965,HERMIT,36.0903,-86.6265,"(36.0903, -86.6265)"
20160217667,3/6/2016 18:40,1,0,0,,N,179609,0,NOT COLLISION W/MOTOR VEHICLE-TRANSPORT,21,CLEAR,2,DARK - NOT LIGHTED,50,DEER (ANIMAL),MCGAVOCK PKE & CURREY RD,NASHVILLE,TN,37217,8839,SOUTH,36.1019,-86.6921,"(36.1019, -86.6921)"
20160218470,3/7/2016 3:55,1,0,0,,N,807927,0,NOT COLLISION W/MOTOR VEHICLE-TRANSPORT,21,CLEAR,3,DARK - LIGHTED,50,DEER (ANIMAL),ASHLAND CITY HWY & OLD HICKORY BLVD,NASHVILLE,TN,37218,3235,NORTH,36.2115,-86.921,"(36.2115, -86.921)"
20160225588,3/9/2016 5:45,1,0,0,,N,161952,0,NOT COLLISION W/MOTOR VEHICLE-TRANSPORT,21,CLEAR,,,50,DEER (ANIMAL),OLD HICKORY BLVD & CANE RIDGE RD,ANTIOCH,TN,37013,8769,SOUTH,36.0002,-86.6356,"(36.0002, -86.6356)"
20160243344,3/14/2016 19:28,1,0,0,,N,140790,0,NOT COLLISION W/MOTOR VEHICLE-TRANSPORT,21,CLEAR,3,DARK - LIGHTED,50,DEER (ANIMAL),CLARKSVILLE PKE & CLARKSVILLE PKE SB EXT,NASHVILLE,TN,37218,3219,NORTH,36.2312,-86.833,"(36.2312, -86.833)"
20160255693,3/18/2016 8:05,1,0,0,,N,824608,0,NOT COLLISION W/MOTOR VEHICLE-TRANSPORT,21,CLEAR,1,DAYLIGHT,50,DEER (ANIMAL),HOBSON PKE & BAKERS GROVE LN,HERMITAGE,TN,37076,8921,SOUTH,36.1032,-86.5516,"(36.1032, -86.5516)"
20160257431,3/18/2016 18:59,1,0,0,,N,887592,0,NOT COLLISION W/MOTOR VEHICLE-TRANSPORT,21,CLEAR,3,DARK - LIGHTED,50,DEER (ANIMAL),HIGHWAY 100 & HARPETH GLEN CONDOS PVTDR,NASHVILLE,TN,37221,6211,WEST,36.076,-86.8894,"(36.076, -86.8894)"
20160269573,3/22/2016 20:19,1,0,0,,N,551975,0,NOT COLLISION W/MOTOR VEHICLE-TRANSPORT,21,CLEAR,2,DARK - NOT LIGHTED,50,DEER (ANIMAL),CROCKER SPRINGS RD & CLAY LICK RD,WHITES CREEK,TN,37189,2211,NORTH,36.31,-86.811,"(36.31, -86.811)"
20160270409,3/23/2016 2:26,1,0,0,,N,151139,0,NOT COLLISION W/MOTOR VEHICLE-TRANSPORT,21,CLEAR,3,DARK - LIGHTED,50,DEER (ANIMAL),HAMILTON CHURCH & HAMILTON,ANTIOCH,TN,,,,36.0289,-86.5748,"(36.0289, -86.5748)"
20160277279,3/24/2016 23:00,1,1,0,,N,206958,0,NOT COLLISION W/MOTOR VEHICLE-TRANSPORT,21,CLEAR,7,Dark-Unknown Lighting,50,DEER (ANIMAL),NOLENSVILLE PKE & AUTUMN OAKS DR,NASHVILLE,TN,37211,8651,MIDTOW,36.0045,-86.6992,"(36.0045, -86.6992)"
20160286791,3/28/2016 11:13,1,0,0,,N,716886,0,NOT COLLISION W/MOTOR VEHICLE-TRANSPORT,21,CLEAR,1,DAYLIGHT,50,DEER (ANIMAL),OLD HICKORY BLVD & PETTUS RD,ANTIOCH,TN,37013,8761,SOUTH,36.0235,-86.6805,"(36.0235, -86.6805)"
20160306226,4/3/2016 5:38,1,0,0,,N,156308,0,NOT COLLISION W/MOTOR VEHICLE-TRANSPORT,21,CLEAR,3,DARK - LIGHTED,50,DEER (ANIMAL),CLARKSVILLE PKE & CLARKSVILLE PKE SB EXT,NASHVILLE,TN,37218,3219,NORTH,36.2312,-86.833,"(36.2312, -86.833)"
20160306609,4/3/2016 10:15,1,0,0,,N,591933,0,NOT COLLISION W/MOTOR VEHICLE-TRANSPORT,21,CLEAR,1,DAYLIGHT,50,DEER (ANIMAL),ASHLAND CITY HWY & LIBBLE RD,NASHVILLE,TN,37218,3325,NORTH,36.2163,-86.9622,"(36.2163, -86.9622)"
20160307998,4/4/2016 0:57,1,0,0,,N,909473,0,NOT COLLISION W/MOTOR VEHICLE-TRANSPORT,21,CLEAR,3,DARK - LIGHTED,50,DEER (ANIMAL),LEBANON PKE & RIVERCREST PASS,NASHVILLE,TN,37214,9403,HERMIT,36.171,-86.6527,"(36.171, -86.6527)"
20160320855,4/7/2016 17:46,1,0,0,,N,140790,0,NOT COLLISION W/MOTOR VEHICLE-TRANSPORT,2,RAIN,1,DAYLIGHT,50,DEER (ANIMAL),WHITES CREEK PKE & WHITES CREEK PKE PVTD,JOELTON,TN,37080,2319,NORTH,36.3636,-86.8874,"(36.3636, -86.8874)"
20160330763,4/11/2016 7:18,1,0,0,,N,191569,0,NOT COLLISION W/MOTOR VEHICLE-TRANSPORT,22,CLOUDY,1,DAYLIGHT,50,DEER (ANIMAL),CLEVELAND HALL BLVD & CLEVELAND HALL CT,OLD HICKORY,TN,37138,9605,HERMIT,36.2284,-86.6265,"(36.2284, -86.6265)"
20160342250,4/14/2016 8:25,1,0,0,,N,212344,0,NOT COLLISION W/MOTOR VEHICLE-TRANSPORT,21,CLEAR,1,DAYLIGHT,50,DEER (ANIMAL),ASHLAND CITY HWY & OLD HICKORY BLVD,NASHVILLE,TN,37218,3235,NORTH,36.2115,-86.921,"(36.2115, -86.921)"
20160347911,4/15/2016 19:53,1,0,0,,N,140790,0,NOT COLLISION W/MOTOR VEHICLE-TRANSPORT,21,CLEAR,2,DARK - NOT LIGHTED,50,DEER (ANIMAL),CLAY LICK RD & CLAY LICK CT,WHITES CREEK,TN,37189,2209,NORTH,36.3073,-86.8178,"(36.3073, -86.8178)"
20160352694,4/17/2016 18:20,1,1,0,,N,173951,0,NOT COLLISION W/MOTOR VEHICLE-TRANSPORT,21,CLEAR,1,DAYLIGHT,50,DEER (ANIMAL),BELL RD & COUCHVILLE PKE,NASHVILLE,TN,37214,8989,HERMIT,36.1121,-86.6303,"(36.1121, -86.6303)"
20160356853,4/19/2016 2:59,1,0,0,,N,197060,0,NOT COLLISION W/MOTOR VEHICLE-TRANSPORT,21,CLEAR,2,DARK - NOT LIGHTED,50,DEER (ANIMAL),1000 I 24,NASHVILLE,TN,37210,82061,HERMIT,36.1376,-86.7275,"(36.1376, -86.7275)"
20160360707,4/20/2016 5:21,1,0,0,,N,212344,0,NOT COLLISION W/MOTOR VEHICLE-TRANSPORT,21,CLEAR,2,DARK - NOT LIGHTED,50,DEER (ANIMAL),EATONS CREEK RD & GRAYS POINT RD,JOELTON,TN,37080,3319,NORTH,36.2881,-86.8936,"(36.2881, -86.8936)"
20160357182,4/20/2016 5:30,1,0,0,,N,109495,0,NOT COLLISION W/MOTOR VEHICLE-TRANSPORT,21,CLEAR,,,50,DEER (ANIMAL),NOLENSVILLE PKE & HOLT RD,NASHVILLE,TN,37211,8651,MIDTOW,36.0125,-86.7036,"(36.0125, -86.7036)"
20160371724,4/23/2016 7:05,1,0,0,,N,226093,0,NOT COLLISION W/MOTOR VEHICLE-TRANSPORT,22,CLOUDY,1,DAYLIGHT,50,DEER (ANIMAL),OLD HICKORY BLVD & SEVEN SPRINGS WAY PVT,BRENTWOOD,TN,37027,8623,MIDTOW,36.0406,-86.7711,"(36.0406, -86.7711)"
20160376157,4/25/2016 0:00,1,0,0,,N,909473,0,NOT COLLISION W/MOTOR VEHICLE-TRANSPORT,21,CLEAR,3,DARK - LIGHTED,50,DEER (ANIMAL),LEBANON PKE & DONELSONWOOD DR,NASHVILLE,TN,37214,9401,HERMIT,36.1675,-86.6595,"(36.1675, -86.6595)"
20160379643,4/26/2016 6:50,1,1,0,,N,226622,0,NOT COLLISION W/MOTOR VEHICLE-TRANSPORT,22,CLOUDY,,,50,DEER (ANIMAL),HARDING PL & WELLINGTON PARK CT,NASHVILLE,TN,37215,6203,WEST,36.0919,-86.8347,"(36.0919, -86.8347)"
20160380710,4/26/2016 14:00,1,0,0,,N,414711,0,NOT COLLISION W/MOTOR VEHICLE-TRANSPORT,21,CLEAR,1,DAYLIGHT,50,DEER (ANIMAL),GALLATIN PKES & BERKLEY DR,MADISON,TN,37115,1519,MADISO,36.247,-86.721,"(36.247, -86.721)"
20160387776,4/28/2016 2:49,1,0,0,,N,206681,0,NOT COLLISION W/MOTOR VEHICLE-TRANSPORT,21,CLEAR,3,DARK - LIGHTED,50,DEER (ANIMAL),HILLSBORO PKE & TYNE BLVD,NASHVILLE,TN,37215,6311,MIDTOW,36.079,-86.8369,"(36.079, -86.8369)"
20160392982,4/29/2016 20:25,1,0,0,,N,169422,0,NOT COLLISION W/MOTOR VEHICLE-TRANSPORT,21,CLEAR,3,DARK - LIGHTED,50,DEER (ANIMAL),WINDMILL POINT CIR & INDUSTRIAL DR,OLD HICKORY,TN,,,,36.2646,-86.634,"(36.2646, -86.634)"
20160397628,5/1/2016 23:54,1,0,0,,N,192376,0,NOT COLLISION W/MOTOR VEHICLE-TRANSPORT,21,CLEAR,2,DARK - NOT LIGHTED,50,DEER (ANIMAL),HILLSBORO PKE & TIMBERWOOD PL,NASHVILLE,TN,37215,6303,MIDTOW,36.0619,-86.8503,"(36.0619, -86.8503)"
20160401078,5/3/2016 3:49,1,0,0,,N,146774,0,NOT COLLISION W/MOTOR VEHICLE-TRANSPORT,21,CLEAR,2,DARK - NOT LIGHTED,50,DEER (ANIMAL),FRANKLIN PKE & NANEARLE PL,NASHVILLE,TN,37220,7111,MIDTOW,36.0593,-86.7744,"(36.0593, -86.7744)"
20160404933,5/4/2016 6:00,1,0,0,,N,212331,0,NOT COLLISION W/MOTOR VEHICLE-TRANSPORT,21,CLEAR,1,DAYLIGHT,50,DEER (ANIMAL),BURTON HILLS BLVD & HILLSBORO PKE,NASHVILLE,TN,37215,6403,MIDTOW,36.0956,-86.8254,"(36.0956, -86.8254)"
20160428986,5/11/2016 9:35,1,0,0,,N,267831,0,NOT COLLISION W/MOTOR VEHICLE-TRANSPORT,21,CLEAR,1,DAYLIGHT,50,DEER (ANIMAL),MM 194 0 I 40,NASHVILLE,TN,37221,4704,WEST,36.0781,-86.9939,"(36.0781, -86.9939)"
20160452617,5/19/2016 0:00,1,0,0,,N,156308,0,NOT COLLISION W/MOTOR VEHICLE-TRANSPORT,21,CLEAR,2,DARK - NOT LIGHTED,50,DEER (ANIMAL),CLARKSVILLE PKE & ST LAWRENCE DR,JOELTON,TN,37080,3245,NORTH,36.2874,-86.8793,"(36.2874, -86.8793)"
20160462441,5/22/2016 0:30,1,0,0,,N,834821,0,NOT COLLISION W/MOTOR VEHICLE-TRANSPORT,21,CLEAR,2,DARK - NOT LIGHTED,50,DEER (ANIMAL),HIGHWAY 100 & HARPETH TRACE CT,NASHVILLE,TN,37221,6211,WEST,36.0739,-86.8928,"(36.0739, -86.8928)"
20160462629,5/22/2016 2:45,1,0,0,,N,156308,0,NOT COLLISION W/MOTOR VEHICLE-TRANSPORT,21,CLEAR,2,DARK - NOT LIGHTED,50,DEER (ANIMAL),MM 36 9 I 24,WHITES CREEK,TN,37189,33180,NORTH,36.3167,-86.8347,"(36.3167, -86.8347)"
20160646183,5/22/2016 20:15,1,0,0,,N,179596,0,NOT COLLISION W/MOTOR VEHICLE-TRANSPORT,21,CLEAR,2,DARK - NOT LIGHTED,50,DEER (ANIMAL),PENNINGTON BEND RD & MCGAVOCK PKE,NASHVILLE,TN,37214,9315,HERMIT,36.2163,-86.689,"(36.2163, -86.689)"
20160465205,5/23/2016 7:20,1,0,0,,N,191571,0,NOT COLLISION W/MOTOR VEHICLE-TRANSPORT,21,CLEAR,4,DAWN,50,DEER (ANIMAL),ASHLAND CITY HWY & OLD HYDES FERRY PKE,NASHVILLE,TN,37218,3341,NORTH,36.2072,-86.9369,"(36.2072, -86.9369)"
20160469349,5/24/2016 12:59,1,2,0,,N,226207,0,NOT COLLISION W/MOTOR VEHICLE-TRANSPORT,21,CLEAR,1,DAYLIGHT,50,DEER (ANIMAL),BELL RD & NED SHELTON RD,NASHVILLE,TN,37217,8987,HERMIT,36.1048,-86.6285,"(36.1048, -86.6285)"
20160481968,5/28/2016 13:00,1,0,0,,N,343522,0,NOT COLLISION W/MOTOR VEHICLE-TRANSPORT,22,CLOUDY,1,DAYLIGHT,50,DEER (ANIMAL),MM 198 9 I 40,NASHVILLE,TN,37221,48062,WEST,36.1075,-86.9278,"(36.1075, -86.9278)"
20160484364,5/29/2016 13:45,1,0,0,,N,134903,0,NOT COLLISION W/MOTOR VEHICLE-TRANSPORT,21,CLEAR,1,DAYLIGHT,50,DEER (ANIMAL),4000 GOLF CLUB,NASHVILLE,TN,,,,0,0,"(0.0, 0.0)"
20160486689,5/30/2016 14:45,1,1,0,,N,909486,0,NOT COLLISION W/MOTOR VEHICLE-TRANSPORT,21,CLEAR,1,DAYLIGHT,50,DEER (ANIMAL),FRANKLIN PKE & HAZELWOOD CIR,NASHVILLE,TN,37220,7101,MIDTOW,36.0838,-86.7723,"(36.0838, -86.7723)"
20160500855,6/3/2016 14:14,1,0,0,,N,225805,0,NOT COLLISION W/MOTOR VEHICLE-TRANSPORT,22,CLOUDY,1,DAYLIGHT,50,DEER (ANIMAL),MM 62 2 I24,ANTIOCH,TN,37013,8869,SOUTH,36.0099,-86.6123,"(36.0099, -86.6123)"
20160505762,6/5/2016 11:53,1,0,0,,N,620072,0,NOT COLLISION W/MOTOR VEHICLE-TRANSPORT,22,CLOUDY,1,DAYLIGHT,50,DEER (ANIMAL),MM 34 3 I 24,JOELTON,TN,37080,2304,NORTH,36.3259,-86.8794,"(36.3259, -86.8794)"
20160511843,6/7/2016 11:22,1,0,0,,N,226622,0,NOT COLLISION W/MOTOR VEHICLE-TRANSPORT,21,CLEAR,1,DAYLIGHT,50,DEER (ANIMAL),HARDING PKE & MELINDA DR,NASHVILLE,TN,37205,4911,WEST,36.0915,-86.8877,"(36.0915, -86.8877)"
20160518070,6/9/2016 5:35,1,0,0,,N,807927,0,NOT COLLISION W/MOTOR VEHICLE-TRANSPORT,21,CLEAR,4,DAWN,50,DEER (ANIMAL),CLARKSVILLE PKE & DRY FORK RD,NASHVILLE,TN,37218,3231,NORTH,36.276,-86.868,"(36.276, -86.868)"
20160518635,6/9/2016 9:20,1,0,0,,N,225805,0,NOT COLLISION W/MOTOR VEHICLE-TRANSPORT,21,CLEAR,1,DAYLIGHT,50,DEER (ANIMAL),HOBSON PIKE & PIN HOOK RD,ANTIOCH,TN,37013,8927,SOUTH,36.0493,-86.5999,"(36.0493, -86.5999)"
20160521663,6/10/2016 5:25,1,0,0,,N,332298,0,NOT COLLISION W/MOTOR VEHICLE-TRANSPORT,21,CLEAR,1,DAYLIGHT,50,DEER (ANIMAL),MM 75 2 I 65,NASHVILLE,TN,37220,71040,MIDTOW,36.0464,-86.7779,"(36.0464, -86.7779)"
20160523943,6/10/2016 21:15,2,0,0,,N,887592,0,NOT COLLISION W/MOTOR VEHICLE-TRANSPORT,21,CLEAR,2,DARK - NOT LIGHTED,50,DEER (ANIMAL),MM 193 0 I 40,NASHVILLE,TN,37221,4804,WEST,36.0771,-87.0122,"(36.0771, -87.0122)"