Accident Number,Date and Time,Number of Motor Vehicles,Number of Injuries,Number of Fatalities,Property Damage,Hit and Run,Reporting Officer,Collision Type Code,Collision Type Description,Weather Code,Weather Description,Illumination Code,Illumination Description,Harmful Code,Harmful Code Description,Street Address,City,State,ZIP,RPA,Precinct,Latitude,Longitude,Mapped Location
20160535250,6/14/2016 21:13,1,0,0,,N,620082,0,NOT COLLISION W/MOTOR VEHICLE-TRANSPORT,22,CLOUDY,2,DARK - NOT LIGHTED,50,DEER (ANIMAL),BAXTER RD & WHITES CREEK PKE,JOELTON,TN,37080,2319,NORTH,36.3519,-86.8798,"(36.3519, -86.8798)"
20160538390,6/15/2016 19:31,1,0,0,,N,725756,0,NOT COLLISION W/MOTOR VEHICLE-TRANSPORT,22,CLOUDY,2,DARK - NOT LIGHTED,50,DEER (ANIMAL),HIGHWAY 70S & SADDLE RIDGE CT,NASHVILLE,TN,37221,4713,WEST,36.0865,-86.9726,"(36.0865, -86.9726)"
20160538759,6/15/2016 23:20,1,0,0,,N,134884,0,NOT COLLISION W/MOTOR VEHICLE-TRANSPORT,21,CLEAR,3,DARK - LIGHTED,50,DEER (ANIMAL),MM 89 6 I 65,NASHVILLE,TN,37207,2002,MADISO,36.2363,-86.7626,"(36.2363, -86.7626)"
20160546293,6/18/2016 8:10,1,0,0,,N,693105,0,NOT COLLISION W/MOTOR VEHICLE-TRANSPORT,21,CLEAR,1,DAYLIGHT,50,DEER (ANIMAL),LEBANON PKE & BONNASPRING DR,HERMITAGE,TN,37076,9613,HERMIT,36.1776,-86.6059,"(36.1776, -86.6059)"
20160558854,6/22/2016 8:05,1,0,0,,N,226600,0,NOT COLLISION W/MOTOR VEHICLE-TRANSPORT,22,CLOUDY,1,DAYLIGHT,50,DEER (ANIMAL),HILLSBORO PKE & KINGSBURY DR,NASHVILLE,TN,37215,6205,WEST,36.064,-86.8478,"(36.064, -86.8478)"
20160564096,6/23/2016 15:45,1,0,0,,N,240945,0,NOT COLLISION W/MOTOR VEHICLE-TRANSPORT,21,CLEAR,1,DAYLIGHT,50,DEER (ANIMAL),WHITES CREEK PKE & GREENBRIER RD,JOELTON,TN,37080,2303,NORTH,36.3421,-86.8717,"(36.3421, -86.8717)"
20160568324,6/24/2016 18:41,1,0,0,,N,140790,0,NOT COLLISION W/MOTOR VEHICLE-TRANSPORT,21,CLEAR,1,DAYLIGHT,50,DEER (ANIMAL),BRILEY PKWYS & BRILEY PKWYN,NASHVILLE,TN,37218,3212,NORTH,36.2142,-86.8724,"(36.2142, -86.8724)"
20160593266,7/1/2016 23:00,1,0,0,,N,807927,0,NOT COLLISION W/MOTOR VEHICLE-TRANSPORT,21,CLEAR,2,DARK - NOT LIGHTED,50,DEER (ANIMAL),MM 32 5 I 24,JOELTON,TN,37080,23040,NORTH,36.3353,-86.9083,"(36.3353, -86.9083)"
20160599019,7/4/2016 0:50,1,0,0,,N,169414,0,NOT COLLISION W/MOTOR VEHICLE-TRANSPORT,21,CLEAR,2,DARK - NOT LIGHTED,1;50,DEER (ANIMAL),PETTUS RD & OLD HICKORY BLVD,ANTIOCH,TN,37013,8763,SOUTH,36.0269,-86.6808,"(36.0269, -86.6808)"
20160602448,7/5/2016 5:22,1,0,0,,N,169421,0,NOT COLLISION W/MOTOR VEHICLE-TRANSPORT,2,RAIN,1,DAYLIGHT,50,DEER (ANIMAL),KNIGHT DR & BRICK CHURCH LN,WHITES CREEK,TN,37189,3225,NORTH,36.2446,-86.8017,"(36.2446, -86.8017)"
20160619223,7/10/2016 1:45,1,0,0,,N,834821,0,NOT COLLISION W/MOTOR VEHICLE-TRANSPORT,21,CLEAR,3,DARK - LIGHTED,50,DEER (ANIMAL),WHITE BRIDGE PKE & RICHLAND CREEK GRNWY,NASHVILLE,TN,37205,5017,WEST,36.1265,-86.8494,"(36.1265, -86.8494)"
20160635566,7/15/2016 1:40,1,0,0,,N,240984,0,NOT COLLISION W/MOTOR VEHICLE-TRANSPORT,21,CLEAR,3,DARK - LIGHTED,50,DEER (ANIMAL),FRANKLIN PKE & WILLOWDALE CT,NASHVILLE,TN,37220,7111,MIDTOW,36.0582,-86.7745,"(36.0582, -86.7745)"
20160643169,7/17/2016 22:55,1,0,0,,N,156308,0,NOT COLLISION W/MOTOR VEHICLE-TRANSPORT,21,CLEAR,3,DARK - LIGHTED,50,DEER (ANIMAL),KINGS LN & CLARKSVILLE PKE,NASHVILLE,TN,37218,3107,NORTH,36.2186,-86.8363,"(36.2186, -86.8363)"
20160650676,7/20/2016 5:30,1,0,0,,N,226175,0,NOT COLLISION W/MOTOR VEHICLE-TRANSPORT,21,CLEAR,5,DUSK,50,DEER (ANIMAL),COLLINS RD & COLLINS CREST CT,NASHVILLE,TN,37221,4809,WEST,36.0448,-86.964,"(36.0448, -86.964)"
20160656622,7/21/2016 21:50,1,0,0,,N,807927,0,NOT COLLISION W/MOTOR VEHICLE-TRANSPORT,21,CLEAR,3,DARK - LIGHTED,50,DEER (ANIMAL),CLARKSVILLE PKE & OLD HICKORY BLVD,NASHVILLE,TN,37218,3231,NORTH,36.2764,-86.8688,"(36.2764, -86.8688)"
20160682062,7/30/2016 0:00,1,0,0,,N,206672,0,NOT COLLISION W/MOTOR VEHICLE-TRANSPORT,21,CLEAR,2,DARK - NOT LIGHTED,50,DEER (ANIMAL),MM 35 5 I 24,WHITES CREEK,TN,37189,2212,NORTH,36.3225,-86.859,"(36.3225, -86.859)"
20160700045,8/4/2016 20:05,1,0,0,,N,226827,0,NOT COLLISION W/MOTOR VEHICLE-TRANSPORT,22,CLOUDY,3,DARK - LIGHTED,50,DEER (ANIMAL),CUMBERLAND HILLS DR & GALLATIN PKEN,MADISON,TN,37115,1721,MADISO,36.3092,-86.6762,"(36.3092, -86.6762)"
20160701476,8/5/2016 7:57,1,0,0,,N,802993,0,NOT COLLISION W/MOTOR VEHICLE-TRANSPORT,21,CLEAR,1,DAYLIGHT,50,DEER (ANIMAL),HAMILTON CHURCH RD & MURFREESBORO PKE,ANTIOCH,TN,37013,8865,SOUTH,36.0645,-86.6288,"(36.0645, -86.6288)"
20160711519,8/8/2016 21:54,1,0,0,,N,197435,0,NOT COLLISION W/MOTOR VEHICLE-TRANSPORT,21,CLEAR,3,DARK - LIGHTED,50,DEER (ANIMAL),BRILEY PKWYE & I65 S EXT RAMP,MADISON,TN,37115,20122,MADISO,36.241,-86.7549,"(36.241, -86.7549)"
20160716121,8/10/2016 5:00,1,0,0,,N,332298,0,NOT COLLISION W/MOTOR VEHICLE-TRANSPORT,21,CLEAR,3,DARK - LIGHTED,50,DEER (ANIMAL),FRANKLIN PKE & FRANKLIN PIKE CIR,NASHVILLE,TN,37220,7111,MIDTOW,36.0471,-86.7777,"(36.0471, -86.7777)"
20160750996,8/20/2016 19:54,1,0,0,,N,179600,0,NOT COLLISION W/MOTOR VEHICLE-TRANSPORT,2,RAIN,3,DARK - LIGHTED,50,DEER (ANIMAL),OLD HICKORY BLVD & LEBANON PKE EB EXT RA,HERMITAGE,TN,37076,9531,HERMIT,36.1964,-86.6198,"(36.1964, -86.6198)"
20160752922,8/21/2016 17:48,1,0,0,,N,109502,0,NOT COLLISION W/MOTOR VEHICLE-TRANSPORT,21,CLEAR,1,DAYLIGHT,50,DEER (ANIMAL),OTTER CREEK RD & FOREST ACRES DR,NASHVILLE,TN,37220,7111,MIDTOW,36.0621,-86.7844,"(36.0621, -86.7844)"
20160756429,8/22/2016 20:46,1,0,0,,N,140790,0,NOT COLLISION W/MOTOR VEHICLE-TRANSPORT,21,CLEAR,5,DUSK,50,DEER (ANIMAL),ASHLAND CITY HWY & PECAN VALLEY RD,NASHVILLE,TN,37218,3327,NORTH,36.2051,-86.9472,"(36.2051, -86.9472)"
20160757881,8/23/2016 6:55,1,0,0,,N,226622,0,NOT COLLISION W/MOTOR VEHICLE-TRANSPORT,21,CLEAR,1,DAYLIGHT,50,DEER (ANIMAL),OLD HICKORY BLVD & S HIGHLANDS DR,NASHVILLE,TN,37221,4901,WEST,36.0642,-86.9172,"(36.0642, -86.9172)"
20160770095,8/26/2016 20:25,1,0,0,,N,197070,0,NOT COLLISION W/MOTOR VEHICLE-TRANSPORT,22,CLOUDY,7,Dark-Unknown Lighting,50,DEER (ANIMAL),OLD CLARKSVILLE PKE & EATONS CREEK RD,JOELTON,TN,37080,3307,NORTH,36.3163,-86.8766,"(36.3163, -86.8766)"
20160776026,8/29/2016 3:01,1,0,0,,N,109551,0,NOT COLLISION W/MOTOR VEHICLE-TRANSPORT,21,CLEAR,2,DARK - NOT LIGHTED,50,DEER (ANIMAL),CENTRAL PKE & N NEW HOPE RD,HERMITAGE,TN,37076,9541,HERMIT,36.1776,-86.6059,"(36.1776, -86.6059)"
20160778644,8/29/2016 20:02,1,0,0,,N,716886,0,NOT COLLISION W/MOTOR VEHICLE-TRANSPORT,21,CLEAR,2,DARK - NOT LIGHTED,50,DEER (ANIMAL),ASHLAND CITY HWY & OLD HICKORY BLVD,NASHVILLE,TN,37218,3341,NORTH,36.2115,-86.921,"(36.2115, -86.921)"
20160778604,8/29/2016 20:23,1,0,0,,N,909486,0,NOT COLLISION W/MOTOR VEHICLE-TRANSPORT,21,CLEAR,2,DARK - NOT LIGHTED,50,DEER (ANIMAL),OLD HICKORY BLVD & RIVER OAKS RD,NASHVILLE,TN,37215,6305,MIDTOW,36.0419,-86.8248,"(36.0419, -86.8248)"
20160780010,8/30/2016 7:13,1,0,0,,N,544481,0,NOT COLLISION W/MOTOR VEHICLE-TRANSPORT,21,CLEAR,1,DAYLIGHT,50,DEER (ANIMAL),ELLINGTON PKWYS & ELLINGTON PKWY S ENT R,NASHVILLE,TN,37207,1996,EAST,36.1828,-86.7615,"(36.1828, -86.7615)"
20160795541,9/3/2016 21:50,1,0,0,,N,179600,0,NOT COLLISION W/MOTOR VEHICLE-TRANSPORT,21,CLEAR,2,DARK - NOT LIGHTED,50,DEER (ANIMAL),HICKORY INDUSTRIAL DR & OLD HICKORY BLVD,OLD HICKORY,TN,37138,9619,HERMIT,36.2666,-86.6701,"(36.2666, -86.6701)"
20160804701,9/7/2016 5:15,1,0,0,,N,332298,0,NOT COLLISION W/MOTOR VEHICLE-TRANSPORT,21,CLEAR,3,DARK - LIGHTED,50,DEER (ANIMAL),HOGAN RD & FRANKLIN PKE,NASHVILLE,TN,37220,7111,MIDTOW,36.0663,-86.7742,"(36.0663, -86.7742)"
20160810550,9/8/2016 19:26,1,0,0,,N,179581,0,NOT COLLISION W/MOTOR VEHICLE-TRANSPORT,21,CLEAR,2,DARK - NOT LIGHTED,50,DEER (ANIMAL),HOBSON PKE & DERBYSHIRE DR,ANTIOCH,TN,37013,8977,SOUTH,36.069,-86.5834,"(36.069, -86.5834)"
20160825921,9/13/2016 18:40,1,0,0,,N,179599,0,NOT COLLISION W/MOTOR VEHICLE-TRANSPORT,21,CLEAR,5,DUSK,50,DEER (ANIMAL),BELL RD & REELFOOT CIR,NASHVILLE,TN,37214,8989,HERMIT,36.1373,-86.6292,"(36.1373, -86.6292)"
20160826423,9/13/2016 21:52,1,0,0,,N,166461,0,NOT COLLISION W/MOTOR VEHICLE-TRANSPORT,21,CLEAR,2,DARK - NOT LIGHTED,50,DEER (ANIMAL),LAVERGNE COUCHVILLE PKE & OLD HICKORY BL,ANTIOCH,TN,37013,8901,SOUTH,36.0441,-86.5844,"(36.0441, -86.5844)"
20160844153,9/19/2016 19:23,1,0,0,,N,672460,0,NOT COLLISION W/MOTOR VEHICLE-TRANSPORT,21,CLEAR,2,DARK - NOT LIGHTED,50,DEER (ANIMAL),OLD HICKORY BLVD & DODSON CHAPEL RD,HERMITAGE,TN,37076,9561,HERMIT,36.1835,-86.6108,"(36.1835, -86.6108)"
20160847756,9/20/2016 21:54,1,0,0,,N,110083,0,NOT COLLISION W/MOTOR VEHICLE-TRANSPORT,21,CLEAR,2,DARK - NOT LIGHTED,50,DEER (ANIMAL),BRILEY PKWYN & BRILEY PKWYS,NASHVILLE,TN,37211,8404,SOUTH,36.1092,-86.727,"(36.1092, -86.727)"
20160855711,9/23/2016 6:00,1,0,0,,N,405424,0,NOT COLLISION W/MOTOR VEHICLE-TRANSPORT,21,CLEAR,4,DAWN,50,DEER (ANIMAL),3535 BELL RD,NASHVILLE,TN,37214,8957,HERMIT,36.1432,-86.6267,"(36.1432, -86.6267)"
20160861200,9/25/2016 6:10,1,0,0,,N,179602,0,NOT COLLISION W/MOTOR VEHICLE-TRANSPORT,21,CLEAR,4,DAWN,50,DEER (ANIMAL),MM 32 1 I 24,JOELTON,TN,37080,3316,NORTH,36.3376,-86.9139,"(36.3376, -86.9139)"
20160866011,9/26/2016 20:16,1,0,0,,N,109504,0,NOT COLLISION W/MOTOR VEHICLE-TRANSPORT,21,CLEAR,2,DARK - NOT LIGHTED,50,DEER (ANIMAL),NOLENSVILLE PKE & PERSIA WAY,NASHVILLE,TN,37211,8651,MIDTOW,36.0226,-86.7123,"(36.0226, -86.7123)"
20160866178,9/26/2016 22:16,1,0,0,,N,161952,0,NOT COLLISION W/MOTOR VEHICLE-TRANSPORT,21,CLEAR,2,DARK - NOT LIGHTED,50,DEER (ANIMAL),CANE RIDGE RD & OLD FRANKLIN RD,ANTIOCH,TN,37013,8751,SOUTH,36.0316,-86.654,"(36.0316, -86.654)"
20160867615,9/27/2016 9:30,1,0,0,,N,226098,0,NOT COLLISION W/MOTOR VEHICLE-TRANSPORT,21,CLEAR,1,DAYLIGHT,50,DEER (ANIMAL),CLARKSVILLE PKE & DRY FORK RD,NASHVILLE,TN,37218,3231,NORTH,36.276,-86.868,"(36.276, -86.868)"
20160896673,10/6/2016 19:14,1,0,0,,N,197074,0,NOT COLLISION W/MOTOR VEHICLE-TRANSPORT,21,CLEAR,3,DARK - LIGHTED,50,DEER (ANIMAL),OLD HICKORY BLVD & RIDGELAKE PKWY,NASHVILLE,TN,37221,4815,WEST,36.0974,-86.9249,"(36.0974, -86.9249)"
20160901198,10/8/2016 6:25,1,1,0,,N,240977,0,NOT COLLISION W/MOTOR VEHICLE-TRANSPORT,21,CLEAR,1,DAYLIGHT,50,DEER (ANIMAL),WHITES CREEK PKE & MORGAN RD,JOELTON,TN,37080,2309,NORTH,36.3526,-86.8806,"(36.3526, -86.8806)"
20160901237,10/8/2016 7:20,1,0,0,,N,226306,0,NOT COLLISION W/MOTOR VEHICLE-TRANSPORT,21,CLEAR,1,DAYLIGHT,50,DEER (ANIMAL),HIGHWAY 100 & OLD HARDING PKE,NASHVILLE,TN,37221,4807,WEST,36.0445,-86.956,"(36.0445, -86.956)"
20160905278,10/10/2016 2:49,1,0,0,,N,212349,0,NOT COLLISION W/MOTOR VEHICLE-TRANSPORT,21,CLEAR,2,DARK - NOT LIGHTED,50,DEER (ANIMAL),MM 218 4 I 40,NASHVILLE,TN,37214,89062,HERMIT,36.1504,-86.6376,"(36.1504, -86.6376)"
20160907630,10/10/2016 22:55,1,0,0,,N,109551,0,NOT COLLISION W/MOTOR VEHICLE-TRANSPORT,21,CLEAR,2,DARK - NOT LIGHTED,50,DEER (ANIMAL),SHUTE LN & BRANDYWINE POINTE BLVD,OLD HICKORY,TN,37138,9717,HERMIT,36.2305,-86.6061,"(36.2305, -86.6061)"
20160915731,10/13/2016 14:12,1,1,0,,N,405447,0,NOT COLLISION W/MOTOR VEHICLE-TRANSPORT,21,CLEAR,1,DAYLIGHT,50,DEER (ANIMAL),EDMONDSON PKE & SEVEN MILE CREEK GRNWY,NASHVILLE,TN,37211,8657,MIDTOW,36.0585,-86.7416,"(36.0585, -86.7416)"
20160917984,10/14/2016 6:23,1,0,0,,N,676834,0,NOT COLLISION W/MOTOR VEHICLE-TRANSPORT,22,CLOUDY,2,DARK - NOT LIGHTED,50,DEER (ANIMAL),BELL RD & STEWARTS FERRY PKE,NASHVILLE,TN,37214,8959,HERMIT,36.1522,-86.6251,"(36.1522, -86.6251)"
20160922594,10/15/2016 18:51,1,0,0,,N,807332,0,NOT COLLISION W/MOTOR VEHICLE-TRANSPORT,21,CLEAR,2,DARK - NOT LIGHTED,50,DEER (ANIMAL),I40 W ENT RAMP & I40 E EXT RAMP,HERMITAGE,TN,37076,9506,HERMIT,36.1755,-86.6059,"(36.1755, -86.6059)"
20160925494,10/17/2016 0:22,1,0,0,,N,161952,0,NOT COLLISION W/MOTOR VEHICLE-TRANSPORT,21,CLEAR,3,DARK - LIGHTED,50,DEER (ANIMAL),MURFREESBORO PKE & BROOKSBORO PL,ANTIOCH,TN,37013,8891,SOUTH,36.0837,-86.6472,"(36.0837, -86.6472)"
20160925978,10/17/2016 5:30,1,0,0,,N,212349,0,NOT COLLISION W/MOTOR VEHICLE-TRANSPORT,21,CLEAR,3,DARK - LIGHTED,50,DEER (ANIMAL),MM 219 3 I 40,NASHVILLE,TN,37214,94022,HERMIT,36.159,-86.6242,"(36.159, -86.6242)"
20160927761,10/17/2016 19:09,1,0,0,,N,197054,0,NOT COLLISION W/MOTOR VEHICLE-TRANSPORT,21,CLEAR,2,DARK - NOT LIGHTED,50,DEER (ANIMAL),BELL RD & OLD HICKORY BLVD,HERMITAGE,TN,37076,9501,HERMIT,36.1615,-86.599,"(36.1615, -86.599)"
20160928297,10/17/2016 23:21,1,0,0,,N,109551,0,NOT COLLISION W/MOTOR VEHICLE-TRANSPORT,21,CLEAR,2,DARK - NOT LIGHTED,50,DEER (ANIMAL),MM 221 2 I 40,HERMITAGE,TN,37076,95020,HERMIT,36.1701,-86.5944,"(36.1701, -86.5944)"
20160932795,10/19/2016 3:50,1,0,0,,N,156308,0,NOT COLLISION W/MOTOR VEHICLE-TRANSPORT,21,CLEAR,2,DARK - NOT LIGHTED,50,DEER (ANIMAL),MM 40 2 I 24,WHITES CREEK,TN,37189,3314,NORTH,36.2809,-86.804,"(36.2809, -86.804)"
20160933111,10/19/2016 6:44,1,0,0,,N,267339,0,NOT COLLISION W/MOTOR VEHICLE-TRANSPORT,21,CLEAR,1,DAYLIGHT,50,DEER (ANIMAL),NOLENSVILLE PKE & HOLT RD,NASHVILLE,TN,37211,8651,MIDTOW,36.0125,-86.7036,"(36.0125, -86.7036)"
20160935095,10/19/2016 19:15,1,0,0,,N,716886,0,NOT COLLISION W/MOTOR VEHICLE-TRANSPORT,21,CLEAR,2,DARK - NOT LIGHTED,50,DEER (ANIMAL),ASHLAND CITY HWY & BULL RUN RD,NASHVILLE,TN,37218,3325,NORTH,36.2114,-86.9212,"(36.2114, -86.9212)"
20160935200,10/19/2016 19:43,1,0,0,,N,161945,0,NOT COLLISION W/MOTOR VEHICLE-TRANSPORT,21,CLEAR,2,DARK - NOT LIGHTED,50,DEER (ANIMAL),ASHLAND CITY HWY & PECAN VALLEY RD,NASHVILLE,TN,37218,3327,NORTH,36.2051,-86.9472,"(36.2051, -86.9472)"
20160936071,10/20/2016 2:17,1,0,0,,N,109515,0,NOT COLLISION W/MOTOR VEHICLE-TRANSPORT,21,CLEAR,2,DARK - NOT LIGHTED,50,DEER (ANIMAL),SPRINGFIELD HWY & BAKER STATION RD,GOODLETTSVILLE,TN,37072,2215,MADISO,36.3771,-86.7492,"(36.3771, -86.7492)"
20160940008,10/21/2016 8:20,1,0,0,,N,676834,0,NOT COLLISION W/MOTOR VEHICLE-TRANSPORT,22,CLOUDY,1,DAYLIGHT,50,DEER (ANIMAL),PENNINGTON BEND RD & MCGAVOCK PKE,NASHVILLE,TN,37214,9315,HERMIT,36.2163,-86.689,"(36.2163, -86.689)"
20160943120,10/22/2016 8:13,2,0,0,,N,343522,0,NOT COLLISION W/MOTOR VEHICLE-TRANSPORT,21,CLEAR,1,DAYLIGHT,50,DEER (ANIMAL),MM 198 2 I 40,NASHVILLE,TN,37221,4806,WEST,36.101,-86.9345,"(36.101, -86.9345)"
20160944961,10/23/2016 2:02,1,0,0,,N,184870,0,NOT COLLISION W/MOTOR VEHICLE-TRANSPORT,21,CLEAR,3,DARK - LIGHTED,50,DEER (ANIMAL),CHARLOTTE PKE & WHEATFIELD WAY,NASHVILLE,TN,37221,4711,WEST,36.1141,-86.927,"(36.1141, -86.927)"
20160945286,10/23/2016 6:05,1,0,0,,N,343522,0,NOT COLLISION W/MOTOR VEHICLE-TRANSPORT,21,CLEAR,3,DARK - LIGHTED,50,DEER (ANIMAL),HIGHWAY 70S & CHIMNEY HL,NASHVILLE,TN,37221,4901,WEST,36.0764,-86.9151,"(36.0764, -86.9151)"
20160946501,10/23/2016 18:38,1,0,0,,N,909485,0,NOT COLLISION W/MOTOR VEHICLE-TRANSPORT,21,CLEAR,1,DAYLIGHT,50,DEER (ANIMAL),FRANKLIN PKE & NORWOOD DR,NASHVILLE,TN,37204,7013,MIDTOW,36.0988,-86.7721,"(36.0988, -86.7721)"
20160946835,10/23/2016 23:09,1,0,0,,N,109551,0,NOT COLLISION W/MOTOR VEHICLE-TRANSPORT,21,CLEAR,2,DARK - NOT LIGHTED,50,DEER (ANIMAL),MM 221 3 I 40,HERMITAGE,TN,37076,95020,HERMIT,36.1701,-86.5928,"(36.1701, -86.5928)"
20160947624,10/24/2016 7:17,1,1,0,,N,110063,0,NOT COLLISION W/MOTOR VEHICLE-TRANSPORT,21,CLEAR,1,DAYLIGHT,50,DEER (ANIMAL),WHITES CREEK PKE & SYCAMORE CREEK RD,JOELTON,TN,37080,2321,NORTH,36.3819,-86.895,"(36.3819, -86.895)"
20160949470,10/24/2016 18:50,1,0,0,,N,161948,0,NOT COLLISION W/MOTOR VEHICLE-TRANSPORT,21,CLEAR,3,DARK - LIGHTED,50,DEER (ANIMAL),STEWARTS FERRY PKE & MCCRORY CREEK RD,NASHVILLE,TN,37214,9415,HERMIT,36.1572,-86.6346,"(36.1572, -86.6346)"
20160949410,10/24/2016 19:10,1,0,0,,N,109533,0,NOT COLLISION W/MOTOR VEHICLE-TRANSPORT,21,CLEAR,3,DARK - LIGHTED,50,DEER (ANIMAL),BELL RD & BROOK VIEW ESTATES DR,ANTIOCH,TN,37013,8755,SOUTH,36.0439,-86.6933,"(36.0439, -86.6933)"
20160950820,10/25/2016 8:10,1,0,0,,N,405391,0,NOT COLLISION W/MOTOR VEHICLE-TRANSPORT,21,CLEAR,1,DAYLIGHT,50,DEER (ANIMAL),HIGHWAY 70 & BEVERLY HILLS DR,NASHVILLE,TN,37221,4713,WEST,36.0965,-87.0345,"(36.0965, -87.0345)"
20160951106,10/25/2016 10:00,1,0,0,,N,267831,0,NOT COLLISION W/MOTOR VEHICLE-TRANSPORT,21,CLEAR,1,DAYLIGHT,50,DEER (ANIMAL),MM 196 7 I 40,NASHVILLE,TN,37221,4806,WEST,36.0837,-86.9512,"(36.0837, -86.9512)"
20160952852,10/25/2016 20:48,1,0,0,,N,909486,0,NOT COLLISION W/MOTOR VEHICLE-TRANSPORT,21,CLEAR,2,DARK - NOT LIGHTED,50,DEER (ANIMAL),HILLSBORO PKE & OLD HICKORY BLVD,NASHVILLE,TN,37221,6215,WEST,36.0448,-86.8649,"(36.0448, -86.8649)"
20160955299,10/26/2016 14:25,1,0,0,,N,267831,0,NOT COLLISION W/MOTOR VEHICLE-TRANSPORT,21,CLEAR,1,DAYLIGHT,50,DEER (ANIMAL),MM 199 6 I 40,NASHVILLE,TN,37209,4708,WEST,36.1154,-86.9174,"(36.1154, -86.9174)"
20160956468,10/26/2016 22:20,1,0,0,,N,909486,0,NOT COLLISION W/MOTOR VEHICLE-TRANSPORT,21,CLEAR,2,DARK - NOT LIGHTED,50,DEER (ANIMAL),EDMONDSON PKE & CLOVERLAND DR,NASHVILLE,TN,37211,8651,MIDTOW,36.0295,-86.7441,"(36.0295, -86.7441)"
20160956708,10/26/2016 22:20,1,0,0,,N,879558,0,NOT COLLISION W/MOTOR VEHICLE-TRANSPORT,21,CLEAR,3,DARK - LIGHTED,50,DEER (ANIMAL),STEWARTS FERRY PKE & HICKORY BEND DR,NASHVILLE,TN,37214,9407,HERMIT,36.1585,-86.6403,"(36.1585, -86.6403)"
20160956510,10/26/2016 22:49,1,0,0,,N,151139,0,NOT COLLISION W/MOTOR VEHICLE-TRANSPORT,21,CLEAR,2,DARK - NOT LIGHTED,50,DEER (ANIMAL),BURKITT RD & WESTCOTT LN,NOLENSVILLE,TN,37135,8773,SOUTH,35.9912,-86.665,"(35.9912, -86.665)"
20160956932,10/27/2016 1:30,1,0,0,,N,226220,0,NOT COLLISION W/MOTOR VEHICLE-TRANSPORT,21,CLEAR,2,DARK - NOT LIGHTED,50,DEER (ANIMAL),OLD HICKORY BLVD & MARYDALE DR,NASHVILLE,TN,37207,2025,MADISO,36.2718,-86.7615,"(36.2718, -86.7615)"
20160960590,10/28/2016 5:19,1,0,0,,N,197076,0,NOT COLLISION W/MOTOR VEHICLE-TRANSPORT,21,CLEAR,3,DARK - LIGHTED,50,DEER (ANIMAL),ROBINSON RD & INDUSTRIAL DR,OLD HICKORY,TN,37138,9611,HERMIT,36.263,-86.6618,"(36.263, -86.6618)"
20160962852,10/28/2016 22:05,1,0,0,,N,402179,0,NOT COLLISION W/MOTOR VEHICLE-TRANSPORT,21,CLEAR,2,DARK - NOT LIGHTED,50,DEER (ANIMAL),TYNE BLVD & SEWANEE RD,NASHVILLE,TN,37220,7107,MIDTOW,36.0807,-86.7984,"(36.0807, -86.7984)"
20160962996,10/28/2016 22:05,1,0,0,,N,197076,0,NOT COLLISION W/MOTOR VEHICLE-TRANSPORT,21,CLEAR,3,DARK - LIGHTED,50,DEER (ANIMAL),OLD HICKORY BLVD & OVERTON ST,OLD HICKORY,TN,37138,9711,HERMIT,36.2498,-86.6443,"(36.2498, -86.6443)"
20160965408,10/29/2016 21:20,1,1,0,,N,212327,0,NOT COLLISION W/MOTOR VEHICLE-TRANSPORT,21,CLEAR,3,DARK - LIGHTED,50,DEER (ANIMAL),MURFREESBORO PKE & HICKORY WOODS DR,ANTIOCH,TN,37013,8967,SOUTH,36.0264,-86.5884,"(36.0264, -86.5884)"
20160966203,10/30/2016 6:30,1,0,0,,N,414730,0,NOT COLLISION W/MOTOR VEHICLE-TRANSPORT,21,CLEAR,1,DAYLIGHT,50,DEER (ANIMAL),HIGHWAY 100 & OLD HARDING PKE,NASHVILLE,TN,37221,4807,WEST,36.0445,-86.956,"(36.0445, -86.956)"
20160966637,10/30/2016 10:24,1,0,0,,N,476330,0,NOT COLLISION W/MOTOR VEHICLE-TRANSPORT,21,CLEAR,1,DAYLIGHT,50,DEER (ANIMAL),ASHLAND CITY HWY & WWCR AV,NASHVILLE,TN,37218,3235,NORTH,36.2103,-86.8813,"(36.2103, -86.8813)"
20160967559,10/30/2016 21:45,1,0,0,,N,212345,0,NOT COLLISION W/MOTOR VEHICLE-TRANSPORT,21,CLEAR,2,DARK - NOT LIGHTED,50,DEER (ANIMAL),MM 201 3 I 40,NASHVILLE,TN,37209,46027,WEST,36.1339,-86.8958,"(36.1339, -86.8958)"
20160968139,10/31/2016 3:25,1,0,0,,N,240976,0,NOT COLLISION W/MOTOR VEHICLE-TRANSPORT,21,CLEAR,2,DARK - NOT LIGHTED,50,DEER (ANIMAL),WHITES CREEK PKE & BEAR HOLLOW RD PVTDR,JOELTON,TN,37080,3307,NORTH,36.305,-86.8597,"(36.305, -86.8597)"
20160968742,10/31/2016 8:46,1,0,0,,N,620072,0,NOT COLLISION W/MOTOR VEHICLE-TRANSPORT,22,CLOUDY,1,DAYLIGHT,50,DEER (ANIMAL),WHITES CREEK PKE & PARMLEY LN,NASHVILLE,TN,37207,3221,NORTH,36.2429,-86.8215,"(36.2429, -86.8215)"