Accident Number,Date and Time,Number of Motor Vehicles,Number of Injuries,Number of Fatalities,Property Damage,Hit and Run,Reporting Officer,Collision Type Code,Collision Type Description,Weather Code,Weather Description,Illumination Code,Illumination Description,Harmful Code,Harmful Code Description,Street Address,City,State,ZIP,RPA,Precinct,Latitude,Longitude,Mapped Location
20160970261,10/31/2016 18:55,1,0,0,,N,909486,0,NOT COLLISION W/MOTOR VEHICLE-TRANSPORT,21,CLEAR,2,DARK - NOT LIGHTED,50,DEER (ANIMAL),HOLT RD & HOLT HILLS RD,NASHVILLE,TN,37211,8651,MIDTOW,36.0149,-86.7298,"(36.0149, -86.7298)"
20160970530,10/31/2016 20:57,1,1,0,,N,179604,0,NOT COLLISION W/MOTOR VEHICLE-TRANSPORT,21,CLEAR,2,DARK - NOT LIGHTED,50,DEER (ANIMAL),OLD HICKORY & 32ND,OLD HICKORY,TN,37138,9733,HERMIT,36.2604,-86.6469,"(36.2604, -86.6469)"
20160970589,10/31/2016 21:30,1,0,0,,N,175719,0,NOT COLLISION W/MOTOR VEHICLE-TRANSPORT,21,CLEAR,3,DARK - LIGHTED,50,DEER (ANIMAL),WHITES CREEK PKE & BRILEY PKWY E ENT RAM,NASHVILLE,TN,37207,3025,NORTH,36.2307,-86.813,"(36.2307, -86.813)"
20160970682,10/31/2016 22:15,1,0,0,,N,909489,0,NOT COLLISION W/MOTOR VEHICLE-TRANSPORT,21,CLEAR,2,DARK - NOT LIGHTED,50,DEER (ANIMAL),BRICK CHURCH PKE & BELLSHIRE DR,NASHVILLE,TN,37207,2037,MADISO,36.2622,-86.776,"(36.2622, -86.776)"
20160971058,10/31/2016 22:30,1,0,0,,N,109495,0,NOT COLLISION W/MOTOR VEHICLE-TRANSPORT,21,CLEAR,2,DARK - NOT LIGHTED,50,DEER (ANIMAL),HOLT RD & REDMOND LN,NASHVILLE,TN,37211,8651,MIDTOW,36.014,-86.7193,"(36.014, -86.7193)"
20160971045,11/1/2016 0:30,1,0,0,,N,226220,0,NOT COLLISION W/MOTOR VEHICLE-TRANSPORT,21,CLEAR,3,DARK - LIGHTED,50,DEER (ANIMAL),NEELYS BEND RD & IDLEWILD DR,MADISON,TN,37115,1603,MADISO,36.2555,-86.7058,"(36.2555, -86.7058)"
20160971192,11/1/2016 1:45,1,0,0,,N,226220,0,NOT COLLISION W/MOTOR VEHICLE-TRANSPORT,21,CLEAR,2,DARK - NOT LIGHTED,50,DEER (ANIMAL),MYATT DR & N DUPONT AV,MADISON,TN,37115,1705,MADISO,36.2662,-86.6901,"(36.2662, -86.6901)"
20160977709,11/3/2016 0:00,1,0,0,,N,468098,0,NOT COLLISION W/MOTOR VEHICLE-TRANSPORT,21,CLEAR,2,DARK - NOT LIGHTED,50,DEER (ANIMAL),MM 56 0 I 24,NASHVILLE,TN,37211,8708,SOUTH,36.0818,-86.6975,"(36.0818, -86.6975)"
20160978493,11/3/2016 6:45,1,0,0,,N,226622,0,NOT COLLISION W/MOTOR VEHICLE-TRANSPORT,21,CLEAR,4,DAWN,50,DEER (ANIMAL),HIGHWAY 100 & TEMPLEGATE DR,NASHVILLE,TN,37221,4807,WEST,36.0464,-86.9455,"(36.0464, -86.9455)"
20160980300,11/3/2016 18:20,1,0,0,,N,909486,0,NOT COLLISION W/MOTOR VEHICLE-TRANSPORT,21,CLEAR,3,DARK - LIGHTED,50,DEER (ANIMAL),TYNE BLVD & OVERTON LEA RD,NASHVILLE,TN,37220,7109,MIDTOW,36.0783,-86.7849,"(36.0783, -86.7849)"
20160980871,11/3/2016 22:51,1,0,0,,N,332298,0,NOT COLLISION W/MOTOR VEHICLE-TRANSPORT,21,CLEAR,1,DAYLIGHT,50,DEER (ANIMAL),BRENTWOOD COMMONS WAY & BRENTWOOD TRC,BRENTWOOD,TN,37027,8623,MIDTOW,36.0411,-86.7762,"(36.0411, -86.7762)"
20160980935,11/3/2016 23:15,1,0,0,,N,876577,0,NOT COLLISION W/MOTOR VEHICLE-TRANSPORT,21,CLEAR,3,DARK - LIGHTED,50,DEER (ANIMAL),CLARKSVILLE PKE & LLOYD RD,NASHVILLE,TN,37218,3219,NORTH,36.2634,-86.8544,"(36.2634, -86.8544)"
20160981837,11/4/2016 6:45,1,0,0,,N,226622,0,NOT COLLISION W/MOTOR VEHICLE-TRANSPORT,22,CLOUDY,4,DAWN,50,DEER (ANIMAL),COLEY DAVIS RD & HARPETH YOUTH SOCCER PV,NASHVILLE,TN,37221,4811,WEST,36.0787,-86.9559,"(36.0787, -86.9559)"
20160983973,11/4/2016 20:50,1,0,0,,N,402179,0,NOT COLLISION W/MOTOR VEHICLE-TRANSPORT,21,CLEAR,3,DARK - LIGHTED,50,DEER (ANIMAL),CLOVERLAND DR & FREDERICKSBURG WAY,BRENTWOOD,TN,37027,8623,MIDTOW,36.0322,-86.7651,"(36.0322, -86.7651)"
20160984496,11/5/2016 1:32,1,0,0,,N,179606,0,NOT COLLISION W/MOTOR VEHICLE-TRANSPORT,21,CLEAR,3,DARK - LIGHTED,50,DEER (ANIMAL),MM 7 3 I 440,NASHVILLE,TN,37210,83043,SOUTH,36.1255,-86.732,"(36.1255, -86.732)"
20160985897,11/5/2016 17:30,1,0,0,,N,224946,0,NOT COLLISION W/MOTOR VEHICLE-TRANSPORT,22,CLOUDY,3,DARK - LIGHTED,50,DEER (ANIMAL),GALLATIN PKEN & CUMBERLAND HILLS DR,MADISON,TN,37115,1737,MADISO,36.3093,-86.6753,"(36.3093, -86.6753)"
20160986402,11/5/2016 20:45,1,0,0,,N,161948,0,NOT COLLISION W/MOTOR VEHICLE-TRANSPORT,21,CLEAR,3,DARK - LIGHTED,50,DEER (ANIMAL),BRILEY PKWY S ENT RAMP & BRILEY PKWYS,NASHVILLE,TN,37217,8811,SOUTH,36.1182,-86.7017,"(36.1182, -86.7017)"
20160988367,11/6/2016 17:49,1,0,0,,N,161945,0,NOT COLLISION W/MOTOR VEHICLE-TRANSPORT,21,CLEAR,2,DARK - NOT LIGHTED,50,DEER (ANIMAL),CLARKSVILLE PKE & DOUGLAS RD,JOELTON,TN,37080,3317,NORTH,36.3219,-86.9062,"(36.3219, -86.9062)"
20160989928,11/7/2016 9:53,1,0,0,,N,212307,0,NOT COLLISION W/MOTOR VEHICLE-TRANSPORT,21,CLEAR,1,DAYLIGHT,50,DEER (ANIMAL),BURKITT RD & BATTLE RD,ANTIOCH,TN,37013,8771,SOUTH,36.0594,-86.7161,"(36.0594, -86.7161)"
20160991956,11/7/2016 23:45,1,0,0,,N,229888,0,NOT COLLISION W/MOTOR VEHICLE-TRANSPORT,21,CLEAR,2,DARK - NOT LIGHTED,50,DEER (ANIMAL),RIVER ROAD PKE & OLD RIVER RD,NASHVILLE,TN,37209,4707,WEST,36.1389,-86.9399,"(36.1389, -86.9399)"
20160992770,11/8/2016 6:41,1,0,0,,N,572249,0,NOT COLLISION W/MOTOR VEHICLE-TRANSPORT,22,CLOUDY,7,Dark-Unknown Lighting,50,DEER (ANIMAL),MM 77 5 I 65,NASHVILLE,TN,37220,86042,MIDTOW,36.0775,-86.7663,"(36.0775, -86.7663)"
20160994618,11/8/2016 17:06,1,0,0,,N,909489,0,NOT COLLISION W/MOTOR VEHICLE-TRANSPORT,22,CLOUDY,2,DARK - NOT LIGHTED,50,DEER (ANIMAL),NEELYS BEND RD & ALLEN PASS,MADISON,TN,37115,1615,MADISO,36.2417,-86.6752,"(36.2417, -86.6752)"
20160995564,11/8/2016 21:45,1,0,0,,N,229888,0,NOT COLLISION W/MOTOR VEHICLE-TRANSPORT,21,CLEAR,3,DARK - LIGHTED,50,DEER (ANIMAL),RIVER RD & GOWER RD,NASHVILLE,TN,37209,4701,WEST,36.1313,-86.9231,"(36.1313, -86.9231)"
20160995971,11/9/2016 1:40,1,0,0,,N,226220,0,NOT COLLISION W/MOTOR VEHICLE-TRANSPORT,21,CLEAR,3,DARK - LIGHTED,50,DEER (ANIMAL),DICKERSON PKE & DUE WEST AVN,MADISON,TN,37115,2017,MADISO,36.2563,-86.7579,"(36.2563, -86.7579)"
20160998191,11/9/2016 18:23,1,0,0,,N,169419,0,NOT COLLISION W/MOTOR VEHICLE-TRANSPORT,21,CLEAR,2,DARK - NOT LIGHTED,50,DEER (ANIMAL),CENTRAL PKE & LEBANON PKE,HERMITAGE,TN,37076,9505,HERMIT,36.1776,-86.6167,"(36.1776, -86.6167)"
20160998497,11/9/2016 19:15,1,0,0,,N,240984,0,NOT COLLISION W/MOTOR VEHICLE-TRANSPORT,21,CLEAR,2,DARK - NOT LIGHTED,50,DEER (ANIMAL),OLD HICKORY BLVD & MIDDLETON PARK LN,NASHVILLE,TN,37215,6205,WEST,36.0503,-86.8747,"(36.0503, -86.8747)"
20160998420,11/9/2016 19:20,1,1,0,,N,179604,0,NOT COLLISION W/MOTOR VEHICLE-TRANSPORT,21,CLEAR,2,DARK - NOT LIGHTED,50,DEER (ANIMAL),CENTRAL PKE & VALLEY GROVE DR,HERMITAGE,TN,37076,9557,HERMIT,36.1719,-86.5917,"(36.1719, -86.5917)"
20160998853,11/9/2016 22:15,1,0,0,,N,192379,0,NOT COLLISION W/MOTOR VEHICLE-TRANSPORT,21,CLEAR,2,DARK - NOT LIGHTED,50,DEER (ANIMAL),UNA ANTIOCH PKE & COTTAGE HILL DR,ANTIOCH,TN,37013,8891,SOUTH,36.0796,-86.6551,"(36.0796, -86.6551)"
20160998920,11/9/2016 23:00,1,0,0,,N,834821,0,NOT COLLISION W/MOTOR VEHICLE-TRANSPORT,21,CLEAR,2,DARK - NOT LIGHTED,50,DEER (ANIMAL),OLD HICKORY BLVD & WEST MINISTER DR,NASHVILLE,TN,37221,6215,WEST,36.0517,-86.8874,"(36.0517, -86.8874)"
20161002162,11/10/2016 19:58,1,0,0,,N,179600,0,NOT COLLISION W/MOTOR VEHICLE-TRANSPORT,21,CLEAR,2,DARK - NOT LIGHTED,50,DEER (ANIMAL),CENTRAL PKE & VALLEY GROVE DR,HERMITAGE,TN,37076,9557,HERMIT,36.1719,-86.5917,"(36.1719, -86.5917)"
20161003650,11/11/2016 6:50,1,2,0,,N,197075,0,NOT COLLISION W/MOTOR VEHICLE-TRANSPORT,21,CLEAR,1,DAYLIGHT,50,DEER (ANIMAL),WILLIAMSON RD & SPRINGFIELD HWY,GOODLETTSVILLE,TN,37072,2219,MADISO,36.3607,-86.7262,"(36.3607, -86.7262)"
20161003673,11/11/2016 7:06,1,0,0,,N,110063,0,NOT COLLISION W/MOTOR VEHICLE-TRANSPORT,21,CLEAR,1,DAYLIGHT,50,DEER (ANIMAL),WHITES CREEK PKE & GREEN LN,NASHVILLE,TN,37207,3221,NORTH,36.2367,-86.8173,"(36.2367, -86.8173)"
20161005134,11/11/2016 18:10,1,0,0,,N,179600,0,NOT COLLISION W/MOTOR VEHICLE-TRANSPORT,21,CLEAR,2,DARK - NOT LIGHTED,50,DEER (ANIMAL),CENTRAL PKE & N NEW HOPE RD,HERMITAGE,TN,37076,9541,HERMIT,36.1776,-86.6059,"(36.1776, -86.6059)"
20161006297,11/12/2016 3:11,1,0,0,,N,161952,0,NOT COLLISION W/MOTOR VEHICLE-TRANSPORT,21,CLEAR,2,DARK - NOT LIGHTED,50,DEER (ANIMAL),2910 HOBSON PIKE,HERMITAGE,TN,37076,8909,SOUTH,36.087,-86.5624,"(36.087, -86.5624)"
20161009469,11/13/2016 11:30,1,0,0,,N,343522,0,NOT COLLISION W/MOTOR VEHICLE-TRANSPORT,21,CLEAR,1,DAYLIGHT,50,DEER (ANIMAL),HIGHWAY 96 & OLD HARDING PKE,NASHVILLE,TN,37221,4805,WEST,36.0068,-87.0279,"(36.0068, -87.0279)"
20161009697,11/13/2016 13:55,1,0,0,,N,191569,0,NOT COLLISION W/MOTOR VEHICLE-TRANSPORT,22,CLOUDY,1,DAYLIGHT,50,DEER (ANIMAL),LEBANON PKE & MATTERHORN DR,HERMITAGE,TN,37076,9525,HERMIT,36.2166,-86.584,"(36.2166, -86.584)"
20161010027,11/13/2016 16:45,1,0,0,,N,179596,0,NOT COLLISION W/MOTOR VEHICLE-TRANSPORT,21,CLEAR,1,DAYLIGHT,50,DEER (ANIMAL),CENTRAL PKE & JAMES KAY LN,HERMITAGE,TN,37076,9511,HERMIT,36.1775,-86.6167,"(36.1775, -86.6167)"
20161010094,11/13/2016 17:35,1,0,0,,N,169425,0,NOT COLLISION W/MOTOR VEHICLE-TRANSPORT,21,CLEAR,3,DARK - LIGHTED,50,DEER (ANIMAL),HOBSON PKE & OLD HICKORY BLVD,ANTIOCH,TN,37013,8867,SOUTH,36.036,-86.611,"(36.036, -86.611)"
20161010519,11/13/2016 20:55,1,0,0,,N,876570,0,NOT COLLISION W/MOTOR VEHICLE-TRANSPORT,21,CLEAR,3,DARK - LIGHTED,50,DEER (ANIMAL),BRILEY PKWYS & BROOKVIEW DR,NASHVILLE,TN,37214,92960,HERMIT,36.1775,-86.695,"(36.1775, -86.695)"
20161010958,11/14/2016 2:39,1,0,0,,N,212349,0,NOT COLLISION W/MOTOR VEHICLE-TRANSPORT,21,CLEAR,2,DARK - NOT LIGHTED,50,DEER (ANIMAL),MM 218 0 I 40,NASHVILLE,TN,37217,89020,HERMIT,36.1413,-86.667,"(36.1413, -86.667)"
20161011350,11/14/2016 6:25,1,0,0,,N,225212,0,NOT COLLISION W/MOTOR VEHICLE-TRANSPORT,8,"SMOG, SMOKE",3,DARK - LIGHTED,50,DEER (ANIMAL),I40 W ENT RAMP & I 40,NASHVILLE,TN,37210,9007,HERMIT,36.1484,-86.7454,"(36.1484, -86.7454)"
20161011401,11/14/2016 6:55,1,0,0,,N,226622,0,NOT COLLISION W/MOTOR VEHICLE-TRANSPORT,22,CLOUDY,4,DAWN,50,DEER (ANIMAL),OLD HICKORY BLVD & DEVON WAY CT,NASHVILLE,TN,37221,4901,WEST,36.0679,-86.9173,"(36.0679, -86.9173)"
20161013258,11/14/2016 17:51,1,0,0,,N,725756,0,NOT COLLISION W/MOTOR VEHICLE-TRANSPORT,21,CLEAR,3,DARK - LIGHTED,50,DEER (ANIMAL),HIGHWAY 70S & MONTVIEW PVTDR,NASHVILLE,TN,37221,4901,WEST,36.0797,-86.9037,"(36.0797, -86.9037)"
20161013209,11/14/2016 18:07,1,0,0,,N,439917,0,NOT COLLISION W/MOTOR VEHICLE-TRANSPORT,21,CLEAR,2,DARK - NOT LIGHTED,50,DEER (ANIMAL),BELL RD & HERON POINTE DR,NASHVILLE,TN,37214,8943,HERMIT,36.118,-86.6312,"(36.118, -86.6312)"
20161014010,11/14/2016 23:57,1,0,0,,N,146777,0,NOT COLLISION W/MOTOR VEHICLE-TRANSPORT,21,CLEAR,3,DARK - LIGHTED,50,DEER (ANIMAL),BELL RD & BROOK VIEW ESTATES DR,ANTIOCH,TN,37013,8755,SOUTH,36.0439,-86.6933,"(36.0439, -86.6933)"
20161016613,11/15/2016 17:57,1,0,0,,N,596389,0,NOT COLLISION W/MOTOR VEHICLE-TRANSPORT,21,CLEAR,2,DARK - NOT LIGHTED,50,DEER (ANIMAL),HIGHWAY 100 & S HARPETH RD,NASHVILLE,TN,37221,4805,WEST,36.026,-87.0225,"(36.026, -87.0225)"
20161016678,11/15/2016 18:30,1,0,0,,N,109533,0,NOT COLLISION W/MOTOR VEHICLE-TRANSPORT,21,CLEAR,2,DARK - NOT LIGHTED,50,DEER (ANIMAL),I24 E ENT RAMP & I 24,NASHVILLE,TN,37213,1007,CENTRA,36.1662,-86.7659,"(36.1662, -86.7659)"
20161016828,11/15/2016 19:29,1,0,0,,N,402179,0,NOT COLLISION W/MOTOR VEHICLE-TRANSPORT,21,CLEAR,3,DARK - LIGHTED,50,DEER (ANIMAL),GRANNY WHITE PKE & NORTON CT,NASHVILLE,TN,37220,7111,MIDTOW,36.0456,-86.8159,"(36.0456, -86.8159)"
20161016833,11/15/2016 20:09,1,0,0,,N,909489,0,NOT COLLISION W/MOTOR VEHICLE-TRANSPORT,21,CLEAR,3,DARK - LIGHTED,50,DEER (ANIMAL),I65 N ENT RAMP & I 65,NASHVILLE,TN,37207,1829,EAST,36.209,-86.7759,"(36.209, -86.7759)"
20161017376,11/15/2016 23:00,1,0,0,,N,807927,0,NOT COLLISION W/MOTOR VEHICLE-TRANSPORT,21,CLEAR,3,DARK - LIGHTED,50,DEER (ANIMAL),GRAYS POINT RD & CRAFT RD,JOELTON,TN,37080,3319,NORTH,36.2895,-86.8969,"(36.2895, -86.8969)"
20161017909,11/16/2016 3:18,1,0,0,,N,151144,0,NOT COLLISION W/MOTOR VEHICLE-TRANSPORT,21,CLEAR,3,DARK - LIGHTED,50,DEER (ANIMAL),CHARLOTTE PKE & I40 E ENT RAMP,NASHVILLE,TN,37205,5007,WEST,36.1319,-86.8955,"(36.1319, -86.8955)"
20161018322,11/16/2016 6:36,1,0,0,,N,332253,0,NOT COLLISION W/MOTOR VEHICLE-TRANSPORT,5,FOG,4,DAWN,50,DEER (ANIMAL),SPRINGFIELD HWY & WILLIAMSON RD,GOODLETTSVILLE,TN,37072,2221,MADISO,36.3572,-86.7247,"(36.3572, -86.7247)"
20161018392,11/16/2016 7:20,1,0,0,,N,179602,0,NOT COLLISION W/MOTOR VEHICLE-TRANSPORT,5,FOG,1,DAYLIGHT,50,DEER (ANIMAL),CLARKSVILLE PKE & DRY FORK RD,NASHVILLE,TN,37218,3231,NORTH,36.276,-86.868,"(36.276, -86.868)"
20161018613,11/16/2016 8:47,1,1,0,,N,197075,0,NOT COLLISION W/MOTOR VEHICLE-TRANSPORT,21,CLEAR,1,DAYLIGHT,50,DEER (ANIMAL),DICKERSON PKES & CUNNIFF PKWY,GOODLETTSVILLE,TN,37072,2111,MADISO,36.2853,-86.746,"(36.2853, -86.746)"
20161022028,11/17/2016 7:40,1,0,0,,N,206962,0,NOT COLLISION W/MOTOR VEHICLE-TRANSPORT,21,CLEAR,1,DAYLIGHT,50,DEER (ANIMAL),SPRINGFIELD HWY & EAST END RD,GOODLETTSVILLE,TN,37072,2217,MADISO,36.3943,-86.7643,"(36.3943, -86.7643)"
20161023494,11/17/2016 16:30,1,0,0,,N,909489,0,NOT COLLISION W/MOTOR VEHICLE-TRANSPORT,21,CLEAR,5,DUSK,50,DEER (ANIMAL),DICKERSON PKE & OLD DUE WEST AV,MADISON,TN,37115,2017,MADISO,36.25,-86.7572,"(36.25, -86.7572)"
20161023726,11/17/2016 18:49,1,0,0,,N,725756,0,NOT COLLISION W/MOTOR VEHICLE-TRANSPORT,21,CLEAR,2,DARK - NOT LIGHTED,50,DEER (ANIMAL),RIVER RD & RIVER RD PVT DR,NASHVILLE,TN,37209,4701,WEST,36.1312,-86.9198,"(36.1312, -86.9198)"
20161024436,11/17/2016 23:21,2,0,0,,N,240958,0,NOT COLLISION W/MOTOR VEHICLE-TRANSPORT,21,CLEAR,3,DARK - LIGHTED,50,DEER (ANIMAL),WHITES CREEK PKE & ILOLO ST,NASHVILLE,TN,37207,3037,NORTH,36.2115,-86.7976,"(36.2115, -86.7976)"
20161024711,11/18/2016 1:10,1,0,0,,N,226220,0,NOT COLLISION W/MOTOR VEHICLE-TRANSPORT,21,CLEAR,2,DARK - NOT LIGHTED,50,DEER (ANIMAL),SPRINGFIELD HWY & WILLIAMSON RD,GOODLETTSVILLE,TN,37072,2221,MADISO,36.3572,-86.7247,"(36.3572, -86.7247)"
20161027031,11/18/2016 17:51,1,1,0,,N,909486,0,NOT COLLISION W/MOTOR VEHICLE-TRANSPORT,21,CLEAR,3,DARK - LIGHTED,50,DEER (ANIMAL),TYNE BLVD & TARA DR,NASHVILLE,TN,37215,6311,MIDTOW,36.0796,-86.822,"(36.0796, -86.822)"
20161027313,11/18/2016 18:50,1,0,0,,N,151146,0,NOT COLLISION W/MOTOR VEHICLE-TRANSPORT,21,CLEAR,3,DARK - LIGHTED,50,DEER (ANIMAL),HAMILTON CHURCH RD & HOBSON PKE,ANTIOCH,TN,37013,8905,SOUTH,36.0586,-86.5978,"(36.0586, -86.5978)"
20161027696,11/18/2016 21:33,1,0,0,,N,163667,0,NOT COLLISION W/MOTOR VEHICLE-TRANSPORT,21,CLEAR,3,DARK - LIGHTED,50,DEER (ANIMAL),BATTERY LN & DUSTIN LN,NASHVILLE,TN,37220,7103,MIDTOW,36.088,-86.7827,"(36.088, -86.7827)"
20161028985,11/19/2016 9:00,1,0,0,,N,473670,0,NOT COLLISION W/MOTOR VEHICLE-TRANSPORT,21,CLEAR,1,DAYLIGHT,50,DEER (ANIMAL),MM 15 0 I65,MADISON,TN,,,,0,0,"(0.0, 0.0)"
20161029094,11/19/2016 10:25,1,0,0,,N,468092,0,NOT COLLISION W/MOTOR VEHICLE-TRANSPORT,21,CLEAR,1,DAYLIGHT,50,DEER (ANIMAL),MM 202 4 I 40,NASHVILLE,TN,37209,50022,WEST,36.1439,-86.882,"(36.1439, -86.882)"
20161029769,11/19/2016 17:17,1,1,0,,N,876599,0,NOT COLLISION W/MOTOR VEHICLE-TRANSPORT,21,CLEAR,3,DARK - LIGHTED,50,DEER (ANIMAL),HIGHWAY 70S & MONTVIEW PVTDR,NASHVILLE,TN,37221,4901,WEST,36.0797,-86.9037,"(36.0797, -86.9037)"
20161030204,11/19/2016 21:02,1,0,0,,N,206683,0,NOT COLLISION W/MOTOR VEHICLE-TRANSPORT,21,CLEAR,3,DARK - LIGHTED,50,DEER (ANIMAL),LEBANON PKE & HIGHLAND VIEW DR,HERMITAGE,TN,37076,9719,HERMIT,36.2078,-86.6114,"(36.2078, -86.6114)"
20161030873,11/20/2016 0:00,1,0,0,,N,876572,0,NOT COLLISION W/MOTOR VEHICLE-TRANSPORT,21,CLEAR,2,DARK - NOT LIGHTED,50,DEER (ANIMAL),MM 201 8 I 40,NASHVILLE,TN,37209,46027,WEST,36.1385,-86.8896,"(36.1385, -86.8896)"
20161032363,11/20/2016 20:49,1,0,0,,N,163667,0,NOT COLLISION W/MOTOR VEHICLE-TRANSPORT,21,CLEAR,2,DARK - NOT LIGHTED,50,DEER (ANIMAL),CONCORD RD & NOLENSVILLE PKE,NASHVILLE,TN,37211,8651,MIDTOW,35.997,-86.6899,"(35.997, -86.6899)"
20161033092,11/21/2016 4:23,1,0,0,,N,212310,0,NOT COLLISION W/MOTOR VEHICLE-TRANSPORT,21,CLEAR,2,DARK - NOT LIGHTED,50,DEER (ANIMAL),WHITES CREEK PKE & LAWS RD,WHITES CREEK,TN,37189,3305,NORTH,36.2876,-86.8432,"(36.2876, -86.8432)"
20161035576,11/21/2016 21:09,1,0,0,,N,169419,0,NOT COLLISION W/MOTOR VEHICLE-TRANSPORT,21,CLEAR,2,DARK - NOT LIGHTED,50,DEER (ANIMAL),OLD HICKORY BLVD & OLD LEBANON DIRT RD,HERMITAGE,TN,37076,9531,HERMIT,36.1908,-86.6153,"(36.1908, -86.6153)"
20161038183,11/22/2016 17:30,1,0,0,,N,876587,0,NOT COLLISION W/MOTOR VEHICLE-TRANSPORT,22,CLOUDY,2,DARK - NOT LIGHTED,50,DEER (ANIMAL),400 HICKS RD,NASHVILLE,TN,37221,4815,WEST,36.0797,-86.927,"(36.0797, -86.927)"
20161041740,11/23/2016 19:16,1,0,0,,N,402179,0,NOT COLLISION W/MOTOR VEHICLE-TRANSPORT,22,CLOUDY,3,DARK - LIGHTED,50,DEER (ANIMAL),SWISS AV & SWISS RIDGE APTS PVTDR,NASHVILLE,TN,37211,8651,MIDTOW,36.042,-86.7176,"(36.042, -86.7176)"
20161041971,11/23/2016 20:13,1,0,0,,N,169419,0,NOT COLLISION W/MOTOR VEHICLE-TRANSPORT,2,RAIN,2,DARK - NOT LIGHTED,50,DEER (ANIMAL),CENTRAL PKE & WISTERIA LN,HERMITAGE,TN,37076,9529,HERMIT,36.1745,-86.6131,"(36.1745, -86.6131)"
20161043877,11/24/2016 17:22,1,0,0,,N,212309,0,NOT COLLISION W/MOTOR VEHICLE-TRANSPORT,21,CLEAR,2,DARK - NOT LIGHTED,50,DEER (ANIMAL),UNA ANTIOCH PKE & CHARMAINE CT,ANTIOCH,TN,37013,8861,SOUTH,36.0733,-86.6639,"(36.0733, -86.6639)"
20161043987,11/24/2016 18:25,1,0,0,,N,887592,0,NOT COLLISION W/MOTOR VEHICLE-TRANSPORT,21,CLEAR,2,DARK - NOT LIGHTED,50,DEER (ANIMAL),HIGHWAY 100 & OLD HICKORY BLVD,NASHVILLE,TN,37221,6213,WEST,36.0609,-86.9153,"(36.0609, -86.9153)"
20161047997,11/26/2016 1:45,1,0,0,,N,179593,0,NOT COLLISION W/MOTOR VEHICLE-TRANSPORT,22,CLOUDY,3,DARK - LIGHTED,50,DEER (ANIMAL),MM 53 0 I 24,NASHVILLE,TN,37210,8302,SOUTH,36.1189,-86.7264,"(36.1189, -86.7264)"
20161049773,11/26/2016 18:03,1,0,0,,N,596389,0,NOT COLLISION W/MOTOR VEHICLE-TRANSPORT,21,CLEAR,3,DARK - LIGHTED,50,DEER (ANIMAL),CHARLOTTE PKE & BROOK HOLLOW RD,NASHVILLE,TN,37205,5011,WEST,36.1354,-86.8864,"(36.1354, -86.8864)"
20161051599,11/27/2016 11:45,1,0,0,,N,197065,0,NOT COLLISION W/MOTOR VEHICLE-TRANSPORT,22,CLOUDY,1,DAYLIGHT,50,DEER (ANIMAL),OLD HICKORY BLVD & HIGHWAY 100,NASHVILLE,TN,37221,6211,WEST,36.0623,-86.9046,"(36.0623, -86.9046)"
20161052152,11/27/2016 17:22,1,0,0,,N,179608,0,NOT COLLISION W/MOTOR VEHICLE-TRANSPORT,21,CLEAR,2,DARK - NOT LIGHTED,50,DEER (ANIMAL),HAMILTON CHURCH RD & ZELIDA AV,ANTIOCH,TN,37013,8865,SOUTH,36.055,-86.6366,"(36.055, -86.6366)"
20161052222,11/27/2016 17:45,1,0,0,,N,879555,0,NOT COLLISION W/MOTOR VEHICLE-TRANSPORT,21,CLEAR,2,DARK - NOT LIGHTED,50,DEER (ANIMAL),I40 E EXT RAMP & OLD HICKORY BLVD,HERMITAGE,TN,37076,9527,HERMIT,36.1696,-86.601,"(36.1696, -86.601)"
20161053560,11/28/2016 5:02,1,0,0,,N,212310,0,NOT COLLISION W/MOTOR VEHICLE-TRANSPORT,21,CLEAR,3,DARK - LIGHTED,50,DEER (ANIMAL),ASHLAND CITY HWY & OLD HYDES FERRY PKE,NASHVILLE,TN,37218,3341,NORTH,36.2072,-86.9369,"(36.2072, -86.9369)"
20161055433,11/28/2016 17:00,1,0,0,,N,909489,0,NOT COLLISION W/MOTOR VEHICLE-TRANSPORT,2,RAIN,2,DARK - NOT LIGHTED,50,DEER (ANIMAL),BELLSHIRE DR & BELLSHIRE CT,NASHVILLE,TN,37207,2045,MADISO,36.2621,-86.772,"(36.2621, -86.772)"
20161056379,11/29/2016 1:55,1,0,0,,N,608786,0,NOT COLLISION W/MOTOR VEHICLE-TRANSPORT,21,CLEAR,3,DARK - LIGHTED,50,DEER (ANIMAL),ANDERSON LN & BECKLEA DR,MADISON,TN,37115,1727,MADISO,36.273,-86.701,"(36.273, -86.701)"