Accident Number,Date and Time,Number of Motor Vehicles,Number of Injuries,Number of Fatalities,Property Damage,Hit and Run,Reporting Officer,Collision Type Code,Collision Type Description,Weather Code,Weather Description,Illumination Code,Illumination Description,Harmful Code,Harmful Code Description,Street Address,City,State,ZIP,RPA,Precinct,Latitude,Longitude,Mapped Location
20161057005,11/29/2016 6:00,1,0,0,,N,226622,0,NOT COLLISION W/MOTOR VEHICLE-TRANSPORT,22,CLOUDY,4,DAWN,50,DEER (ANIMAL),RIVER ROAD PKE & RIVER ROAD PKE PVTDR,NASHVILLE,TN,37209,4705,WEST,36.2021,-86.9796,"(36.2021, -86.9796)"
20161058693,11/29/2016 17:55,1,0,0,,N,716886,0,NOT COLLISION W/MOTOR VEHICLE-TRANSPORT,21,CLEAR,2,DARK - NOT LIGHTED,50,DEER (ANIMAL),NOLENSVILLE PKE & AUTUMN OAKS DR,ANTIOCH,TN,37013,8767,SOUTH,36.0051,-86.6998,"(36.0051, -86.6998)"
20161058755,11/29/2016 18:00,1,0,0,,N,151132,0,NOT COLLISION W/MOTOR VEHICLE-TRANSPORT,21,CLEAR,3,DARK - LIGHTED,50,DEER (ANIMAL),SPRINGFIELD HWY & WILLIAMSON RD,GOODLETTSVILLE,TN,37072,2221,MADISO,36.3572,-86.7247,"(36.3572, -86.7247)"
20161060281,11/30/2016 5:45,1,0,0,,N,156308,0,NOT COLLISION W/MOTOR VEHICLE-TRANSPORT,2,RAIN,3,DARK - LIGHTED,50,DEER (ANIMAL),ASHLAND CITY HWY & WWCR AV,NASHVILLE,TN,37218,3235,NORTH,36.2103,-86.8813,"(36.2103, -86.8813)"
20161065284,12/1/2016 16:13,1,0,0,,N,267831,0,NOT COLLISION W/MOTOR VEHICLE-TRANSPORT,21,CLEAR,1,DAYLIGHT,50,DEER (ANIMAL),HIGHWAY 100 & CLAXTON CT,NASHVILLE,TN,37221,4819,WEST,36.0463,-86.946,"(36.0463, -86.946)"
20161073578,12/4/2016 15:20,1,0,0,,N,179604,0,NOT COLLISION W/MOTOR VEHICLE-TRANSPORT,2,RAIN,1,DAYLIGHT,50,DEER (ANIMAL),BELL RD & OLD HICKORY BLVD,HERMITAGE,TN,37076,9501,HERMIT,36.1615,-86.599,"(36.1615, -86.599)"
20161076576,12/5/2016 16:35,1,0,0,,N,439917,0,NOT COLLISION W/MOTOR VEHICLE-TRANSPORT,21,CLEAR,1,DAYLIGHT,50,DEER (ANIMAL),BELL RD & HARBORWOOD DR,NASHVILLE,TN,37214,8989,HERMIT,36.1327,-86.6292,"(36.1327, -86.6292)"
20161076742,12/5/2016 17:49,1,0,0,,N,163667,0,NOT COLLISION W/MOTOR VEHICLE-TRANSPORT,21,CLEAR,2,DARK - NOT LIGHTED,50,DEER (ANIMAL),FRANKLIN PKE & NORWOOD DR,NASHVILLE,TN,37204,7013,MIDTOW,36.0988,-86.7721,"(36.0988, -86.7721)"
20161080420,12/6/2016 19:33,1,0,0,,N,725756,0,NOT COLLISION W/MOTOR VEHICLE-TRANSPORT,22,CLOUDY,2,DARK - NOT LIGHTED,50,DEER (ANIMAL),RIVER ROAD PKE & RIVER ROAD PKE PVTDR,NASHVILLE,TN,37209,4705,WEST,36.2021,-86.9796,"(36.2021, -86.9796)"
20161081930,12/7/2016 6:31,1,0,0,,N,226811,0,NOT COLLISION W/MOTOR VEHICLE-TRANSPORT,21,CLEAR,1,DAYLIGHT,50,DEER (ANIMAL),OLD HICKORY BLVD & CANE RIDGE RD,ANTIOCH,TN,37013,8769,SOUTH,36.0002,-86.6356,"(36.0002, -86.6356)"
20161085722,12/8/2016 6:30,1,0,0,,N,620072,0,NOT COLLISION W/MOTOR VEHICLE-TRANSPORT,21,CLEAR,4,DAWN,50,DEER (ANIMAL),OLD HICKORY BLVD & CLEECES FERRY RD,NASHVILLE,TN,37218,3235,NORTH,36.184,-86.9294,"(36.184, -86.9294)"
20161091473,12/9/2016 21:11,1,0,0,,N,197141,0,NOT COLLISION W/MOTOR VEHICLE-TRANSPORT,21,CLEAR,3,DARK - LIGHTED,50,DEER (ANIMAL),BELL RD & ELM HILL PKE,NASHVILLE,TN,37214,8995,HERMIT,36.1411,-86.628,"(36.1411, -86.628)"
20161094567,12/11/2016 2:50,1,0,0,,N,405424,0,NOT COLLISION W/MOTOR VEHICLE-TRANSPORT,21,CLEAR,2,DARK - NOT LIGHTED,50,DEER (ANIMAL),FAIRCLOTH LN & OLD MURFREESBORO PKE,NASHVILLE,TN,37217,8947,HERMIT,36.1036,-86.6665,"(36.1036, -86.6665)"
20161094781,12/11/2016 5:16,1,0,0,,N,197076,0,NOT COLLISION W/MOTOR VEHICLE-TRANSPORT,21,CLEAR,3,DARK - LIGHTED,50,DEER (ANIMAL),OLD HICKORY BLVD & ANDREW JACKSON PKWY,HERMITAGE,TN,37076,9561,HERMIT,36.1836,-86.6107,"(36.1836, -86.6107)"
20161100708,12/13/2016 8:50,1,0,0,,N,224794,0,NOT COLLISION W/MOTOR VEHICLE-TRANSPORT,2,RAIN,1,DAYLIGHT,50,DEER (ANIMAL),ELM HILL PKE & HURT DR,NASHVILLE,TN,37214,9411,HERMIT,36.1445,-86.6572,"(36.1445, -86.6572)"
20161101774,12/13/2016 16:58,1,0,0,,N,267831,0,NOT COLLISION W/MOTOR VEHICLE-TRANSPORT,22,CLOUDY,5,DUSK,50,DEER (ANIMAL),COCKRILL BEND BLVD & TUNE AIRPORT DR,NASHVILLE,TN,37209,4641,WEST,36.1719,-86.8871,"(36.1719, -86.8871)"
20161111125,12/16/2016 11:45,1,0,0,,N,197065,0,NOT COLLISION W/MOTOR VEHICLE-TRANSPORT,22,CLOUDY,1,DAYLIGHT,50,DEER (ANIMAL),OLD HICKORY BLVD & HIGHWAY 100,NASHVILLE,TN,37221,6211,WEST,36.0623,-86.9046,"(36.0623, -86.9046)"
20161120343,12/19/2016 17:22,1,1,0,,N,212321,0,NOT COLLISION W/MOTOR VEHICLE-TRANSPORT,21,CLEAR,3,DARK - LIGHTED,50,DEER (ANIMAL),OLD HICKORY & CLEVELAND HALL,OLD HICKORY,TN,37138,9605,HERMIT,36.2265,-86.6255,"(36.2265, -86.6255)"
20161132930,12/23/2016 19:27,1,0,0,,N,197050,0,NOT COLLISION W/MOTOR VEHICLE-TRANSPORT,21,CLEAR,3,DARK - LIGHTED,50,DEER (ANIMAL),BELL RD & BRITTANY PARK DR,ANTIOCH,TN,37013,8755,SOUTH,36.0469,-86.6794,"(36.0469, -86.6794)"
20161149256,12/30/2016 6:07,1,0,0,,N,212310,0,NOT COLLISION W/MOTOR VEHICLE-TRANSPORT,21,CLEAR,4,DAWN,50,DEER (ANIMAL),CLARKSVILLE PKE & DOUGLAS RD,JOELTON,TN,37080,3317,NORTH,36.3219,-86.9062,"(36.3219, -86.9062)"
20161149294,12/30/2016 6:54,1,0,0,,N,405404,0,NOT COLLISION W/MOTOR VEHICLE-TRANSPORT,21,CLEAR,1,DAYLIGHT,50,DEER (ANIMAL),826 PRESTON RD,ANTIOCH,TN,37013,8763,SOUTH,36.0301,-86.6623,"(36.0301, -86.6623)"
20161152780,12/31/2016 16:07,1,0,0,,N,212323,0,NOT COLLISION W/MOTOR VEHICLE-TRANSPORT,2,RAIN,1,DAYLIGHT,50,DEER (ANIMAL),ELLINGTON PKWYS & ELLINGTON PKWYN,NASHVILLE,TN,37207,1995,EAST,36.1758,-86.7666,"(36.1758, -86.7666)"
20170005770,1/3/2017 6:15,1,0,0,,N,226622,0,NOT COLLISION W/MOTOR VEHICLE-TRANSPORT,22,CLOUDY,4,DAWN,50,DEER (ANIMAL),HIGHWAY 70 & OLD CHARLOTTE PKE,NASHVILLE,TN,37221,4713,WEST,36.0949,-87.0263,"(36.0949, -87.0263)"
20170022037,1/8/2017 8:20,1,0,0,,N,197075,0,NOT COLLISION W/MOTOR VEHICLE-TRANSPORT,21,CLEAR,1,DAYLIGHT,50,DEER (ANIMAL),SPRINGFIELD HWY & EAST END RD,GOODLETTSVILLE,TN,37072,2217,MADISO,36.3943,-86.7643,"(36.3943, -86.7643)"
20170023836,1/9/2017 3:50,1,0,0,,N,226220,0,NOT COLLISION W/MOTOR VEHICLE-TRANSPORT,21,CLEAR,2,DARK - NOT LIGHTED,50,DEER (ANIMAL),BRICK CHURCH PKE & VALLEY TRL,WHITES CREEK,TN,37189,2015,MADISO,36.2221,-86.7469,"(36.2221, -86.7469)"
20170025734,1/9/2017 18:12,1,0,0,,N,596389,0,NOT COLLISION W/MOTOR VEHICLE-TRANSPORT,22,CLOUDY,2,DARK - NOT LIGHTED,50,DEER (ANIMAL),OLD HICKORY BLVD & BELLE FOREST CONDOS P,NASHVILLE,TN,37205,4903,WEST,36.0773,-86.9202,"(36.0773, -86.9202)"
20170029312,1/10/2017 18:30,1,0,0,,N,120548,0,NOT COLLISION W/MOTOR VEHICLE-TRANSPORT,22,CLOUDY,2,DARK - NOT LIGHTED,50,DEER (ANIMAL),WHITES CREEK PKE & GREENBRIER RD,JOELTON,TN,37080,2303,NORTH,36.3421,-86.8717,"(36.3421, -86.8717)"
20170029765,1/10/2017 21:19,1,0,0,,N,439917,0,NOT COLLISION W/MOTOR VEHICLE-TRANSPORT,2,RAIN,2,DARK - NOT LIGHTED,50,DEER (ANIMAL),ANDERSON RD & LAKE SIDE CT,NASHVILLE,TN,37217,8985,HERMIT,36.0925,-86.6059,"(36.0925, -86.6059)"
20170030081,1/10/2017 23:33,1,0,0,,N,192379,0,NOT COLLISION W/MOTOR VEHICLE-TRANSPORT,2,RAIN,2,DARK - NOT LIGHTED,50,DEER (ANIMAL),MURFREESBORO PKE & HAMILTON CHURCH RD,ANTIOCH,TN,37013,8865,SOUTH,36.0649,-86.6286,"(36.0649, -86.6286)"
20170037484,1/12/2017 23:37,1,0,0,,N,240966,0,NOT COLLISION W/MOTOR VEHICLE-TRANSPORT,2,RAIN,2,DARK - NOT LIGHTED,50,DEER (ANIMAL),NOLENSVILLE PKE & CONCORD HILLS DR,NASHVILLE,TN,37211,8651,MIDTOW,35.9995,-86.6934,"(35.9995, -86.6934)"
20170041206,1/13/2017 22:55,1,0,0,,N,161952,0,NOT COLLISION W/MOTOR VEHICLE-TRANSPORT,5,FOG,2,DARK - NOT LIGHTED,50,DEER (ANIMAL),BARNES RD & BLACKPOOL DR,ANTIOCH,TN,37013,8759,SOUTH,36.0245,-86.6889,"(36.0245, -86.6889)"
20170045512,1/15/2017 18:18,1,0,0,,N,163667,0,NOT COLLISION W/MOTOR VEHICLE-TRANSPORT,21,CLEAR,2,DARK - NOT LIGHTED,50,DEER (ANIMAL),HOLT RD & HOLT HILLS RD,NASHVILLE,TN,37211,8651,MIDTOW,36.0149,-86.7298,"(36.0149, -86.7298)"
20170046707,1/16/2017 6:17,1,0,0,,N,109550,0,NOT COLLISION W/MOTOR VEHICLE-TRANSPORT,22,CLOUDY,2,DARK - NOT LIGHTED,50,DEER (ANIMAL),BELL RD & PRIEST WOODS DR,NASHVILLE,TN,37214,8989,HERMIT,36.1275,-86.6296,"(36.1275, -86.6296)"
20170055947,1/18/2017 23:40,1,0,0,,N,169424,0,NOT COLLISION W/MOTOR VEHICLE-TRANSPORT,21,CLEAR,3,DARK - LIGHTED,50,DEER (ANIMAL),3200 WHITES CREEK PKE,NASHVILLE,TN,37207,3025,NORTH,36.2296,-86.8123,"(36.2296, -86.8123)"
20170070157,1/23/2017 17:45,1,0,0,,N,267831,0,NOT COLLISION W/MOTOR VEHICLE-TRANSPORT,22,CLOUDY,2,DARK - NOT LIGHTED,50,DEER (ANIMAL),POPLAR CREEK RD & SOMERSET PL,NASHVILLE,TN,37221,4811,WEST,36.0566,-86.9705,"(36.0566, -86.9705)"
20170070494,1/23/2017 17:56,1,0,0,,N,179604,0,NOT COLLISION W/MOTOR VEHICLE-TRANSPORT,22,CLOUDY,5,DUSK,50,DEER (ANIMAL),0 OLD LEBANON DIRT RD,HERMITAGE,TN,37076,9511,HERMIT,36.188,-86.6076,"(36.188, -86.6076)"
20170071762,1/24/2017 4:46,1,0,0,,N,197060,0,NOT COLLISION W/MOTOR VEHICLE-TRANSPORT,21,CLEAR,2,DARK - NOT LIGHTED,50,DEER (ANIMAL),1600 SPRINGFIELD HWY,GOODLETTSVILLE,TN,37072,2201,MADISO,36.3748,-86.747,"(36.3748, -86.747)"
20170074183,1/24/2017 17:56,1,0,0,,N,179581,0,NOT COLLISION W/MOTOR VEHICLE-TRANSPORT,21,CLEAR,2,DARK - NOT LIGHTED,50,DEER (ANIMAL),OLD HICKORY BLVD & MURFREESBORO PKE,ANTIOCH,TN,37013,8903,SOUTH,36.0395,-86.6029,"(36.0395, -86.6029)"
20170074239,1/24/2017 18:32,1,0,0,,N,596389,0,NOT COLLISION W/MOTOR VEHICLE-TRANSPORT,21,CLEAR,2,DARK - NOT LIGHTED,50,DEER (ANIMAL),HIGHWAY 96 & HIGHWAY 100,NASHVILLE,TN,37221,4805,WEST,36.0175,-87.0309,"(36.0175, -87.0309)"
20170075560,1/25/2017 2:12,1,0,0,,N,110090,0,NOT COLLISION W/MOTOR VEHICLE-TRANSPORT,21,CLEAR,3,DARK - LIGHTED,50,DEER (ANIMAL),MURFREESBORO PKE & HOBSON PKE,ANTIOCH,TN,37013,8927,SOUTH,36.043,-86.6066,"(36.043, -86.6066)"
20170078363,1/25/2017 19:04,1,0,0,,N,140790,0,NOT COLLISION W/MOTOR VEHICLE-TRANSPORT,21,CLEAR,2,DARK - NOT LIGHTED,50,DEER (ANIMAL),CLARKSVILLE PKE & EATONS CREEK RD,JOELTON,TN,37080,3335,NORTH,36.292,-86.8839,"(36.292, -86.8839)"
20170080388,1/26/2017 6:50,1,0,0,,N,191569,0,NOT COLLISION W/MOTOR VEHICLE-TRANSPORT,22,CLOUDY,1,DAYLIGHT,50,DEER (ANIMAL),BELL RD & PRIEST WOODS DR,NASHVILLE,TN,37214,8989,HERMIT,36.1275,-86.6296,"(36.1275, -86.6296)"
20170080460,1/26/2017 8:38,1,0,0,,N,834798,0,NOT COLLISION W/MOTOR VEHICLE-TRANSPORT,21,CLEAR,1,DAYLIGHT,50,DEER (ANIMAL),HILLSBORO PKE & TIMBERWOOD PL,NASHVILLE,TN,37215,6303,MIDTOW,36.0619,-86.8503,"(36.0619, -86.8503)"
20170083412,1/26/2017 22:20,1,0,0,,N,140786,0,NOT COLLISION W/MOTOR VEHICLE-TRANSPORT,21,CLEAR,3,DARK - LIGHTED,50,DEER (ANIMAL),OLD HICKORY BLVD & WOODLAND HILLS DR,NASHVILLE,TN,37211,8651,MIDTOW,36.0387,-86.731,"(36.0387, -86.731)"
20170083928,1/27/2017 1:48,1,0,0,,N,197437,0,NOT COLLISION W/MOTOR VEHICLE-TRANSPORT,21,CLEAR,3,DARK - LIGHTED,50,DEER (ANIMAL),CLARKSVILLE PKE & DRY FORK RD,NASHVILLE,TN,37218,3231,NORTH,36.276,-86.868,"(36.276, -86.868)"
20170086445,1/27/2017 18:25,1,0,0,,N,206683,0,NOT COLLISION W/MOTOR VEHICLE-TRANSPORT,21,CLEAR,2,DARK - NOT LIGHTED,50,DEER (ANIMAL),ROBINSON RD & ROBINSON RD EXT RAMP,OLD HICKORY,TN,37138,9611,HERMIT,36.262,-86.6613,"(36.262, -86.6613)"
20170093779,1/30/2017 6:44,1,0,0,,N,226622,0,NOT COLLISION W/MOTOR VEHICLE-TRANSPORT,21,CLEAR,4,DAWN,50,DEER (ANIMAL),HIGHWAY 70 & BEVERLY HILLS DR,NASHVILLE,TN,37221,4713,WEST,36.0965,-87.0345,"(36.0965, -87.0345)"
20170100503,1/31/2017 22:22,1,0,0,,N,184870,0,NOT COLLISION W/MOTOR VEHICLE-TRANSPORT,21,CLEAR,3,DARK - LIGHTED,50,DEER (ANIMAL),MCCRORY LN & BEAUTIFUL VALLEY DR,NASHVILLE,TN,37221,4713,WEST,36.0831,-87.024,"(36.0831, -87.024)"
20170103484,2/1/2017 18:09,1,1,0,,N,716886,0,NOT COLLISION W/MOTOR VEHICLE-TRANSPORT,21,CLEAR,2,DARK - NOT LIGHTED,50,DEER (ANIMAL),HOBSON PKE & LAKEWALK DR,ANTIOCH,TN,37013,8905,SOUTH,36.0533,-86.5992,"(36.0533, -86.5992)"
20170108730,2/3/2017 7:05,1,1,0,,N,834798,0,NOT COLLISION W/MOTOR VEHICLE-TRANSPORT,21,CLEAR,1,DAYLIGHT,50,DEER (ANIMAL),HILLSBORO PKE & STANFORD DR,NASHVILLE,TN,,6203,WEST,,,
20170112506,2/4/2017 10:37,1,0,0,,N,493304,0,NOT COLLISION W/MOTOR VEHICLE-TRANSPORT,21,CLEAR,1,DAYLIGHT,50,DEER (ANIMAL),NEELYS BEND RD & HUDSON RD,MADISON,TN,37115,1615,MADISO,36.1676,-86.7787,"(36.1676, -86.7787)"
20170113844,2/4/2017 21:33,1,0,0,,N,256383,0,NOT COLLISION W/MOTOR VEHICLE-TRANSPORT,22,CLOUDY,2,DARK - NOT LIGHTED,50,DEER (ANIMAL),MCCRORY LN & I40 E ENT RAMP,NASHVILLE,TN,37221,4801,WEST,36.0742,-87.0122,"(36.0742, -87.0122)"
20170120661,2/7/2017 10:44,1,0,0,,N,226622,0,NOT COLLISION W/MOTOR VEHICLE-TRANSPORT,2,RAIN,1,DAYLIGHT,50,DEER (ANIMAL),HARDING PKE & BROOKMONT TER,NASHVILLE,TN,37221,4901,WEST,36.0809,-86.8996,"(36.0809, -86.8996)"
20170133189,2/10/2017 19:16,1,0,0,,N,909489,0,NOT COLLISION W/MOTOR VEHICLE-TRANSPORT,21,CLEAR,2,DARK - NOT LIGHTED,50,DEER (ANIMAL),SPRINGFIELD HWY & SPRINGFIELD HWY PVTDR,GOODLETTSVILLE,TN,37072,2215,MADISO,36.3848,-86.7546,"(36.3848, -86.7546)"
20170136768,2/11/2017 22:40,1,0,0,,N,197437,0,NOT COLLISION W/MOTOR VEHICLE-TRANSPORT,21,CLEAR,3,DARK - LIGHTED,50,DEER (ANIMAL),OLD CLARKSVILLE PKE & JOELTON COMMUNITY,JOELTON,TN,37080,3307,NORTH,36.3139,-86.8679,"(36.3139, -86.8679)"
20170149219,2/15/2017 17:44,1,0,0,,N,120548,0,NOT COLLISION W/MOTOR VEHICLE-TRANSPORT,21,CLEAR,2,DARK - NOT LIGHTED,50,DEER (ANIMAL),HARPER RD & HIGHWAY 41-A,JOELTON,TN,37080,3315,NORTH,36.3372,-86.9138,"(36.3372, -86.9138)"
20170151374,2/16/2017 7:53,1,0,0,,N,262766,0,NOT COLLISION W/MOTOR VEHICLE-TRANSPORT,21,CLEAR,1,DAYLIGHT,50,DEER (ANIMAL),OLD SPRINGFIELD PKE & SPRINGFIELD HWY,GOODLETTSVILLE,TN,37072,2201,MADISO,36.374,-86.7466,"(36.374, -86.7466)"
20170154813,2/17/2017 5:50,1,1,0,,N,197437,0,NOT COLLISION W/MOTOR VEHICLE-TRANSPORT,21,CLEAR,3,DARK - LIGHTED,50,DEER (ANIMAL),CLARKSVILLE PKE & BEAR HOLLOW RD,JOELTON,TN,37080,3333,NORTH,36.298,-86.8881,"(36.298, -86.8881)"
20170159673,2/18/2017 19:38,1,1,0,,N,163667,0,NOT COLLISION W/MOTOR VEHICLE-TRANSPORT,21,CLEAR,2,DARK - NOT LIGHTED,50,DEER (ANIMAL),HILLSBORO PKE & BRIDLEWAY TRL,NASHVILLE,TN,37215,6205,WEST,36.0517,-86.8591,"(36.0517, -86.8591)"
20170162369,2/19/2017 20:56,1,0,0,,N,596389,0,NOT COLLISION W/MOTOR VEHICLE-TRANSPORT,21,CLEAR,3,DARK - LIGHTED,50,DEER (ANIMAL),BROOK HOLLOW RD & E VALLEY CT,NASHVILLE,TN,37205,4909,WEST,36.0973,-86.8834,"(36.0973, -86.8834)"
20170183537,2/26/2017 8:35,1,0,0,,N,109515,0,NOT COLLISION W/MOTOR VEHICLE-TRANSPORT,21,CLEAR,1,DAYLIGHT,50,DEER (ANIMAL),DICKERSON PKE & MULBERRY DOWNS CIR,MADISON,TN,37115,2017,MADISO,36.2518,-86.7575,"(36.2518, -86.7575)"
20170188396,2/27/2017 23:54,1,0,0,,N,134867,0,NOT COLLISION W/MOTOR VEHICLE-TRANSPORT,21,CLEAR,2,DARK - NOT LIGHTED,50,DEER (ANIMAL),BELL RD & BELL RD PVTDR,HERMITAGE,TN,37076,9501,HERMIT,36.1571,-86.6179,"(36.1571, -86.6179)"
20170192195,3/1/2017 1:35,1,0,0,,N,206963,0,NOT COLLISION W/MOTOR VEHICLE-TRANSPORT,22,CLOUDY,2,DARK - NOT LIGHTED,50,DEER (ANIMAL),HIGHWAY 100 & HARPETH TRACE SMT,NASHVILLE,TN,37221,4901,WEST,36.0748,-86.8915,"(36.0748, -86.8915)"
20170204881,3/4/2017 22:16,1,0,0,,N,161952,0,NOT COLLISION W/MOTOR VEHICLE-TRANSPORT,21,CLEAR,2,DARK - NOT LIGHTED,50,DEER (ANIMAL),2300 HOBSON PIKE,ANTIOCH,TN,37013,8977,SOUTH,36.0595,-86.5967,"(36.0595, -86.5967)"
20170205053,3/5/2017 0:45,1,0,0,,N,161952,0,NOT COLLISION W/MOTOR VEHICLE-TRANSPORT,21,CLEAR,2,DARK - NOT LIGHTED,50,DEER (ANIMAL),MURFREESBORO PKE & BRITISH WOODS DR,NASHVILLE,TN,37217,8853,SOUTH,36.0914,-86.6514,"(36.0914, -86.6514)"
20170211725,3/7/2017 5:45,1,0,0,,N,473670,0,NOT COLLISION W/MOTOR VEHICLE-TRANSPORT,2,RAIN,5,DUSK,50,DEER (ANIMAL),MM 0 1 TINNIN ROAD,MADISON,TN,,,,0,0,"(0.0, 0.0)"
20170229685,3/13/2017 4:12,1,0,0,,N,197073,0,NOT COLLISION W/MOTOR VEHICLE-TRANSPORT,21,CLEAR,2,DARK - NOT LIGHTED,50,DEER (ANIMAL),ASHLAND CITY HWY & PECAN VALLEY RD,NASHVILLE,TN,37218,3327,NORTH,36.2051,-86.9472,"(36.2051, -86.9472)"
20170242683,3/17/2017 14:03,1,0,0,,N,197058,0,NOT COLLISION W/MOTOR VEHICLE-TRANSPORT,22,CLOUDY,1,DAYLIGHT,50,DEER (ANIMAL),ELLINGTON PKWYS & ELLINGTON PKWYN,NASHVILLE,TN,37207,1995,EAST,36.1758,-86.7666,"(36.1758, -86.7666)"
20170249213,3/20/2017 5:31,1,0,0,,N,206672,0,NOT COLLISION W/MOTOR VEHICLE-TRANSPORT,21,CLEAR,2,DARK - NOT LIGHTED,50,DEER (ANIMAL),BULL RUN RD & BULL RUN RD PVTDR,NASHVILLE,TN,37218,3325,NORTH,36.235,-86.9153,"(36.235, -86.9153)"
20170251059,3/20/2017 17:05,1,0,0,,N,807332,0,NOT COLLISION W/MOTOR VEHICLE-TRANSPORT,22,CLOUDY,1,DAYLIGHT,50,DEER (ANIMAL),JOHN HAGAR RD & HAGARS GROVE PASS,HERMITAGE,TN,37076,9517,HERMIT,36.1577,-86.5793,"(36.1577, -86.5793)"
20170251654,3/20/2017 21:28,1,0,0,,N,151146,0,NOT COLLISION W/MOTOR VEHICLE-TRANSPORT,22,CLOUDY,3,DARK - LIGHTED,50,DEER (ANIMAL),MURFREESBORO PKE & HOBSON PKE,ANTIOCH,TN,37013,8927,SOUTH,36.043,-86.6066,"(36.043, -86.6066)"
20170259950,3/23/2017 5:10,1,0,0,,N,212316,0,NOT COLLISION W/MOTOR VEHICLE-TRANSPORT,21,CLEAR,2,DARK - NOT LIGHTED,50,DEER (ANIMAL),OLD HICKORY BLVD & BRICK CHURCH PKE,WHITES CREEK,TN,37189,2015,MADISO,36.2796,-86.7836,"(36.2796, -86.7836)"
20170262313,3/23/2017 20:14,1,0,0,,N,909489,0,NOT COLLISION W/MOTOR VEHICLE-TRANSPORT,21,CLEAR,2,DARK - NOT LIGHTED,50,DEER (ANIMAL),GREER RD & TIMBER TRL,GOODLETTSVILLE,TN,37072,2203,MADISO,36.378,-86.7863,"(36.378, -86.7863)"
20170263799,3/24/2017 6:50,1,0,0,,N,716877,0,NOT COLLISION W/MOTOR VEHICLE-TRANSPORT,21,CLEAR,1,DAYLIGHT,50,DEER (ANIMAL),CANE RIDGE RD & PRESTON RD,ANTIOCH,TN,37013,8753,SOUTH,36.0357,-86.6569,"(36.0357, -86.6569)"
20170270004,3/26/2017 10:32,1,0,0,,N,620072,0,NOT COLLISION W/MOTOR VEHICLE-TRANSPORT,21,CLEAR,1,DAYLIGHT,50,DEER (ANIMAL),ASHLAND CITY HWY & RIVER TRC,NASHVILLE,TN,37218,3325,NORTH,36.214,-86.9596,"(36.214, -86.9596)"
20170277950,3/29/2017 4:40,1,0,0,,N,332215,0,NOT COLLISION W/MOTOR VEHICLE-TRANSPORT,21,CLEAR,3,DARK - LIGHTED,50,DEER (ANIMAL),HIGHWAY 100 & PERCY WARNER BLVD,NASHVILLE,TN,37221,6211,WEST,36.0842,-86.8829,"(36.0842, -86.8829)"
20170294124,4/3/2017 14:26,1,0,0,,N,197435,0,NOT COLLISION W/MOTOR VEHICLE-TRANSPORT,22,CLOUDY,1,DAYLIGHT,50,DEER (ANIMAL),ELLINGTON PKWYS & I65 N ENT RAMP,NASHVILLE,TN,37216,1880,EAST,36.2321,-86.7476,"(36.2321, -86.7476)"
20170312340,4/9/2017 8:45,1,0,0,,N,197065,0,NOT COLLISION W/MOTOR VEHICLE-TRANSPORT,21,CLEAR,1,DAYLIGHT,50,DEER (ANIMAL),MM 198 2 I 40,NASHVILLE,TN,37221,4806,WEST,36.101,-86.9345,"(36.101, -86.9345)"
20170314647,4/10/2017 6:25,1,0,0,,N,727215,0,NOT COLLISION W/MOTOR VEHICLE-TRANSPORT,21,CLEAR,1,DAYLIGHT,50,DEER (ANIMAL),ROBINSON RD & ROBINSON RD EXT RAMP,OLD HICKORY,TN,37138,9611,HERMIT,36.262,-86.6613,"(36.262, -86.6613)"
20170334967,4/15/2017 23:14,1,0,0,,N,405424,0,NOT COLLISION W/MOTOR VEHICLE-TRANSPORT,21,CLEAR,3,DARK - LIGHTED,50,DEER (ANIMAL),BELL RD & PRIEST WOODS DR,NASHVILLE,TN,37214,8989,HERMIT,36.1275,-86.6296,"(36.1275, -86.6296)"
20170341820,4/18/2017 6:00,1,0,0,,N,151131,0,NOT COLLISION W/MOTOR VEHICLE-TRANSPORT,21,CLEAR,2,DARK - NOT LIGHTED,50,DEER (ANIMAL),HIGHWAY 100 & OLD HICKORY BLVD,NASHVILLE,TN,37221,6213,WEST,36.0609,-86.9153,"(36.0609, -86.9153)"
20170348278,4/19/2017 20:45,1,0,0,,N,256422,0,NOT COLLISION W/MOTOR VEHICLE-TRANSPORT,21,CLEAR,3,DARK - LIGHTED,50,DEER (ANIMAL),MCGAVOCK PKE & LINCOYA DR,NASHVILLE,TN,37214,9201,HERMIT,36.1776,-86.6785,"(36.1776, -86.6785)"
20170348753,4/20/2017 0:10,1,0,0,,N,332215,0,NOT COLLISION W/MOTOR VEHICLE-TRANSPORT,21,CLEAR,3,DARK - LIGHTED,50,DEER (ANIMAL),HIGHWAY 70 & HARPETH RIV RIVERWALK GRNWY,NASHVILLE,TN,37221,4713,WEST,36.092,-87.0134,"(36.092, -87.0134)"
20170355046,4/21/2017 17:58,1,0,0,,N,179600,0,NOT COLLISION W/MOTOR VEHICLE-TRANSPORT,2,RAIN,1,DAYLIGHT,50,DEER (ANIMAL),OLD HICKORY BLVD & HILLS LN,OLD HICKORY,TN,37138,9739,HERMIT,36.2057,-86.6224,"(36.2057, -86.6224)"