Accident Number,Date and Time,Number of Motor Vehicles,Number of Injuries,Number of Fatalities,Property Damage,Hit and Run,Reporting Officer,Collision Type Code,Collision Type Description,Weather Code,Weather Description,Illumination Code,Illumination Description,Harmful Code,Harmful Code Description,Street Address,City,State,ZIP,RPA,Precinct,Latitude,Longitude,Mapped Location
20170368187,4/25/2017 23:53,1,0,0,,N,109543,0,NOT COLLISION W/MOTOR VEHICLE-TRANSPORT,21,CLEAR,3,DARK - LIGHTED,50,DEER (ANIMAL),OLD HICKORY BLVDW & DICKERSON PKE,MADISON,TN,37115,2039,MADISO,36.2692,-86.7556,"(36.2692, -86.7556)"
20170369220,4/26/2017 7:10,1,0,0,,N,343522,0,NOT COLLISION W/MOTOR VEHICLE-TRANSPORT,21,CLEAR,1,DAYLIGHT,50,DEER (ANIMAL),HIGHWAY 70 & HUNTWICK TRL,NASHVILLE,TN,37221,4713,WEST,36.0917,-86.983,"(36.0917, -86.983)"
20170374408,4/27/2017 14:38,1,1,0,,N,109534,0,NOT COLLISION W/MOTOR VEHICLE-TRANSPORT,21,CLEAR,1,DAYLIGHT,50,DEER (ANIMAL),FRANKLIN PKE & FRANKLIN PIKE CIR,NASHVILLE,TN,37220,7111,MIDTOW,36.0471,-86.7777,"(36.0471, -86.7777)"
20170376829,4/28/2017 5:40,1,0,0,,N,332215,0,NOT COLLISION W/MOTOR VEHICLE-TRANSPORT,21,CLEAR,4,DAWN,50,DEER (ANIMAL),HARDING PL & ESTES RD,NASHVILLE,TN,37215,6203,WEST,36.0928,-86.8411,"(36.0928, -86.8411)"
20170381838,4/29/2017 20:00,1,0,0,,N,179596,0,NOT COLLISION W/MOTOR VEHICLE-TRANSPORT,21,CLEAR,3,DARK - LIGHTED,50,DEER (ANIMAL),MCCRORY CREEK RD & IRONWOOD DR,NASHVILLE,TN,37214,9413,HERMIT,36.149,-86.6514,"(36.149, -86.6514)"
20170384401,4/30/2017 23:00,1,0,0,,N,592451,0,NOT COLLISION W/MOTOR VEHICLE-TRANSPORT,2,RAIN,2,DARK - NOT LIGHTED,50,DEER (ANIMAL),LARKIN SPRINGS RD & CUMBERLAND WAY,MADISON,TN,37115,1633,MADISO,36.2567,-86.6853,"(36.2567, -86.6853)"
20170394927,5/3/2017 23:00,1,0,0,,Y,493301,0,NOT COLLISION W/MOTOR VEHICLE-TRANSPORT,22,CLOUDY,2,DARK - NOT LIGHTED,50,DEER (ANIMAL),MM 194 1 I 40,NASHVILLE,TN,37221,4804,WEST,36.0779,-86.9922,"(36.0779, -86.9922)"
20170398063,5/4/2017 20:23,1,0,0,,N,267831,0,NOT COLLISION W/MOTOR VEHICLE-TRANSPORT,22,CLOUDY,2,DARK - NOT LIGHTED,50,DEER (ANIMAL),HIGHWAY 100 & HARPETH RIV HARPETH BEND G,NASHVILLE,TN,37221,4807,WEST,36.0516,-86.9343,"(36.0516, -86.9343)"
20170398656,5/5/2017 0:21,1,0,0,,N,151122,0,NOT COLLISION W/MOTOR VEHICLE-TRANSPORT,2,RAIN,2,DARK - NOT LIGHTED,50,DEER (ANIMAL),RURAL HILL RD & TOOK DR,ANTIOCH,TN,37013,8861,SOUTH,36.0687,-86.6398,"(36.0687, -86.6398)"
20160407379,5/8/2017 7:05,2,0,0,,N,714641,0,NOT COLLISION W/MOTOR VEHICLE-TRANSPORT,21,CLEAR,1,DAYLIGHT,50,DEER (ANIMAL),MURFREESBORO PKE & MT VIEW RD,ANTIOCH,TN,37013,8927,SOUTH,36.0522,-86.6401,"(36.0522, -86.6401)"
20170413862,5/10/2017 4:45,1,0,0,,N,197060,0,NOT COLLISION W/MOTOR VEHICLE-TRANSPORT,21,CLEAR,4,DAWN,50,DEER (ANIMAL),5000 BRICK CHURCH PKE,GOODLETTSVILLE,TN,37072,2107,MADISO,36.3228,-86.7758,"(36.3228, -86.7758)"
20170424479,5/13/2017 12:02,1,0,0,,N,544482,0,NOT COLLISION W/MOTOR VEHICLE-TRANSPORT,21,CLEAR,1,DAYLIGHT,50,DEER (ANIMAL),BATTERY LN & CHURCHWOOD DR,NASHVILLE,TN,37220,7103,MIDTOW,36.087,-86.7781,"(36.087, -86.7781)"
20170424851,5/13/2017 16:16,1,0,0,,N,212342,0,NOT COLLISION W/MOTOR VEHICLE-TRANSPORT,21,CLEAR,1,DAYLIGHT,50,DEER (ANIMAL),MM 78 8 I 65,NASHVILLE,TN,37204,7002,MIDTOW,36.0971,-86.7634,"(36.0971, -86.7634)"
20170432631,5/16/2017 12:15,1,0,0,,N,462474,0,NOT COLLISION W/MOTOR VEHICLE-TRANSPORT,21,CLEAR,1,DAYLIGHT,50,DEER (ANIMAL),GRANNY WHITE PKE & ROBERT E LEE DR,NASHVILLE,TN,37220,7111,MIDTOW,36.0622,-86.8141,"(36.0622, -86.8141)"
20170441506,5/18/2017 22:29,1,0,0,,N,226175,0,NOT COLLISION W/MOTOR VEHICLE-TRANSPORT,21,CLEAR,2,DARK - NOT LIGHTED,50,DEER (ANIMAL),HIGHWAY 100 & OLD HARDING LN,NASHVILLE,TN,37221,4805,WEST,36.0271,-87.0126,"(36.0271, -87.0126)"
20170442521,5/19/2017 5:55,1,0,0,,N,256492,0,NOT COLLISION W/MOTOR VEHICLE-TRANSPORT,21,CLEAR,4,DAWN,50,DEER (ANIMAL),BLUFF RD & NOLENSVILLE PKE,NASHVILLE,TN,37211,8651,MIDTOW,35.9963,-86.6905,"(35.9963, -86.6905)"
20170448751,5/21/2017 18:33,1,0,0,,N,179604,0,NOT COLLISION W/MOTOR VEHICLE-TRANSPORT,21,CLEAR,1,DAYLIGHT,50,DEER (ANIMAL),BELL RD & DODSON CHAPEL RD,HERMITAGE,TN,37076,9501,HERMIT,36.1632,-86.6131,"(36.1632, -86.6131)"
20170456888,5/24/2017 6:44,1,0,0,,N,226622,0,NOT COLLISION W/MOTOR VEHICLE-TRANSPORT,22,CLOUDY,4,DAWN,50,DEER (ANIMAL),HIGHWAY 96 & OLD HARDING PKE,NASHVILLE,TN,37221,4805,WEST,36.0068,-87.0279,"(36.0068, -87.0279)"
20170462764,5/25/2017 21:15,1,0,0,,N,161945,0,NOT COLLISION W/MOTOR VEHICLE-TRANSPORT,21,CLEAR,2,DARK - NOT LIGHTED,50,DEER (ANIMAL),MM 40 1 I 24,WHITES CREEK,TN,37189,2210,MADISO,36.2821,-86.8045,"(36.2821, -86.8045)"
20170464040,5/26/2017 8:40,1,0,0,,N,225805,0,NOT COLLISION W/MOTOR VEHICLE-TRANSPORT,21,CLEAR,1,DAYLIGHT,50,DEER (ANIMAL),HOBSON PKE & WALKER RD,HERMITAGE,TN,37076,8909,SOUTH,36.0882,-86.5623,"(36.0882, -86.5623)"
20170473913,5/29/2017 19:30,1,0,0,,N,224946,0,NOT COLLISION W/MOTOR VEHICLE-TRANSPORT,22,CLOUDY,1,DAYLIGHT,50,DEER (ANIMAL),MM 42 7 I 24,NASHVILLE,TN,37207,20160,MADISO,36.249,-86.7836,"(36.249, -86.7836)"
20170478660,5/31/2017 2:20,1,0,0,,N,197437,0,NOT COLLISION W/MOTOR VEHICLE-TRANSPORT,21,CLEAR,2,DARK - NOT LIGHTED,50,DEER (ANIMAL),ASHLAND CITY HWY & RIVER TRC,NASHVILLE,TN,37218,3325,NORTH,36.214,-86.9596,"(36.214, -86.9596)"
20170484925,6/1/2017 20:43,1,0,0,,N,909489,0,NOT COLLISION W/MOTOR VEHICLE-TRANSPORT,22,CLOUDY,2,DARK - NOT LIGHTED,50,DEER (ANIMAL),MM 41 8 I 24,WHITES CREEK,TN,37189,3226,NORTH,36.2601,-86.7888,"(36.2601, -86.7888)"
20170485290,6/1/2017 22:00,1,0,0,,N,189243,0,NOT COLLISION W/MOTOR VEHICLE-TRANSPORT,22,CLOUDY,7,Dark-Unknown Lighting,50,DEER (ANIMAL),I40 W ENT RAMP & I 40,NASHVILLE,TN,37210,9007,HERMIT,36.1484,-86.7454,"(36.1484, -86.7454)"
20170488985,6/3/2017 1:07,1,0,0,,N,161952,0,NOT COLLISION W/MOTOR VEHICLE-TRANSPORT,21,CLEAR,2,DARK - NOT LIGHTED,50,DEER (ANIMAL),MM 56 3 I 24,NASHVILLE,TN,37211,8708,SOUTH,36.0778,-86.6951,"(36.0778, -86.6951)"
20170492274,6/4/2017 13:05,1,0,0,,N,414730,0,NOT COLLISION W/MOTOR VEHICLE-TRANSPORT,22,CLOUDY,1,DAYLIGHT,50,DEER (ANIMAL),WHITE BRIDGE PKE & OAKMONT CIR,NASHVILLE,TN,37209,5105,WEST,36.141,-86.8574,"(36.141, -86.8574)"
20170494737,6/5/2017 9:10,1,0,0,,N,256371,0,NOT COLLISION W/MOTOR VEHICLE-TRANSPORT,2,RAIN,1,DAYLIGHT,50,DEER (ANIMAL),OLD BAKER RD & BAKER STATION RD,GOODLETTSVILLE,TN,37072,2217,MADISO,36.3729,-86.7612,"(36.3729, -86.7612)"
20170499807,6/6/2017 20:41,1,0,0,,N,179575,0,NOT COLLISION W/MOTOR VEHICLE-TRANSPORT,21,CLEAR,3,DARK - LIGHTED,50,DEER (ANIMAL),2800 LEBANON PKE,NASHVILLE,TN,37214,9311,HERMIT,36.1677,-86.6632,"(36.1677, -86.6632)"
20170499669,6/6/2017 21:00,1,0,0,,N,256495,0,NOT COLLISION W/MOTOR VEHICLE-TRANSPORT,22,CLOUDY,3,DARK - LIGHTED,50,DEER (ANIMAL),HARDING PKE & BROOK HOLLOW RD,NASHVILLE,TN,37205,4913,WEST,36.095,-86.8804,"(36.095, -86.8804)"
20170500556,6/7/2017 3:00,1,0,0,,N,156308,0,NOT COLLISION W/MOTOR VEHICLE-TRANSPORT,21,CLEAR,2,DARK - NOT LIGHTED,50,DEER (ANIMAL),MM 33 1 I 24,JOELTON,TN,37080,23040,NORTH,36.3315,-86.8995,"(36.3315, -86.8995)"
20170509267,6/9/2017 7:45,1,0,0,,N,690942,0,NOT COLLISION W/MOTOR VEHICLE-TRANSPORT,21,CLEAR,1,DAYLIGHT,50,DEER (ANIMAL),ELLINGTON PKWY N ENT RAMP & HART LN,NASHVILLE,TN,37216,1821,EAST,36.218,-86.7465,"(36.218, -86.7465)"
20170515614,6/12/2017 10:00,1,0,0,,N,110063,0,NOT COLLISION W/MOTOR VEHICLE-TRANSPORT,21,CLEAR,1,DAYLIGHT,50,DEER (ANIMAL),I24 E EXT RAMP & I 24,NASHVILLE,TN,37207,30080,NORTH,36.2378,-86.7872,"(36.2378, -86.7872)"
20170520907,6/13/2017 0:00,1,0,0,,Y,493301,0,NOT COLLISION W/MOTOR VEHICLE-TRANSPORT,21,CLEAR,2,DARK - NOT LIGHTED,50,DEER (ANIMAL),HIGHWAY 96 & LITTLE EAST FORK RD,NASHVILLE,TN,37221,4805,WEST,35.9994,-87.0192,"(35.9994, -87.0192)"
20170529597,6/16/2017 14:06,1,0,0,,N,212342,0,NOT COLLISION W/MOTOR VEHICLE-TRANSPORT,21,CLEAR,1,DAYLIGHT,50,DEER (ANIMAL),GLEN LEVEN DR & FRANKLIN PKE,NASHVILLE,TN,37204,7013,MIDTOW,36.1036,-86.7726,"(36.1036, -86.7726)"
20170529560,6/16/2017 14:40,1,0,0,,N,110059,0,NOT COLLISION W/MOTOR VEHICLE-TRANSPORT,21,CLEAR,1,DAYLIGHT,50,DEER (ANIMAL),HIGHWAY 100 & OLD HARDING PKE,NASHVILLE,TN,37221,4807,WEST,36.0445,-86.956,"(36.0445, -86.956)"
20170530761,6/16/2017 21:29,1,0,0,,N,212312,0,NOT COLLISION W/MOTOR VEHICLE-TRANSPORT,21,CLEAR,3,DARK - LIGHTED,50,DEER (ANIMAL),BELL RD & EAGLE VIEW BLVD,ANTIOCH,TN,37013,8865,SOUTH,36.0522,-86.6449,"(36.0522, -86.6449)"
20170544420,6/21/2017 8:26,1,1,0,,N,197053,0,NOT COLLISION W/MOTOR VEHICLE-TRANSPORT,21,CLEAR,1,DAYLIGHT,50,DEER (ANIMAL),BELL RD & BENZING RD,ANTIOCH,TN,37013,8755,SOUTH,36.0453,-86.7017,"(36.0453, -86.7017)"
20170545244,6/21/2017 13:45,1,0,0,,N,716886,0,NOT COLLISION W/MOTOR VEHICLE-TRANSPORT,21,CLEAR,1,DAYLIGHT,50,DEER (ANIMAL),MURFREESBORO PKE & MARTWAY DR,ANTIOCH,TN,37013,8891,SOUTH,36.0783,-86.643,"(36.0783, -86.643)"
20170553132,6/23/2017 20:13,1,0,0,,N,902543,0,NOT COLLISION W/MOTOR VEHICLE-TRANSPORT,22,CLOUDY,2,DARK - NOT LIGHTED,50,DEER (ANIMAL),TYNE BLVD & OVERTON LEA RD,NASHVILLE,TN,37220,7109,MIDTOW,36.0783,-86.7849,"(36.0783, -86.7849)"
20170556903,6/25/2017 9:43,1,0,0,,N,620072,0,NOT COLLISION W/MOTOR VEHICLE-TRANSPORT,21,CLEAR,1,DAYLIGHT,50,DEER (ANIMAL),CLARKSVILLE PKE & BRILEY PKWYE,NASHVILLE,TN,37218,3219,NORTH,36.2356,-86.8313,"(36.2356, -86.8313)"
20170556947,6/25/2017 10:02,1,0,0,,N,839053,0,NOT COLLISION W/MOTOR VEHICLE-TRANSPORT,21,CLEAR,1,DAYLIGHT,50,DEER (ANIMAL),MM 53 0 I 24,NASHVILLE,TN,37210,8302,SOUTH,36.1189,-86.7264,"(36.1189, -86.7264)"
20170562314,6/27/2017 2:16,1,0,0,,N,279212,0,NOT COLLISION W/MOTOR VEHICLE-TRANSPORT,21,CLEAR,3,DARK - LIGHTED,50,DEER (ANIMAL),FRANKLIN PKE & GLEN LEVEN DR,NASHVILLE,TN,37204,7017,MIDTOW,36.1036,-86.7726,"(36.1036, -86.7726)"
20170565593,6/27/2017 22:00,1,0,0,,N,332215,0,NOT COLLISION W/MOTOR VEHICLE-TRANSPORT,21,CLEAR,2,DARK - NOT LIGHTED,50,DEER (ANIMAL),OLD HICKORY BLVD & HILLSBORO PKE,BRENTWOOD,TN,37027,6301,MIDTOW,36.0473,-86.8627,"(36.0473, -86.8627)"
20170566415,6/28/2017 1:46,1,0,0,,N,109543,0,NOT COLLISION W/MOTOR VEHICLE-TRANSPORT,21,CLEAR,2,DARK - NOT LIGHTED,50,DEER (ANIMAL),BRILEY PKWYE & BRILEY PKWY E EXT RAMP,NASHVILLE,TN,37216,1588,EAST,36.2394,-86.7439,"(36.2394, -86.7439)"
20170579084,7/1/2017 20:26,1,0,0,,N,256423,0,NOT COLLISION W/MOTOR VEHICLE-TRANSPORT,21,CLEAR,5,DUSK,50,DEER (ANIMAL),SPRINGFIELD HWY & SPRINGFIELD HWY PVTDR,GOODLETTSVILLE,TN,37072,2215,MADISO,36.3848,-86.7546,"(36.3848, -86.7546)"
20170579658,7/2/2017 1:14,1,0,0,,N,109510,0,NOT COLLISION W/MOTOR VEHICLE-TRANSPORT,21,CLEAR,3,DARK - LIGHTED,50,DEER (ANIMAL),EASTLAND AV & TIFFANY DR,NASHVILLE,TN,37206,1371,EAST,36.1845,-86.7111,"(36.1845, -86.7111)"
20170586782,7/4/2017 8:00,1,0,0,,N,225805,0,NOT COLLISION W/MOTOR VEHICLE-TRANSPORT,22,CLOUDY,1,DAYLIGHT,50,DEER (ANIMAL),MM 53 2 I 24,NASHVILLE,TN,37210,83020,SOUTH,36.116,-86.7253,"(36.116, -86.7253)"
20170614452,7/12/2017 13:08,1,0,0,,N,225805,0,NOT COLLISION W/MOTOR VEHICLE-TRANSPORT,21,CLEAR,1,DAYLIGHT,50,DEER (ANIMAL),3654 MURFREESBORO,ANTIOCH,TN,37013,8867,SOUTH,36.0473,-86.6115,"(36.0473, -86.6115)"
20170615875,7/12/2017 21:00,1,0,0,,N,212327,0,NOT COLLISION W/MOTOR VEHICLE-TRANSPORT,21,CLEAR,2,DARK - NOT LIGHTED,50,DEER (ANIMAL),BARNES RD & STANFORD VILLAGE DR,ANTIOCH,TN,37013,8759,SOUTH,36.0235,-86.6884,"(36.0235, -86.6884)"
20170619678,7/13/2017 20:36,1,0,0,,N,109534,0,NOT COLLISION W/MOTOR VEHICLE-TRANSPORT,21,CLEAR,3,DARK - LIGHTED,50,DEER (ANIMAL),OLD HICKORY BLVD & BARTON VALE DR,NASHVILLE,TN,37211,8651,MIDTOW,36.0386,-86.7324,"(36.0386, -86.7324)"
20170636234,7/19/2017 7:30,1,0,0,,N,226622,0,NOT COLLISION W/MOTOR VEHICLE-TRANSPORT,22,CLOUDY,1,DAYLIGHT,50,DEER (ANIMAL),MM 196 3 I 40,NASHVILLE,TN,37221,4806,WEST,36.0812,-86.9562,"(36.0812, -86.9562)"
20170644439,7/21/2017 15:52,1,0,0,,N,197050,0,NOT COLLISION W/MOTOR VEHICLE-TRANSPORT,21,CLEAR,1,DAYLIGHT,50,DEER (ANIMAL),ANTIOCH PKE & MCILLWAIN PL,NASHVILLE,TN,37211,8441,SOUTH,36.0983,-86.7115,"(36.0983, -86.7115)"
20170650780,7/24/2017 4:45,1,0,0,,N,630627,0,NOT COLLISION W/MOTOR VEHICLE-TRANSPORT,21,CLEAR,7,Dark-Unknown Lighting,50,DEER (ANIMAL),MM 40 9 I 24,WHITES CREEK,TN,37189,20161,MADISO,36.2725,-86.7951,"(36.2725, -86.7951)"
20170667623,7/28/2017 19:50,1,0,0,,N,197050,0,NOT COLLISION W/MOTOR VEHICLE-TRANSPORT,21,CLEAR,2,DARK - NOT LIGHTED,50,DEER (ANIMAL),BURKITT RD & OLD HICKORY BLVD,ANTIOCH,TN,37013,8765,SOUTH,36.0051,-86.6218,"(36.0051, -86.6218)"
20170679588,8/1/2017 23:00,1,0,0,,N,608786,0,NOT COLLISION W/MOTOR VEHICLE-TRANSPORT,21,CLEAR,2,DARK - NOT LIGHTED,50,DEER (ANIMAL),KNIGHT DR & BRICK CHURCH LN,WHITES CREEK,TN,37189,3225,NORTH,36.2446,-86.8017,"(36.2446, -86.8017)"
20170709409,8/11/2017 1:40,1,0,0,,N,151144,0,NOT COLLISION W/MOTOR VEHICLE-TRANSPORT,21,CLEAR,2,DARK - NOT LIGHTED,50,DEER (ANIMAL),231 WHITE BRIDGE PKE,NASHVILLE,TN,37209,5025,WEST,36.1399,-86.8574,"(36.1399, -86.8574)"
20170728456,8/17/2017 3:35,1,0,0,,N,169413,0,NOT COLLISION W/MOTOR VEHICLE-TRANSPORT,21,CLEAR,3,DARK - LIGHTED,50,DEER (ANIMAL),WHITES CREEK PKE & TRANHAM RD,WHITES CREEK,TN,37189,3303,NORTH,36.2852,-86.84,"(36.2852, -86.84)"
20170728889,8/17/2017 6:50,1,0,0,,N,179602,0,NOT COLLISION W/MOTOR VEHICLE-TRANSPORT,21,CLEAR,1,DAYLIGHT,50,DEER (ANIMAL),CLAY LICK RD & CROCKER SPRINGS RD,WHITES CREEK,TN,37189,2209,NORTH,36.3047,-86.8127,"(36.3047, -86.8127)"
20170733238,8/18/2017 13:00,1,0,0,,N,716886,0,NOT COLLISION W/MOTOR VEHICLE-TRANSPORT,21,CLEAR,1,DAYLIGHT,50,DEER (ANIMAL),MM 59 5 I 24,ANTIOCH,TN,37013,88060,SOUTH,36.0441,-86.6567,"(36.0441, -86.6567)"
20170750172,8/24/2017 0:45,1,1,0,,N,279228,0,NOT COLLISION W/MOTOR VEHICLE-TRANSPORT,21,CLEAR,2,DARK - NOT LIGHTED,50,DEER (ANIMAL),BELL RD & SMITH SPRINGS RD,NASHVILLE,TN,37217,8965,HERMIT,36.0903,-86.6265,"(36.0903, -86.6265)"
20170754132,8/25/2017 7:09,1,1,0,,N,256505,0,NOT COLLISION W/MOTOR VEHICLE-TRANSPORT,21,CLEAR,4,DAWN,50,DEER (ANIMAL),BELL RD & ELM HILL PKE,NASHVILLE,TN,37214,8995,HERMIT,36.1411,-86.628,"(36.1411, -86.628)"
20170763531,8/28/2017 17:16,1,0,0,,N,240960,0,NOT COLLISION W/MOTOR VEHICLE-TRANSPORT,21,CLEAR,1,DAYLIGHT,50,DEER (ANIMAL),OLD HARDING PKE & LEWIS RD,NASHVILLE,TN,37221,4803,WEST,36.0347,-86.9857,"(36.0347, -86.9857)"
20170780671,9/2/2017 21:50,1,0,0,,N,807927,0,NOT COLLISION W/MOTOR VEHICLE-TRANSPORT,21,CLEAR,3,DARK - LIGHTED,50,DEER (ANIMAL),OLD HICKORY BLVD & CLEVELAND HALL BLVD,OLD HICKORY,TN,37138,9717,HERMIT,36.2281,-86.6251,"(36.2281, -86.6251)"
20170785386,9/4/2017 19:18,1,1,0,,N,256448,0,NOT COLLISION W/MOTOR VEHICLE-TRANSPORT,21,CLEAR,2,DARK - NOT LIGHTED,50,DEER (ANIMAL),FRANKLIN PKE & MORRISWOOD DR,NASHVILLE,TN,37204,7013,MIDTOW,36.0954,-86.7717,"(36.0954, -86.7717)"
20170785680,9/4/2017 21:57,1,0,0,,N,212339,0,NOT COLLISION W/MOTOR VEHICLE-TRANSPORT,21,CLEAR,2,DARK - NOT LIGHTED,50,DEER (ANIMAL),LEBANON PKE & STONES RIVER RD,NASHVILLE,TN,37214,9403,HERMIT,36.1862,-86.6337,"(36.1862, -86.6337)"
20170786734,9/5/2017 6:00,1,0,0,,N,493301,0,NOT COLLISION W/MOTOR VEHICLE-TRANSPORT,22,CLOUDY,4,DAWN,50,DEER (ANIMAL),HIGHWAY 100 & WILLOUGHBY WAY,NASHVILLE,TN,37221,4807,WEST,36.059,-86.9202,"(36.059, -86.9202)"
20170786901,9/5/2017 6:01,1,0,0,,N,876573,0,NOT COLLISION W/MOTOR VEHICLE-TRANSPORT,21,CLEAR,2,DARK - NOT LIGHTED,50,DEER (ANIMAL),999 HOBSON,ANTIOCH,TN,37013,8977,SOUTH,36.0611,-86.595,"(36.0611, -86.595)"
20170802933,9/9/2017 17:43,1,0,0,,N,161945,0,NOT COLLISION W/MOTOR VEHICLE-TRANSPORT,21,CLEAR,5,DUSK,50,DEER (ANIMAL),W TRINITY LN & YOUNGS LN,NASHVILLE,TN,37207,3037,NORTH,36.2061,-86.811,"(36.2061, -86.811)"
20170804012,9/10/2017 2:40,1,0,0,,N,187882,0,NOT COLLISION W/MOTOR VEHICLE-TRANSPORT,21,CLEAR,3,DARK - LIGHTED,50,DEER (ANIMAL),CALDWELL LN & FRANKLIN PKE,NASHVILLE,TN,37204,7013,MIDTOW,36.1055,-86.7728,"(36.1055, -86.7728)"
20170813639,9/13/2017 6:55,1,0,0,,N,226306,0,NOT COLLISION W/MOTOR VEHICLE-TRANSPORT,22,CLOUDY,1,DAYLIGHT,50,DEER (ANIMAL),HIGHWAY 100 & OLD HICKORY BLVD,NASHVILLE,TN,37221,6213,WEST,36.0609,-86.9153,"(36.0609, -86.9153)"
20170817230,9/14/2017 8:50,1,0,0,,N,693105,0,NOT COLLISION W/MOTOR VEHICLE-TRANSPORT,22,CLOUDY,1,DAYLIGHT,50,DEER (ANIMAL),LEBANON PKE & LADY NASHVILLE DR,HERMITAGE,TN,37076,9525,HERMIT,36.2159,-86.5862,"(36.2159, -86.5862)"
20170829788,9/18/2017 0:00,1,0,0,,N,256502,0,NOT COLLISION W/MOTOR VEHICLE-TRANSPORT,21,CLEAR,1,DAYLIGHT,50,DEER (ANIMAL),SWINGING BRIDGE RD & BURNETT RD,OLD HICKORY,TN,37138,9701,HERMIT,36.2769,-86.6692,"(36.2769, -86.6692)"
20170833649,9/19/2017 0:00,1,0,0,,N,197070,0,NOT COLLISION W/MOTOR VEHICLE-TRANSPORT,21,CLEAR,2,DARK - NOT LIGHTED,50,DEER (ANIMAL),CLARKSVILLE PKE & RAWLINGS RD,JOELTON,TN,37080,3329,NORTH,36.3115,-86.8827,"(36.3115, -86.8827)"
20170841794,9/22/2017 5:21,1,1,0,,N,279228,0,NOT COLLISION W/MOTOR VEHICLE-TRANSPORT,21,CLEAR,2,DARK - NOT LIGHTED,50,DEER (ANIMAL),MURFREESBORO PKE & HOBSON PKE,ANTIOCH,TN,37013,8927,SOUTH,36.043,-86.6066,"(36.043, -86.6066)"
20170857766,9/27/2017 18:18,1,0,0,,N,197050,0,NOT COLLISION W/MOTOR VEHICLE-TRANSPORT,21,CLEAR,2,DARK - NOT LIGHTED,50,DEER (ANIMAL),CROSSINGS BLVD & CROSSINGS CIR,ANTIOCH,TN,37013,8863,SOUTH,36.0376,-86.6433,"(36.0376, -86.6433)"
20170858407,9/27/2017 22:45,1,0,0,,N,879558,0,NOT COLLISION W/MOTOR VEHICLE-TRANSPORT,21,CLEAR,2,DARK - NOT LIGHTED,50,DEER (ANIMAL),PENNINGTON BEND RD & VALLEY BEND DR,NASHVILLE,TN,37214,9315,HERMIT,36.2232,-86.6888,"(36.2232, -86.6888)"
20170864764,9/29/2017 20:50,1,0,0,,N,256383,0,NOT COLLISION W/MOTOR VEHICLE-TRANSPORT,21,CLEAR,2,DARK - NOT LIGHTED,50,DEER (ANIMAL),MM 193 6 I 40,NASHVILLE,TN,37221,4704,WEST,36.0778,-86.9999,"(36.0778, -86.9999)"
20170869737,10/1/2017 21:45,1,0,0,,N,256383,0,NOT COLLISION W/MOTOR VEHICLE-TRANSPORT,21,CLEAR,2,DARK - NOT LIGHTED,50,DEER (ANIMAL),OLD HICKORY BLVD & CHICKERING CIR,NASHVILLE,TN,37221,6215,WEST,36.0512,-86.8831,"(36.0512, -86.8831)"
20170870826,10/2/2017 7:45,1,0,0,,N,225886,0,NOT COLLISION W/MOTOR VEHICLE-TRANSPORT,22,CLOUDY,1,DAYLIGHT,50,DEER (ANIMAL),MARTINGALE DR & ROBINSON RD,OLD HICKORY,TN,37138,9611,HERMIT,36.2703,-86.6631,"(36.2703, -86.6631)"
20170873722,10/3/2017 6:22,1,0,0,,N,226622,0,NOT COLLISION W/MOTOR VEHICLE-TRANSPORT,21,CLEAR,4,DAWN,50,DEER (ANIMAL),TEMPLE RD & TEMPLEGATE DR,NASHVILLE,TN,37221,4807,WEST,36.0432,-86.9505,"(36.0432, -86.9505)"
20170873740,10/3/2017 7:10,1,0,0,,N,343522,0,NOT COLLISION W/MOTOR VEHICLE-TRANSPORT,21,CLEAR,1,DAYLIGHT,50,DEER (ANIMAL),HIGHWAY 100 & HICKS RD,NASHVILLE,TN,37221,4807,WEST,36.0599,-86.9186,"(36.0599, -86.9186)"
20170883665,10/6/2017 6:10,1,0,0,,N,134899,0,NOT COLLISION W/MOTOR VEHICLE-TRANSPORT,21,CLEAR,2,DARK - NOT LIGHTED,50,DEER (ANIMAL),DRY CREEK RD & BRICK CHURCH PKE,GOODLETTSVILLE,TN,37072,2139,MADISO,36.3252,-86.7687,"(36.3252, -86.7687)"
20170888331,10/7/2017 19:50,1,1,0,,N,240943,0,NOT COLLISION W/MOTOR VEHICLE-TRANSPORT,21,CLEAR,3,DARK - LIGHTED,50,DEER (ANIMAL),HICKORY HOLLOW PKWY & CANE RIDGE RD,ANTIOCH,TN,37013,8871,SOUTH,36.0499,-86.6638,"(36.0499, -86.6638)"
20170890517,10/8/2017 19:08,1,0,0,,N,256383,0,NOT COLLISION W/MOTOR VEHICLE-TRANSPORT,2,RAIN,2,DARK - NOT LIGHTED,50,DEER (ANIMAL),HIGHWAY 70 & HARPETH RIV RIVERWALK GRNWY,NASHVILLE,TN,37221,4713,WEST,36.092,-87.0134,"(36.092, -87.0134)"
20170906152,10/13/2017 21:01,1,0,0,,N,909489,0,NOT COLLISION W/MOTOR VEHICLE-TRANSPORT,21,CLEAR,2,DARK - NOT LIGHTED,50,DEER (ANIMAL),MM 39 2 I 24,WHITES CREEK,TN,37189,2212,NORTH,36.2939,-86.8105,"(36.2939, -86.8105)"