Accident Number,Date and Time,Number of Motor Vehicles,Number of Injuries,Number of Fatalities,Property Damage,Hit and Run,Reporting Officer,Collision Type Code,Collision Type Description,Weather Code,Weather Description,Illumination Code,Illumination Description,Harmful Code,Harmful Code Description,Street Address,City,State,ZIP,RPA,Precinct,Latitude,Longitude,Mapped Location
20171035216,11/25/2017 15:05,1,0,0,,N,151132,0,NOT COLLISION W/MOTOR VEHICLE-TRANSPORT,21,CLEAR,1,DAYLIGHT,50,DEER (ANIMAL),BRICK CHURCH PKE & HITT LN,GOODLETTSVILLE,TN,37072,2125,MADISO,36.3319,-86.7335,"(36.3319, -86.7335)"
20171035766,11/25/2017 20:45,1,1,0,,N,256429,0,NOT COLLISION W/MOTOR VEHICLE-TRANSPORT,21,CLEAR,3,DARK - LIGHTED,50,DEER (ANIMAL),MURFREESBORO PKE & OLD MURFREESBORO PKE,NASHVILLE,TN,37217,8849,SOUTH,36.1046,-86.6694,"(36.1046, -86.6694)"
20171035880,11/25/2017 20:45,1,0,0,,N,179596,0,NOT COLLISION W/MOTOR VEHICLE-TRANSPORT,21,CLEAR,3,DARK - LIGHTED,50,DEER (ANIMAL),LEBANON PKE & CENTRAL PKE,HERMITAGE,TN,37076,9601,HERMIT,36.1868,-86.6316,"(36.1868, -86.6316)"
20171035923,11/25/2017 22:14,1,0,0,Y,N,212334,0,NOT COLLISION W/MOTOR VEHICLE-TRANSPORT,21,CLEAR,2,DARK - NOT LIGHTED,50,DEER (ANIMAL),OLD HICKORY BLVD & OLD HYDES FERRY PKE,NASHVILLE,TN,37218,3235,NORTH,36.2092,-86.922,"(36.2092, -86.922)"
20171036794,11/26/2017 7:00,1,0,0,,N,156307,0,NOT COLLISION W/MOTOR VEHICLE-TRANSPORT,21,CLEAR,1,DAYLIGHT,50,DEER (ANIMAL),BELL RD & ZELIDA AV,ANTIOCH,TN,37013,8865,SOUTH,36.0569,-86.6419,"(36.0569, -86.6419)"
20171037578,11/26/2017 13:00,1,0,0,Y,N,206683,0,NOT COLLISION W/MOTOR VEHICLE-TRANSPORT,99,UNKNOWN,9,UNKNOWN,50,DEER (ANIMAL),PULLEY RD & COUCHVILLE PKE,NASHVILLE,TN,37214,8993,HERMIT,36.1192,-86.6596,"(36.1192, -86.6596)"
20171038177,11/26/2017 19:08,1,0,0,,N,240955,0,NOT COLLISION W/MOTOR VEHICLE-TRANSPORT,21,CLEAR,2,DARK - NOT LIGHTED,50,DEER (ANIMAL),HOBSON PKE & WALKER RD,HERMITAGE,TN,37076,8909,SOUTH,36.0882,-86.5623,"(36.0882, -86.5623)"
20171038254,11/26/2017 22:25,1,0,0,Y,N,109543,0,NOT COLLISION W/MOTOR VEHICLE-TRANSPORT,21,CLEAR,2,DARK - NOT LIGHTED,50,DEER (ANIMAL),CHESHIRE DR & DUMBARTON DR,NASHVILLE,TN,37207,2049,MADISO,36.2671,-86.7732,"(36.2671, -86.7732)"
20171038294,11/26/2017 22:55,1,0,0,,N,240968,0,NOT COLLISION W/MOTOR VEHICLE-TRANSPORT,21,CLEAR,3,DARK - LIGHTED,50,DEER (ANIMAL),OLD HICKORY BLVD & COBBLESTONE CREEK DR,WHITES CREEK,TN,37189,2015,MADISO,36.2783,-86.7891,"(36.2783, -86.7891)"
20171040826,11/27/2017 18:09,1,0,0,,N,279203,0,NOT COLLISION W/MOTOR VEHICLE-TRANSPORT,21,CLEAR,2,DARK - NOT LIGHTED,50,DEER (ANIMAL),S NEW HOPE RD & CENTRAL PKE,HERMITAGE,TN,37076,9541,HERMIT,36.1729,-86.5849,"(36.1729, -86.5849)"
20171042344,11/28/2017 6:56,1,0,0,,N,544482,0,NOT COLLISION W/MOTOR VEHICLE-TRANSPORT,22,CLOUDY,1,DAYLIGHT,50,DEER (ANIMAL),GRANNY WHITE PKE & GRANNY WHITE TRC,NASHVILLE,TN,37220,7109,MIDTOW,36.0663,-86.8125,"(36.0663, -86.8125)"
20171042697,11/28/2017 9:25,1,0,0,,N,225777,0,NOT COLLISION W/MOTOR VEHICLE-TRANSPORT,21,CLEAR,1,DAYLIGHT,50,DEER (ANIMAL),HIGHWAY 70S & PEBBLE BROOK,NASHVILLE,TN,37221,4901,WEST,36.0757,-86.9173,"(36.0757, -86.9173)"
20171046049,11/29/2017 7:40,1,0,0,,N,493304,0,NOT COLLISION W/MOTOR VEHICLE-TRANSPORT,21,CLEAR,1,DAYLIGHT,50,DEER (ANIMAL),MENEES LN & HUDSON RD,MADISON,TN,37115,1621,MADISO,36.2176,-86.6531,"(36.2176, -86.6531)"
20171047603,11/29/2017 17:16,1,0,0,,N,161945,0,NOT COLLISION W/MOTOR VEHICLE-TRANSPORT,21,CLEAR,2,DARK - NOT LIGHTED,50,DEER (ANIMAL),OLD HICKORY BLVD & LICKTON PKE,WHITES CREEK,TN,37189,3227,NORTH,36.2736,-86.8173,"(36.2736, -86.8173)"
20171048865,11/30/2017 0:00,1,0,0,,N,240947,0,NOT COLLISION W/MOTOR VEHICLE-TRANSPORT,21,CLEAR,2,DARK - NOT LIGHTED,50,DEER (ANIMAL),OLD HICKORY BLVD & PITTS AV,OLD HICKORY,TN,37138,9711,HERMIT,36.2392,-86.6305,"(36.2392, -86.6305)"
20171051055,11/30/2017 16:49,1,0,0,,N,206681,0,NOT COLLISION W/MOTOR VEHICLE-TRANSPORT,22,CLOUDY,5,DUSK,50,DEER (ANIMAL),ELM HILL PKE & MCGAVOCK PKE,NASHVILLE,TN,37214,9115,HERMIT,36.1528,-86.6834,"(36.1528, -86.6834)"
20171050883,11/30/2017 16:55,1,0,0,,N,279222,0,NOT COLLISION W/MOTOR VEHICLE-TRANSPORT,21,CLEAR,5,DUSK,50,DEER (ANIMAL),LICKTON PKE PVTDR & LICKTON PKE,GOODLETTSVILLE,TN,37072,2107,MADISO,36.3156,-86.7979,"(36.3156, -86.7979)"
20171051176,11/30/2017 17:47,1,0,0,,N,279198,0,NOT COLLISION W/MOTOR VEHICLE-TRANSPORT,21,CLEAR,3,DARK - LIGHTED,50,DEER (ANIMAL),WHITES CREEK PKE & WHITES CREEK PKE PVTD,JOELTON,TN,37080,2319,NORTH,36.3636,-86.8874,"(36.3636, -86.8874)"
20171058083,12/3/2017 6:30,1,0,0,,N,693105,0,NOT COLLISION W/MOTOR VEHICLE-TRANSPORT,21,CLEAR,1,DAYLIGHT,50,DEER (ANIMAL),LEBANON PKE & TULIP GROVE RD,HERMITAGE,TN,37076,9727,HERMIT,36.2154,-86.5886,"(36.2154, -86.5886)"
20171059587,12/4/2017 0:09,1,0,0,,N,109535,0,NOT COLLISION W/MOTOR VEHICLE-TRANSPORT,21,CLEAR,3,DARK - LIGHTED,50,DEER (ANIMAL),BRILEY PKWYN & BRILEY PKWY N EXT RAMP,NASHVILLE,TN,37214,9294,HERMIT,36.1977,-86.688,"(36.1977, -86.688)"
20171059921,12/4/2017 3:36,1,0,0,,N,169414,0,NOT COLLISION W/MOTOR VEHICLE-TRANSPORT,21,CLEAR,3,DARK - LIGHTED,50,DEER (ANIMAL),MURFREESBORO & HURRICANE CREEK,ANTIOCH,TN,37013,8903,SOUTH,36.0293,-86.5903,"(36.0293, -86.5903)"
20171062279,12/4/2017 20:00,2,0,0,,N,224946,0,NOT COLLISION W/MOTOR VEHICLE-TRANSPORT,22,CLOUDY,2,DARK - NOT LIGHTED,50,DEER (ANIMAL),SPRINGFIELD HWY & WILLIAMSON RD,GOODLETTSVILLE,TN,37072,2221,MADISO,36.3572,-86.7247,"(36.3572, -86.7247)"
20171068766,12/6/2017 19:33,1,0,0,,N,876599,0,NOT COLLISION W/MOTOR VEHICLE-TRANSPORT,21,CLEAR,3,DARK - LIGHTED,50,DEER (ANIMAL),OLD HICKORY BLVD & BELLE FOREST CONDOS P,NASHVILLE,TN,37205,4903,WEST,36.0773,-86.9202,"(36.0773, -86.9202)"
20171070596,12/7/2017 7:53,1,0,0,,N,140790,0,NOT COLLISION W/MOTOR VEHICLE-TRANSPORT,21,CLEAR,1,DAYLIGHT,50,DEER (ANIMAL),CHANDLER RD & CHANDLER GROVE DR,HERMITAGE,TN,37076,9513,HERMIT,36.2001,-86.5827,"(36.2001, -86.5827)"
20171072889,12/8/2017 0:40,1,0,0,,N,197076,0,NOT COLLISION W/MOTOR VEHICLE-TRANSPORT,21,CLEAR,2,DARK - NOT LIGHTED,50,DEER (ANIMAL),LEESA ANN LN & TULIP GROVE RD,HERMITAGE,TN,37076,9525,HERMIT,36.2051,-86.5901,"(36.2051, -86.5901)"
20171075027,12/8/2017 17:12,1,0,0,,N,110059,0,NOT COLLISION W/MOTOR VEHICLE-TRANSPORT,21,CLEAR,2,DARK - NOT LIGHTED,50,DEER (ANIMAL),MCCRORY LN & BEAUTIFUL VALLEY DR,NASHVILLE,TN,37221,4713,WEST,36.0831,-87.024,"(36.0831, -87.024)"
20171078667,12/10/2017 2:32,1,0,0,,N,240966,0,NOT COLLISION W/MOTOR VEHICLE-TRANSPORT,21,CLEAR,2,DARK - NOT LIGHTED,50,DEER (ANIMAL),FRANKLIN PKE & NORWOOD DR,NASHVILLE,TN,37204,7013,MIDTOW,36.0988,-86.7721,"(36.0988, -86.7721)"
20171086184,12/12/2017 0:00,1,0,0,,N,197070,0,NOT COLLISION W/MOTOR VEHICLE-TRANSPORT,21,CLEAR,1,DAYLIGHT,50,DEER (ANIMAL),CLARKSVILLE PKE & CLARKSVILLE PKE SB EXT,NASHVILLE,TN,37218,3219,NORTH,36.2312,-86.833,"(36.2312, -86.833)"
20171089792,12/13/2017 17:40,1,0,0,,N,206681,0,NOT COLLISION W/MOTOR VEHICLE-TRANSPORT,21,CLEAR,3,DARK - LIGHTED,50,DEER (ANIMAL),MCGAVOCK PKE & CENTURY BLVD,NASHVILLE,TN,37214,9115,HERMIT,36.177,-86.5869,"(36.177, -86.5869)"
20171093704,12/14/2017 0:00,1,0,0,,N,197070,0,NOT COLLISION W/MOTOR VEHICLE-TRANSPORT,21,CLEAR,7,Dark-Unknown Lighting,50,DEER (ANIMAL),UNION HILL RD & PIPER CT,WHITES CREEK,TN,37189,2211,NORTH,36.3247,-86.8592,"(36.3247, -86.8592)"
20171091577,12/14/2017 5:55,1,0,0,,N,169413,0,NOT COLLISION W/MOTOR VEHICLE-TRANSPORT,21,CLEAR,3,DARK - LIGHTED,50,DEER (ANIMAL),ASHLAND CITY HWY & BULL RUN RD,NASHVILLE,TN,37218,3325,NORTH,36.2114,-86.9212,"(36.2114, -86.9212)"
20171098257,12/16/2017 7:15,1,0,0,,N,591933,0,NOT COLLISION W/MOTOR VEHICLE-TRANSPORT,21,CLEAR,1,DAYLIGHT,50,DEER (ANIMAL),TRANHAM RD & LAWS RD,WHITES CREEK,TN,37189,3303,NORTH,36.2917,-86.8333,"(36.2917, -86.8333)"
20171098871,12/16/2017 13:22,1,0,0,,N,225886,0,NOT COLLISION W/MOTOR VEHICLE-TRANSPORT,22,CLOUDY,1,DAYLIGHT,50,DEER (ANIMAL),ROLLING MILL RD & LOUVIERS LN,OLD HICKORY,TN,37138,9731,HERMIT,36.2398,-86.6194,"(36.2398, -86.6194)"
20171099272,12/16/2017 17:14,1,0,0,,N,279232,0,NOT COLLISION W/MOTOR VEHICLE-TRANSPORT,22,CLOUDY,3,DARK - LIGHTED,50,DEER (ANIMAL),OLD CHARLOTTE PKE & GOWER RD,NASHVILLE,TN,37221,4709,WEST,36.1221,-86.9311,"(36.1221, -86.9311)"
20171100185,12/17/2017 1:08,1,0,0,,N,197060,0,NOT COLLISION W/MOTOR VEHICLE-TRANSPORT,21,CLEAR,3,DARK - LIGHTED,50,DEER (ANIMAL),500 MYATT DR,MADISON,TN,37115,1715,MADISO,36.2799,-86.6913,"(36.2799, -86.6913)"
20171100657,12/17/2017 5:00,1,0,0,,N,332253,0,NOT COLLISION W/MOTOR VEHICLE-TRANSPORT,2,RAIN,3,DARK - LIGHTED,50,DEER (ANIMAL),DICKERSON PKE & SKYLINE COMMONS PVTDR,NASHVILLE,TN,37207,2011,MADISO,36.2475,-86.7568,"(36.2475, -86.7568)"
20171113756,12/21/2017 12:27,1,0,0,,N,191578,0,NOT COLLISION W/MOTOR VEHICLE-TRANSPORT,22,CLOUDY,1,DAYLIGHT,50,DEER (ANIMAL),BELL RD & REELFOOT CIR,NASHVILLE,TN,37214,8989,HERMIT,36.1373,-86.6292,"(36.1373, -86.6292)"
20171118050,12/22/2017 17:27,1,0,0,,N,240989,0,NOT COLLISION W/MOTOR VEHICLE-TRANSPORT,2,RAIN,2,DARK - NOT LIGHTED,50,DEER (ANIMAL),OLD HICKORY BLVD & COBBLESTONE CREEK DR,WHITES CREEK,TN,37189,2015,MADISO,36.2783,-86.7891,"(36.2783, -86.7891)"
20171122722,12/24/2017 20:46,1,0,0,,N,256383,0,NOT COLLISION W/MOTOR VEHICLE-TRANSPORT,4,SNOW,2,DARK - NOT LIGHTED,50,DEER (ANIMAL),HIGHWAY 100 & OLD HICKORY BLVD,NASHVILLE,TN,37221,6213,WEST,36.0609,-86.9153,"(36.0609, -86.9153)"
20171134177,12/29/2017 11:27,2,0,0,,N,224955,0,NOT COLLISION W/MOTOR VEHICLE-TRANSPORT,22,CLOUDY,1,DAYLIGHT,50,DEER (ANIMAL),BRILEY PKWYW & BRILEY PKWYE,NASHVILLE,TN,37218,3216,NORTH,36.2254,-86.8638,"(36.2254, -86.8638)"
20171137272,12/30/2017 17:35,1,0,0,,N,169425,0,NOT COLLISION W/MOTOR VEHICLE-TRANSPORT,21,CLEAR,1,DAYLIGHT,50,DEER (ANIMAL),BATTLE RD & CAROTHERS RD,NOLENSVILLE,TN,37135,8773,SOUTH,35.9849,-86.6262,"(35.9849, -86.6262)"
20180001557,1/1/2018 16:42,1,0,0,,N,596389,0,NOT COLLISION W/MOTOR VEHICLE-TRANSPORT,21,CLEAR,5,DUSK,50,DEER (ANIMAL),HIGHWAY 100 & HIGHWAY 96,NASHVILLE,TN,37221,4805,WEST,36.0128,-87.0451,"(36.0128, -87.0451)"
20180007458,1/3/2018 9:02,2,0,0,,N,633367,0,NOT COLLISION W/MOTOR VEHICLE-TRANSPORT,21,CLEAR,1,DAYLIGHT,50,DEER (ANIMAL),UNA ANTIOCH PKE & ANTIOCH WOODS CT,ANTIOCH,TN,37013,8861,SOUTH,36.0606,-86.6664,"(36.0606, -86.6664)"
20180008925,1/3/2018 17:33,1,0,0,,N,226827,0,NOT COLLISION W/MOTOR VEHICLE-TRANSPORT,21,CLEAR,2,DARK - NOT LIGHTED,50,DEER (ANIMAL),TWIN HILLS DR & PAULA DR,MADISON,TN,37115,1721,MADISO,36.2982,-86.6884,"(36.2982, -86.6884)"
20180017418,1/6/2018 1:20,1,0,0,,N,660929,0,NOT COLLISION W/MOTOR VEHICLE-TRANSPORT,21,CLEAR,2,DARK - NOT LIGHTED,50,DEER (ANIMAL),MM 74 8 I 65,NASHVILLE,TN,37220,7111,MIDTOW,36.0417,-86.7824,"(36.0417, -86.7824)"
20180023120,1/8/2018 6:45,1,0,0,,N,299269,0,NOT COLLISION W/MOTOR VEHICLE-TRANSPORT,2,RAIN,4,DAWN,50,DEER (ANIMAL),PIN HOOK RD & GROVEDALE TRC,ANTIOCH,TN,37013,8927,SOUTH,36.05,-86.606,"(36.05, -86.606)"
20180024601,1/8/2018 17:31,1,0,0,,N,725756,0,NOT COLLISION W/MOTOR VEHICLE-TRANSPORT,2,RAIN,1,DAYLIGHT,50,DEER (ANIMAL),HIGHWAY 100 & TRACE CREEK DR,NASHVILLE,TN,37221,4807,WEST,36.0481,-86.9409,"(36.0481, -86.9409)"
20180027623,1/9/2018 15:52,1,0,0,,N,240967,0,NOT COLLISION W/MOTOR VEHICLE-TRANSPORT,22,CLOUDY,1,DAYLIGHT,50,DEER (ANIMAL),BELL RD & REELFOOT CIR,NASHVILLE,TN,37214,8989,HERMIT,36.1373,-86.6292,"(36.1373, -86.6292)"
20180027734,1/9/2018 16:15,1,0,0,,N,240943,0,NOT COLLISION W/MOTOR VEHICLE-TRANSPORT,21,CLEAR,1,DAYLIGHT,50,DEER (ANIMAL),BELL RD & BRENTRIDGE DR,ANTIOCH,TN,37013,8755,SOUTH,36.0465,-86.6834,"(36.0465, -86.6834)"
20180032821,1/10/2018 21:40,1,0,0,,N,298871,0,NOT COLLISION W/MOTOR VEHICLE-TRANSPORT,22,CLOUDY,2,DARK - NOT LIGHTED,50,DEER (ANIMAL),HIGHWAY 70 & HARPETH RIV RIVERWALK GRNWY,NASHVILLE,TN,37221,4713,WEST,36.092,-87.0134,"(36.092, -87.0134)"
20180032816,1/10/2018 22:02,1,0,0,,N,256386,0,NOT COLLISION W/MOTOR VEHICLE-TRANSPORT,21,CLEAR,3,DARK - LIGHTED,50,DEER (ANIMAL),OLD HICKORY BLVD & CLEVELAND HALL BLVD,OLD HICKORY,TN,37138,9717,HERMIT,36.2281,-86.6251,"(36.2281, -86.6251)"
20180045968,1/15/2018 7:57,1,0,0,,N,279111,0,NOT COLLISION W/MOTOR VEHICLE-TRANSPORT,21,CLEAR,1,DAYLIGHT,50,DEER (ANIMAL),BELL RD & WOODLAND POINTE DR,NASHVILLE,TN,37214,8943,HERMIT,36.1227,-86.6305,"(36.1227, -86.6305)"
20180046056,1/15/2018 8:06,1,0,0,,N,225805,0,NOT COLLISION W/MOTOR VEHICLE-TRANSPORT,21,CLEAR,1,DAYLIGHT,50,DEER (ANIMAL),OLD HICKORY BLVD & PRATT PROPERTY PVTDR,ANTIOCH,TN,37013,8757,SOUTH,36.0339,-86.6913,"(36.0339, -86.6913)"
20180059577,1/18/2018 23:30,1,0,0,,N,191575,0,NOT COLLISION W/MOTOR VEHICLE-TRANSPORT,21,CLEAR,2,DARK - NOT LIGHTED,50,DEER (ANIMAL),OLD HICKORY BLVD & HILLS LN,OLD HICKORY,TN,37138,9739,HERMIT,36.2057,-86.6224,"(36.2057, -86.6224)"
20180063062,1/19/2018 20:44,1,0,0,,N,887592,0,NOT COLLISION W/MOTOR VEHICLE-TRANSPORT,21,CLEAR,3,DARK - LIGHTED,50,DEER (ANIMAL),COCKRILL BEND BLVD & CENTENNIAL BLVD,NASHVILLE,TN,37209,4653,WEST,36.1898,-86.898,"(36.1898, -86.898)"
20180065389,1/20/2018 18:20,1,0,0,,N,256420,0,NOT COLLISION W/MOTOR VEHICLE-TRANSPORT,21,CLEAR,2,DARK - NOT LIGHTED,50,DEER (ANIMAL),OLD HICKORY BLVD & ASHLAND CITY HWY,NASHVILLE,TN,37218,3235,NORTH,36.2115,-86.921,"(36.2115, -86.921)"
20180066228,1/20/2018 22:43,1,0,0,,N,212310,0,NOT COLLISION W/MOTOR VEHICLE-TRANSPORT,21,CLEAR,3,DARK - LIGHTED,50,DEER (ANIMAL),ASHLAND CITY HWY & OLD HICKORY BLVD,NASHVILLE,TN,37218,3235,NORTH,36.2115,-86.921,"(36.2115, -86.921)"
20180071823,1/22/2018 23:40,1,0,0,,N,493301,0,NOT COLLISION W/MOTOR VEHICLE-TRANSPORT,22,CLOUDY,2,DARK - NOT LIGHTED,50,DEER (ANIMAL),OLD HICKORY BLVD & MIDDLETON PARK LN,NASHVILLE,TN,37215,6205,WEST,36.0503,-86.8747,"(36.0503, -86.8747)"
20180072717,1/23/2018 7:16,1,0,0,,N,191578,0,NOT COLLISION W/MOTOR VEHICLE-TRANSPORT,21,CLEAR,1,DAYLIGHT,50,DEER (ANIMAL),HESSEY RD & HESSEY PASS,MOUNT JULIET,TN,37122,9551,HERMIT,36.1473,-86.5688,"(36.1473, -86.5688)"
20180074528,1/23/2018 17:37,1,0,0,,N,256423,0,NOT COLLISION W/MOTOR VEHICLE-TRANSPORT,21,CLEAR,2,DARK - NOT LIGHTED,50,DEER (ANIMAL),GREENBRIER RD & WHITES CREEK PKE,JOELTON,TN,37080,2311,NORTH,36.3522,-86.869,"(36.3522, -86.869)"
20180080064,1/25/2018 3:45,1,0,0,,N,192379,0,NOT COLLISION W/MOTOR VEHICLE-TRANSPORT,21,CLEAR,2,DARK - NOT LIGHTED,50,DEER (ANIMAL),BUENA VISTA PKE & DRY FORK RD,NASHVILLE,TN,37207,3221,NORTH,36.2459,-86.829,"(36.2459, -86.829)"
20180086350,1/26/2018 0:00,1,0,0,,N,197070,0,NOT COLLISION W/MOTOR VEHICLE-TRANSPORT,21,CLEAR,7,Dark-Unknown Lighting,50,DEER (ANIMAL),WHITES CREEK PKE & JACKMAN RD,JOELTON,TN,37080,2311,NORTH,36.3575,-86.8826,"(36.3575, -86.8826)"
20180084359,1/26/2018 6:26,1,1,0,,N,676834,0,NOT COLLISION W/MOTOR VEHICLE-TRANSPORT,21,CLEAR,2,DARK - NOT LIGHTED,50,DEER (ANIMAL),US HWY 431 & LAWS RD,WHITES CREEK,TN,37189,3303,NORTH,36.2908,-86.8488,"(36.2908, -86.8488)"
20180094699,1/29/2018 18:50,1,0,0,,N,887592,0,NOT COLLISION W/MOTOR VEHICLE-TRANSPORT,21,CLEAR,3,DARK - LIGHTED,50,DEER (ANIMAL),COCKRILL BEND BLVD & TUFTING CT,NASHVILLE,TN,37209,4641,WEST,36.1717,-86.8867,"(36.1717, -86.8867)"
20180096646,1/30/2018 7:45,1,0,0,,N,343522,0,NOT COLLISION W/MOTOR VEHICLE-TRANSPORT,21,CLEAR,1,DAYLIGHT,50,DEER (ANIMAL),SAWYER BROWN RD & CEDAR PLACE ROW,NASHVILLE,TN,37221,4813,WEST,36.1006,-86.9318,"(36.1006, -86.9318)"
20180103051,1/31/2018 0:00,1,0,0,,N,197070,0,NOT COLLISION W/MOTOR VEHICLE-TRANSPORT,21,CLEAR,7,Dark-Unknown Lighting,50,DEER (ANIMAL),WHITES CREEK PKE & LAWS RD,WHITES CREEK,TN,37189,3305,NORTH,36.2876,-86.8432,"(36.2876, -86.8432)"
20180104576,2/1/2018 6:00,1,0,0,,N,226175,0,NOT COLLISION W/MOTOR VEHICLE-TRANSPORT,21,CLEAR,2,DARK - NOT LIGHTED,50,DEER (ANIMAL),HIGHWAY 70 & BEVERLY HILLS DR,NASHVILLE,TN,37221,4713,WEST,36.0965,-87.0345,"(36.0965, -87.0345)"
20180111155,2/2/2018 0:00,1,0,0,,N,197070,0,NOT COLLISION W/MOTOR VEHICLE-TRANSPORT,21,CLEAR,2,DARK - NOT LIGHTED,50,DEER (ANIMAL),OLD HICKORY BLVD & LICKTON PKE,WHITES CREEK,TN,37189,3227,NORTH,36.2736,-86.8173,"(36.2736, -86.8173)"
20180115158,2/4/2018 8:45,1,0,0,,N,179596,0,NOT COLLISION W/MOTOR VEHICLE-TRANSPORT,22,CLOUDY,1,DAYLIGHT,50,DEER (ANIMAL),LITTLE MARROWBONE RD & BEAMAN PARK PVTDR,ASHLAND CITY,TN,37015,3343,NORTH,36.2737,-86.9009,"(36.2737, -86.9009)"
20180120899,2/6/2018 6:10,1,0,0,,N,405391,0,NOT COLLISION W/MOTOR VEHICLE-TRANSPORT,21,CLEAR,2,DARK - NOT LIGHTED,50,DEER (ANIMAL),HIGHWAY 100 & OLD HARDING PKE,NASHVILLE,TN,37221,4807,WEST,36.0445,-86.956,"(36.0445, -86.956)"
20180138250,2/11/2018 0:00,1,0,0,,N,279221,0,NOT COLLISION W/MOTOR VEHICLE-TRANSPORT,22,CLOUDY,2,DARK - NOT LIGHTED,50,DEER (ANIMAL),BRICK CHURCH PKE & BELL GRIMES LN,NASHVILLE,TN,37207,2025,MADISO,36.2721,-86.7754,"(36.2721, -86.7754)"
20180145106,2/13/2018 19:45,1,0,0,,N,240943,0,NOT COLLISION W/MOTOR VEHICLE-TRANSPORT,21,CLEAR,3,DARK - LIGHTED,50,DEER (ANIMAL),OLD HICKORY BLVD & PETTUS RD,ANTIOCH,TN,37013,8767,SOUTH,36.0109,-86.6654,"(36.0109, -86.6654)"
20180165048,2/20/2018 4:15,1,0,0,,N,332215,0,NOT COLLISION W/MOTOR VEHICLE-TRANSPORT,21,CLEAR,2,DARK - NOT LIGHTED,50,DEER (ANIMAL),OLD HICKORY BLVD & CHICKERING CIR,NASHVILLE,TN,37221,6215,WEST,36.0512,-86.8831,"(36.0512, -86.8831)"
20180187080,2/26/2018 23:05,2,1,0,,N,405424,0,NOT COLLISION W/MOTOR VEHICLE-TRANSPORT,21,CLEAR,2,DARK - NOT LIGHTED,50,DEER (ANIMAL),BELL RD & PRIEST WOODS DR,NASHVILLE,TN,37214,8989,HERMIT,36.1275,-86.6296,"(36.1275, -86.6296)"
20180187340,2/27/2018 0:40,1,0,0,,N,279217,0,NOT COLLISION W/MOTOR VEHICLE-TRANSPORT,21,CLEAR,3,DARK - LIGHTED,50,DEER (ANIMAL),WHITES CREEK PKE & SEYMOUR HOLLOW RD,WHITES CREEK,TN,37189,3305,NORTH,36.2917,-86.8505,"(36.2917, -86.8505)"
20180211386,3/6/2018 18:20,1,0,0,,N,240943,0,NOT COLLISION W/MOTOR VEHICLE-TRANSPORT,21,CLEAR,3,DARK - LIGHTED,50,DEER (ANIMAL),HOBSON PKE & PIN HOOK RD,ANTIOCH,TN,37013,8971,SOUTH,36.1202,-86.7312,"(36.1202, -86.7312)"
20180225771,3/10/2018 21:25,1,0,0,,N,633391,0,NOT COLLISION W/MOTOR VEHICLE-TRANSPORT,21,CLEAR,3,DARK - LIGHTED,50,DEER (ANIMAL),COCKRILL BEND BLVD & COCKRILL BEND CIR,NASHVILLE,TN,37209,4653,WEST,36.1782,-86.896,"(36.1782, -86.896)"
20180226583,3/11/2018 4:36,1,0,0,,N,161952,0,NOT COLLISION W/MOTOR VEHICLE-TRANSPORT,21,CLEAR,2,DARK - NOT LIGHTED,50,DEER (ANIMAL),ASHLAND CITY HWY & PECAN VALLEY RD,NASHVILLE,TN,37218,3327,NORTH,36.2051,-86.9472,"(36.2051, -86.9472)"
20180226598,3/11/2018 6:57,1,0,0,,N,179602,0,NOT COLLISION W/MOTOR VEHICLE-TRANSPORT,22,CLOUDY,4,DAWN,50,DEER (ANIMAL),OLD HICKORY BLVD & CLEECES FERRY RD,NASHVILLE,TN,37218,3235,NORTH,36.184,-86.9294,"(36.184, -86.9294)"
20180236079,3/14/2018 5:45,1,0,0,,N,226098,0,NOT COLLISION W/MOTOR VEHICLE-TRANSPORT,21,CLEAR,1,DAYLIGHT,50,DEER (ANIMAL),LICKTON PKE & OLD HICKORY BLVD,WHITES CREEK,TN,37189,3303,NORTH,36.3118,-86.7794,"(36.3118, -86.7794)"
20180239764,3/15/2018 5:50,1,0,0,,N,197437,0,NOT COLLISION W/MOTOR VEHICLE-TRANSPORT,21,CLEAR,2,DARK - NOT LIGHTED,50,DEER (ANIMAL),RIDGE RD & HIGDON RD,JOELTON,TN,37080,3321,NORTH,36.1565,-86.7372,"(36.1565, -86.7372)"
20180243353,3/16/2018 6:47,1,0,0,,N,226098,0,NOT COLLISION W/MOTOR VEHICLE-TRANSPORT,21,CLEAR,1,DAYLIGHT,50,DEER (ANIMAL),WHITES CREEK PKE & SEYMOUR HOLLOW RD,WHITES CREEK,TN,37189,3305,NORTH,36.2917,-86.8505,"(36.2917, -86.8505)"
20180246351,3/17/2018 2:51,1,0,0,,N,212334,0,NOT COLLISION W/MOTOR VEHICLE-TRANSPORT,21,CLEAR,3,DARK - LIGHTED,50,DEER (ANIMAL),ASHLAND CITY HWY & OLD HICKORY BLVD,NASHVILLE,TN,37218,3235,NORTH,36.2115,-86.921,"(36.2115, -86.921)"