Accident Number,Date and Time,Number of Motor Vehicles,Number of Injuries,Number of Fatalities,Property Damage,Hit and Run,Reporting Officer,Collision Type Code,Collision Type Description,Weather Code,Weather Description,Illumination Code,Illumination Description,Harmful Code,Harmful Code Description,Street Address,City,State,ZIP,RPA,Precinct,Latitude,Longitude,Mapped Location
20180859151,10/11/2018 2:50,1,0,0,,N,909497,0,NOT COLLISION W/MOTOR VEHICLE-TRANSPORT,21,CLEAR,2,DARK - NOT LIGHTED,50,DEER (ANIMAL),MM 221 7 I 40,HERMITAGE,TN,37076,95020,HERMIT,36.1697,-86.5855,"(36.1697, -86.5855)"
20180862235,10/12/2018 6:41,1,1,0,,N,224955,0,NOT COLLISION W/MOTOR VEHICLE-TRANSPORT,21,CLEAR,1,DAYLIGHT,50,DEER (ANIMAL),SPRINGFIELD HWY & GRACELAND DR,GOODLETTSVILLE,TN,37072,2201,MADISO,36.3678,-86.7373,"(36.3678, -86.7373)"
20180864197,10/13/2018 0:01,1,0,0,,N,212334,0,NOT COLLISION W/MOTOR VEHICLE-TRANSPORT,21,CLEAR,3,DARK - LIGHTED,50,DEER (ANIMAL),BUENA VISTA PKE & BEALS LN,NASHVILLE,TN,37218,3219,NORTH,36.2356,-86.8269,"(36.2356, -86.8269)"
20180877095,10/18/2018 0:00,1,0,0,,N,279221,0,NOT COLLISION W/MOTOR VEHICLE-TRANSPORT,21,CLEAR,2,DARK - NOT LIGHTED,50,DEER (ANIMAL),LICKTON PKE & LICKTON PKE PVTDR,WHITES CREEK,TN,37189,3301,NORTH,36.2923,-86.811,"(36.2923, -86.811)"
20180877634,10/18/2018 4:38,1,0,0,,N,879558,0,NOT COLLISION W/MOTOR VEHICLE-TRANSPORT,21,CLEAR,3,DARK - LIGHTED,50,DEER (ANIMAL),STEWARTS FERRY PKE & HICKORY PL,NASHVILLE,TN,37214,9407,HERMIT,36.1586,-86.6408,"(36.1586, -86.6408)"
20180879384,10/18/2018 16:58,1,0,0,,N,256424,0,NOT COLLISION W/MOTOR VEHICLE-TRANSPORT,21,CLEAR,1,DAYLIGHT,50,DEER (ANIMAL),BELL RD & SMITH SPRINGS RD,NASHVILLE,TN,37217,8987,HERMIT,36.0904,-86.6264,"(36.0904, -86.6264)"
20180880419,10/18/2018 23:59,1,0,0,,N,330413,0,NOT COLLISION W/MOTOR VEHICLE-TRANSPORT,21,CLEAR,3,DARK - LIGHTED,50,DEER (ANIMAL),HAMILTON CHURCH RD & HOBSON PKE,ANTIOCH,TN,37013,8905,SOUTH,36.0586,-86.5978,"(36.0586, -86.5978)"
20180881579,10/19/2018 9:30,1,0,0,,N,226136,0,NOT COLLISION W/MOTOR VEHICLE-TRANSPORT,21,CLEAR,1,DAYLIGHT,50,DEER (ANIMAL),FRANKLIN PKE & EVANSDALE DR,NASHVILLE,TN,37220,7101,MIDTOW,36.0673,-86.7742,"(36.0673, -86.7742)"
20180881642,10/19/2018 9:30,1,0,0,,N,226136,0,NOT COLLISION W/MOTOR VEHICLE-TRANSPORT,21,CLEAR,1,DAYLIGHT,50,DEER (ANIMAL),FRANKLIN PKE & EVANSDALE DR,NASHVILLE,TN,37220,7101,MIDTOW,36.0673,-86.7742,"(36.0673, -86.7742)"
20180881958,10/19/2018 12:20,1,0,0,,N,226622,0,NOT COLLISION W/MOTOR VEHICLE-TRANSPORT,21,CLEAR,1,DAYLIGHT,50,DEER (ANIMAL),HIGHWAY 100 & HARPETH TRACE DR,NASHVILLE,TN,37221,6211,WEST,36.0698,-86.8974,"(36.0698, -86.8974)"
20180882776,10/19/2018 17:56,1,0,0,,N,197070,0,NOT COLLISION W/MOTOR VEHICLE-TRANSPORT,21,CLEAR,7,Dark-Unknown Lighting,50,DEER (ANIMAL),HIGHWAY 12S & -UNKNOWN RAMP/ROAD -,NASHVILLE,TN,,,,36.2165,-86.991,"(36.2165, -86.991)"
20180882911,10/19/2018 19:00,1,0,0,,N,197070,0,NOT COLLISION W/MOTOR VEHICLE-TRANSPORT,21,CLEAR,7,Dark-Unknown Lighting,50,DEER (ANIMAL),CLARKSVILLE PKE & OLD CLARKSVILLE PKE,JOELTON,TN,37080,3317,NORTH,36.3191,-86.8922,"(36.3191, -86.8922)"
20180885390,10/20/2018 21:00,1,1,0,Y,N,279194,0,NOT COLLISION W/MOTOR VEHICLE-TRANSPORT,21,CLEAR,2,DARK - NOT LIGHTED,50,DEER (ANIMAL),OLD CLARKSVILLE PKE & CLARKSVILLE PKE,JOELTON,TN,37080,3317,NORTH,36.3229,-86.9105,"(36.3229, -86.9105)"
20180886406,10/21/2018 8:13,1,0,0,,N,161952,0,NOT COLLISION W/MOTOR VEHICLE-TRANSPORT,21,CLEAR,1,DAYLIGHT,50,DEER (ANIMAL),ASHLAND CITY HWY & OLD HYDES FERRY PKE,NASHVILLE,TN,37218,3341,NORTH,36.2072,-86.9369,"(36.2072, -86.9369)"
20180886426,10/21/2018 8:15,1,0,0,,N,405391,0,NOT COLLISION W/MOTOR VEHICLE-TRANSPORT,21,CLEAR,1,DAYLIGHT,50,DEER (ANIMAL),RIVER ROAD PKE & OLD RIVER RD,NASHVILLE,TN,37209,4707,WEST,36.1389,-86.9399,"(36.1389, -86.9399)"
20180887580,10/21/2018 21:08,1,0,0,,N,434039,0,NOT COLLISION W/MOTOR VEHICLE-TRANSPORT,21,CLEAR,2,DARK - NOT LIGHTED,50,DEER (ANIMAL),BURNETT RD & SWINGING BRIDGE RD,OLD HICKORY,TN,37138,9705,HERMIT,36.2769,-86.6692,"(36.2769, -86.6692)"
20180888588,10/22/2018 7:00,1,0,0,,N,226622,0,NOT COLLISION W/MOTOR VEHICLE-TRANSPORT,21,CLEAR,1,DAYLIGHT,50,DEER (ANIMAL),MM 196 8 I 40,NASHVILLE,TN,37221,4806,WEST,36.0848,-86.9489,"(36.0848, -86.9489)"
20180890862,10/22/2018 23:45,1,0,0,,N,284059,0,NOT COLLISION W/MOTOR VEHICLE-TRANSPORT,21,CLEAR,2,DARK - NOT LIGHTED,50,DEER (ANIMAL),ASHLAND CITY HWY & BULL RUN RD,NASHVILLE,TN,37218,3325,NORTH,36.2114,-86.9212,"(36.2114, -86.9212)"
20180891055,10/23/2018 0:50,1,0,0,,N,493301,0,NOT COLLISION W/MOTOR VEHICLE-TRANSPORT,21,CLEAR,2,DARK - NOT LIGHTED,50,DEER (ANIMAL),MM 193 0 I 40,NASHVILLE,TN,37221,4804,WEST,36.0771,-87.0122,"(36.0771, -87.0122)"
20180891804,10/23/2018 6:44,1,0,0,,N,226622,0,NOT COLLISION W/MOTOR VEHICLE-TRANSPORT,21,CLEAR,4,DAWN,50,DEER (ANIMAL),HIGHWAY 100 & OLD HARDING PKE,NASHVILLE,TN,37221,4807,WEST,36.0445,-86.956,"(36.0445, -86.956)"
20180896749,10/24/2018 20:24,1,0,0,,N,197070,0,NOT COLLISION W/MOTOR VEHICLE-TRANSPORT,21,CLEAR,2,DARK - NOT LIGHTED,50,DEER (ANIMAL),MM 36 7 I 24,WHITES CREEK,TN,37189,33180,NORTH,36.3184,-86.8397,"(36.3184, -86.8397)"
20180896777,10/24/2018 20:36,1,1,0,Y,N,151132,0,NOT COLLISION W/MOTOR VEHICLE-TRANSPORT,21,CLEAR,2,DARK - NOT LIGHTED,50,DEER (ANIMAL),SPRINGFIELD HWY & GRACELAND DR,GOODLETTSVILLE,TN,37072,2201,MADISO,36.3678,-86.7373,"(36.3678, -86.7373)"
20180897208,10/24/2018 21:27,1,0,0,,N,151125,0,NOT COLLISION W/MOTOR VEHICLE-TRANSPORT,21,CLEAR,2,DARK - NOT LIGHTED,50,DEER (ANIMAL),STATE RT 45 & BURWOOD AV,MADISON,TN,37115,1703,MADISO,36.2639,-86.7021,"(36.2639, -86.7021)"
20180901290,10/26/2018 9:03,1,0,0,,N,834798,0,NOT COLLISION W/MOTOR VEHICLE-TRANSPORT,2,RAIN,1,DAYLIGHT,50,DEER (ANIMAL),MM 77 0 I 65,NASHVILLE,TN,37220,86042,MIDTOW,36.0708,-86.7697,"(36.0708, -86.7697)"
20180902922,10/26/2018 20:32,1,0,0,,N,279210,0,NOT COLLISION W/MOTOR VEHICLE-TRANSPORT,21,CLEAR,2,DARK - NOT LIGHTED,50,DEER (ANIMAL),OLD HICKORY BLVD & THE RESERVE PVTDR,NASHVILLE,TN,37221,4815,WEST,36.0963,-86.9246,"(36.0963, -86.9246)"
20180904009,10/27/2018 9:50,1,0,0,,N,161952,0,NOT COLLISION W/MOTOR VEHICLE-TRANSPORT,2,RAIN,1,DAYLIGHT,50,DEER (ANIMAL),5033 OLD HICKORY BLVD,NASHVILLE,TN,37218,3327,NORTH,36.2092,-86.9223,"(36.2092, -86.9223)"
20180905776,10/28/2018 2:50,1,0,0,,N,909497,0,NOT COLLISION W/MOTOR VEHICLE-TRANSPORT,21,CLEAR,2,DARK - NOT LIGHTED,50,DEER (ANIMAL),MM 221 1 I 40,HERMITAGE,TN,37076,9504,HERMIT,36.17,-86.5958,"(36.17, -86.5958)"
20180906004,10/28/2018 6:40,1,0,0,,N,769379,0,NOT COLLISION W/MOTOR VEHICLE-TRANSPORT,21,CLEAR,4,DAWN,50,DEER (ANIMAL),MM 60 2 I 24,ANTIOCH,TN,37013,88060,SOUTH,36.038,-86.6467,"(36.038, -86.6467)"
20180906110,10/28/2018 8:02,1,0,0,,N,140790,0,NOT COLLISION W/MOTOR VEHICLE-TRANSPORT,21,CLEAR,1,DAYLIGHT,50,DEER (ANIMAL),BRILEY PKWYN & BRILEY PKWYW,NASHVILLE,TN,37214,92860,HERMIT,36.2318,-86.7003,"(36.2318, -86.7003)"
20180907234,10/28/2018 20:45,1,0,0,,N,909485,0,NOT COLLISION W/MOTOR VEHICLE-TRANSPORT,21,CLEAR,3,DARK - LIGHTED,50,DEER (ANIMAL),FRANKLIN PKE & MORRISWOOD DR,NASHVILLE,TN,37204,7013,MIDTOW,36.0954,-86.7717,"(36.0954, -86.7717)"
20180907509,10/28/2018 23:51,1,1,0,,N,146772,0,NOT COLLISION W/MOTOR VEHICLE-TRANSPORT,21,CLEAR,2,DARK - NOT LIGHTED,50,DEER (ANIMAL),MM 39 8 I 24,WHITES CREEK,TN,37189,3314,NORTH,36.2853,-86.8083,"(36.2853, -86.8083)"
20180907908,10/29/2018 3:04,1,0,0,,N,284059,0,NOT COLLISION W/MOTOR VEHICLE-TRANSPORT,21,CLEAR,3,DARK - LIGHTED,50,DEER (ANIMAL),ASHLAND CITY HWY & WWCR AV,NASHVILLE,TN,37218,3235,NORTH,36.2103,-86.8813,"(36.2103, -86.8813)"
20180908874,10/29/2018 12:13,1,0,0,,N,109534,0,NOT COLLISION W/MOTOR VEHICLE-TRANSPORT,21,CLEAR,1,DAYLIGHT,50,DEER (ANIMAL),BROWNWOOD DR & MCGAVOCK PKE,NASHVILLE,TN,37214,9315,HERMIT,36.2113,-86.6861,"(36.2113, -86.6861)"
20180909818,10/29/2018 18:34,1,0,0,,N,120548,0,NOT COLLISION W/MOTOR VEHICLE-TRANSPORT,21,CLEAR,2,DARK - NOT LIGHTED,50,DEER (ANIMAL),ASHLAND CITY HWY & LIBBLE RD,NASHVILLE,TN,37218,3325,NORTH,36.2163,-86.9622,"(36.2163, -86.9622)"
20180909901,10/29/2018 19:10,1,0,0,,N,197070,0,NOT COLLISION W/MOTOR VEHICLE-TRANSPORT,21,CLEAR,2,DARK - NOT LIGHTED,50,DEER (ANIMAL),GIFFORD PL & WHITES CREEK PKE,JOELTON,TN,37080,3311,NORTH,36.3211,-86.8674,"(36.3211, -86.8674)"
20180910195,10/29/2018 21:29,1,0,0,,N,197070,0,NOT COLLISION W/MOTOR VEHICLE-TRANSPORT,21,CLEAR,2,DARK - NOT LIGHTED,50,DEER (ANIMAL),BRILEY PKWYW & BRILEY PKWYE,NASHVILLE,TN,37218,3216,NORTH,36.2254,-86.8638,"(36.2254, -86.8638)"
20180913805,10/30/2018 22:00,1,0,0,,N,330413,0,NOT COLLISION W/MOTOR VEHICLE-TRANSPORT,21,CLEAR,2,DARK - NOT LIGHTED,50,DEER (ANIMAL),OLD FRANKLIN RD & CANE RIDGE RD,ANTIOCH,TN,37013,8763,SOUTH,36.0287,-86.6494,"(36.0287, -86.6494)"
20180914682,10/31/2018 6:06,1,0,0,,N,693102,0,NOT COLLISION W/MOTOR VEHICLE-TRANSPORT,22,CLOUDY,3,DARK - LIGHTED,50,DEER (ANIMAL),STATE HWY 155 & BRILEY PKWY,NASHVILLE,TN,37214,9294,HERMIT,36.204,-86.6894,"(36.204, -86.6894)"
20180916035,10/31/2018 14:30,1,0,0,,N,206675,0,NOT COLLISION W/MOTOR VEHICLE-TRANSPORT,21,CLEAR,1,DAYLIGHT,50,DEER (ANIMAL),OLD HICKORY BLVD & ARCARO PL,NASHVILLE,TN,37220,7111,MIDTOW,36.0397,-86.8148,"(36.0397, -86.8148)"
20180916417,10/31/2018 17:33,1,1,0,,N,197070,0,NOT COLLISION W/MOTOR VEHICLE-TRANSPORT,21,CLEAR,1,DAYLIGHT,50,DEER (ANIMAL),ASHLAND CITY HWY & WWCR AV,NASHVILLE,TN,37218,3235,NORTH,36.2103,-86.8813,"(36.2103, -86.8813)"
20180917288,10/31/2018 22:25,1,0,0,,N,279216,0,NOT COLLISION W/MOTOR VEHICLE-TRANSPORT,21,CLEAR,7,Dark-Unknown Lighting,50,DEER (ANIMAL),CHAMBLISS RD & CLARKSVILLE PKE,JOELTON,TN,37080,3329,NORTH,36.3182,-86.8886,"(36.3182, -86.8886)"
20180918231,11/1/2018 9:00,1,0,0,,N,235761,0,NOT COLLISION W/MOTOR VEHICLE-TRANSPORT,2,RAIN,1,DAYLIGHT,50,DEER (ANIMAL),COCKRILL BEND BLVD & TUFTING CT,NASHVILLE,TN,37209,4641,WEST,36.1717,-86.8867,"(36.1717, -86.8867)"
20180919633,11/1/2018 18:22,1,0,0,,N,197070,0,NOT COLLISION W/MOTOR VEHICLE-TRANSPORT,21,CLEAR,2,DARK - NOT LIGHTED,50,DEER (ANIMAL),CLARKSVILLE PKE & EATONS CREEK RD,JOELTON,TN,37080,3335,NORTH,36.292,-86.8839,"(36.292, -86.8839)"
20180920420,11/2/2018 0:50,1,0,0,,N,320581,0,NOT COLLISION W/MOTOR VEHICLE-TRANSPORT,2,RAIN,3,DARK - LIGHTED,50,DEER (ANIMAL),HOBSON PKE & GRANNY WRIGHT LN,HERMITAGE,TN,37076,8913,SOUTH,36.1081,-86.5496,"(36.1081, -86.5496)"
20180921070,11/2/2018 7:00,1,0,0,,N,226622,0,NOT COLLISION W/MOTOR VEHICLE-TRANSPORT,22,CLOUDY,4,DAWN,50,DEER (ANIMAL),CHARLOTTE PKE & BREWBOCK CT,NASHVILLE,TN,37221,4711,WEST,36.0952,-86.9717,"(36.0952, -86.9717)"
20180921161,11/2/2018 7:20,1,0,0,,N,109534,0,NOT COLLISION W/MOTOR VEHICLE-TRANSPORT,22,CLOUDY,1,DAYLIGHT,50,DEER (ANIMAL),COUNTY HOSPITAL RD & BRILEY PKWY S EXT R,NASHVILLE,TN,37218,3201,NORTH,36.1886,-86.8653,"(36.1886, -86.8653)"
20180922078,11/2/2018 12:38,2,0,0,,N,279194,0,NOT COLLISION W/MOTOR VEHICLE-TRANSPORT,21,CLEAR,1,DAYLIGHT,50,DEER (ANIMAL),WHITES CREEK PKE & JACKMAN RD,JOELTON,TN,37080,2311,NORTH,36.3575,-86.8826,"(36.3575, -86.8826)"
20180922553,11/2/2018 18:39,1,0,0,,N,151132,0,NOT COLLISION W/MOTOR VEHICLE-TRANSPORT,21,CLEAR,2,DARK - NOT LIGHTED,50,DEER (ANIMAL),S GRAYCROFT AV & CHADWELL DR,MADISON,TN,37115,1777,MADISO,36.2549,-86.7336,"(36.2549, -86.7336)"
20180923098,11/2/2018 22:35,1,1,0,,N,279212,0,NOT COLLISION W/MOTOR VEHICLE-TRANSPORT,21,CLEAR,3,DARK - LIGHTED,50,DEER (ANIMAL),7200 HIGHWAY 70S,NASHVILLE,TN,37221,4811,WEST,36.0739,-86.9266,"(36.0739, -86.9266)"
20180923768,11/3/2018 6:32,1,0,0,,N,224955,0,NOT COLLISION W/MOTOR VEHICLE-TRANSPORT,5,FOG,4,DAWN,50,DEER (ANIMAL),I65 N ENT RAMP & ELLINGTON PKWYS,MADISON,TN,37115,1876,MADISO,36.2393,-86.7412,"(36.2393, -86.7412)"
20180923871,11/3/2018 8:10,1,0,0,,N,320574,0,NOT COLLISION W/MOTOR VEHICLE-TRANSPORT,21,CLEAR,1,DAYLIGHT,50,DEER (ANIMAL),BELL RD & NED SHELTON RD,NASHVILLE,TN,37217,8987,HERMIT,36.1048,-86.6285,"(36.1048, -86.6285)"
20180923996,11/3/2018 9:40,1,1,0,,N,343522,0,NOT COLLISION W/MOTOR VEHICLE-TRANSPORT,21,CLEAR,1,DAYLIGHT,50,DEER (ANIMAL),OLD HICKORY BLVD & HIGHWAY 100,NASHVILLE,TN,37221,6211,WEST,36.0623,-86.9046,"(36.0623, -86.9046)"
20180924284,11/3/2018 13:35,1,0,0,,N,110083,0,NOT COLLISION W/MOTOR VEHICLE-TRANSPORT,21,CLEAR,1,DAYLIGHT,50,DEER (ANIMAL),W TRINITY LN & BUENA VISTA PKE,NASHVILLE,TN,37218,3101,NORTH,36.2025,-86.8205,"(36.2025, -86.8205)"
20180925089,11/3/2018 20:50,1,0,0,,N,330433,0,NOT COLLISION W/MOTOR VEHICLE-TRANSPORT,21,CLEAR,2,DARK - NOT LIGHTED,50,DEER (ANIMAL),MM 193 0 I 40,NASHVILLE,TN,37221,4804,WEST,36.0771,-87.0122,"(36.0771, -87.0122)"
20180925338,11/3/2018 21:55,1,0,0,,N,212347,0,NOT COLLISION W/MOTOR VEHICLE-TRANSPORT,21,CLEAR,3,DARK - LIGHTED,50,DEER (ANIMAL),HIGHWAY 70S & MONTVIEW PVTDR,NASHVILLE,TN,37221,4901,WEST,36.0797,-86.9037,"(36.0797, -86.9037)"
20180927189,11/4/2018 19:15,1,0,0,,N,306230,0,NOT COLLISION W/MOTOR VEHICLE-TRANSPORT,2,RAIN,3,DARK - LIGHTED,50,DEER (ANIMAL),CLARKSVILLE PKE & BOBEL LN,WHITES CREEK,TN,37189,3229,NORTH,36.2668,-86.8578,"(36.2668, -86.8578)"
20180927254,11/4/2018 19:58,1,0,0,,N,284059,0,NOT COLLISION W/MOTOR VEHICLE-TRANSPORT,21,CLEAR,3,DARK - LIGHTED,50,DEER (ANIMAL),WHITES CREEK PKE & BEAR HOLLOW RD,JOELTON,TN,37080,3307,NORTH,36.3025,-86.8579,"(36.3025, -86.8579)"
20180931373,11/6/2018 5:38,1,0,0,,N,110083,0,NOT COLLISION W/MOTOR VEHICLE-TRANSPORT,21,CLEAR,1,DAYLIGHT,50,DEER (ANIMAL),ASHLAND CITY HWY & OLD HYDES FERRY PKE,NASHVILLE,TN,37218,3341,NORTH,36.2072,-86.9369,"(36.2072, -86.9369)"
20180932982,11/6/2018 17:32,1,0,0,,N,256371,0,NOT COLLISION W/MOTOR VEHICLE-TRANSPORT,21,CLEAR,2,DARK - NOT LIGHTED,50,DEER (ANIMAL),SHUTE LN & SAUNDERSVILLE RD,OLD HICKORY,TN,37138,9717,HERMIT,36.2267,-86.6032,"(36.2267, -86.6032)"
20180933020,11/6/2018 17:39,1,0,0,,N,279124,0,NOT COLLISION W/MOTOR VEHICLE-TRANSPORT,21,CLEAR,2,DARK - NOT LIGHTED,50,DEER (ANIMAL),OLD FRANKLIN RD & DANA WAY,ANTIOCH,TN,37013,8867,SOUTH,36.0378,-86.6368,"(36.0378, -86.6368)"
20180932954,11/6/2018 18:11,1,0,0,,N,279124,0,NOT COLLISION W/MOTOR VEHICLE-TRANSPORT,21,CLEAR,2,DARK - NOT LIGHTED,50,DEER (ANIMAL),OLD HICKORY BLVD & OWEN DR,ANTIOCH,TN,37013,8869,SOUTH,36.0183,-86.6196,"(36.0183, -86.6196)"
20180933345,11/6/2018 20:30,1,0,0,,N,179606,0,NOT COLLISION W/MOTOR VEHICLE-TRANSPORT,21,CLEAR,3,DARK - LIGHTED,50,DEER (ANIMAL),HARDING PL & BELMONT PARK TER,NASHVILLE,TN,37215,6401,MIDTOW,36.0895,-86.8048,"(36.0895, -86.8048)"
20180933367,11/6/2018 21:00,1,0,0,,N,256569,0,NOT COLLISION W/MOTOR VEHICLE-TRANSPORT,21,CLEAR,3,DARK - LIGHTED,50,DEER (ANIMAL),LEBANON PKE & WELLINGTON SQ,NASHVILLE,TN,37214,9403,HERMIT,36.1766,-86.6455,"(36.1766, -86.6455)"
20180934426,11/7/2018 4:30,1,0,0,,N,279195,0,NOT COLLISION W/MOTOR VEHICLE-TRANSPORT,21,CLEAR,2,DARK - NOT LIGHTED,50,DEER (ANIMAL),1700 DODSON CHAPEL RD,HERMITAGE,TN,37076,9529,HERMIT,36.1669,-86.615,"(36.1669, -86.615)"
20180936061,11/7/2018 17:27,1,0,0,,N,429193,0,NOT COLLISION W/MOTOR VEHICLE-TRANSPORT,21,CLEAR,2,DARK - NOT LIGHTED,50,DEER (ANIMAL),HIGHWAY 70 & MCCRORY LN,PEGRAM,TN,37143,4715,WEST,36.0927,-87.0215,"(36.0927, -87.0215)"
20180936553,11/7/2018 20:43,1,0,0,,N,151132,0,NOT COLLISION W/MOTOR VEHICLE-TRANSPORT,21,CLEAR,2,DARK - NOT LIGHTED,50,DEER (ANIMAL),SPRINGFIELD HWY & BAKER STATION RD,GOODLETTSVILLE,TN,37072,2215,MADISO,36.3771,-86.7492,"(36.3771, -86.7492)"
20180939377,11/8/2018 17:30,1,0,0,,N,161948,0,NOT COLLISION W/MOTOR VEHICLE-TRANSPORT,21,CLEAR,3,DARK - LIGHTED,50,DEER (ANIMAL),LEBANON PKE & YMCA CNCTR,NASHVILLE,TN,37214,9403,HERMIT,36.1732,-86.6486,"(36.1732, -86.6486)"
20180939889,11/8/2018 19:00,1,0,0,,N,311333,0,NOT COLLISION W/MOTOR VEHICLE-TRANSPORT,22,CLOUDY,2,DARK - NOT LIGHTED,50,DEER (ANIMAL),HOBSON PKE & GRANNY WRIGHT LN,HERMITAGE,TN,37076,8913,SOUTH,36.1081,-86.5496,"(36.1081, -86.5496)"
20180939968,11/8/2018 21:27,1,0,0,,N,279123,0,NOT COLLISION W/MOTOR VEHICLE-TRANSPORT,21,CLEAR,3,DARK - LIGHTED,50,DEER (ANIMAL),ELM HILL PKE & ERMAC DR,NASHVILLE,TN,37214,9101,HERMIT,36.1534,-86.6867,"(36.1534, -86.6867)"
20180940674,11/9/2018 4:30,1,1,0,,N,279212,0,NOT COLLISION W/MOTOR VEHICLE-TRANSPORT,2,RAIN,2,DARK - NOT LIGHTED,50,DEER (ANIMAL),MM 196 0 I 40,NASHVILLE,TN,37221,4804,WEST,36.0788,-86.9613,"(36.0788, -86.9613)"
20180941098,11/9/2018 8:00,1,0,0,,N,224955,0,NOT COLLISION W/MOTOR VEHICLE-TRANSPORT,2,RAIN,1,DAYLIGHT,50,DEER (ANIMAL),ELLINGTON PKWYN & I65 N ENT RAMP,NASHVILLE,TN,37216,1882,EAST,36.2328,-86.7472,"(36.2328, -86.7472)"
20180941954,11/9/2018 14:30,1,0,0,Y,N,256427,0,NOT COLLISION W/MOTOR VEHICLE-TRANSPORT,22,CLOUDY,1,DAYLIGHT,50,DEER (ANIMAL),LEBANON PKE & QUINN CIR,NASHVILLE,TN,37210,9019,HERMIT,36.1602,-86.7029,"(36.1602, -86.7029)"
20180942464,11/9/2018 17:25,1,0,0,,N,414711,0,NOT COLLISION W/MOTOR VEHICLE-TRANSPORT,21,CLEAR,2,DARK - NOT LIGHTED,50,DEER (ANIMAL),CHICKERING LN & CHICKERING RD,NASHVILLE,TN,37215,6205,WEST,36.0751,-86.8644,"(36.0751, -86.8644)"
20180942630,11/9/2018 19:03,1,0,0,,N,197070,0,NOT COLLISION W/MOTOR VEHICLE-TRANSPORT,21,CLEAR,2,DARK - NOT LIGHTED,50,DEER (ANIMAL),CLARKSVILLE PKE & CLARKSVILLE PKE SB EXT,NASHVILLE,TN,37218,3219,NORTH,36.2312,-86.833,"(36.2312, -86.833)"
20180942928,11/9/2018 21:27,1,0,0,,N,256383,0,NOT COLLISION W/MOTOR VEHICLE-TRANSPORT,21,CLEAR,3,DARK - LIGHTED,50,DEER (ANIMAL),BELL RD & RICE RD,ANTIOCH,TN,37013,8865,SOUTH,36.0731,-86.6358,"(36.0731, -86.6358)"
20180946277,11/11/2018 8:27,1,0,0,,N,140790,0,NOT COLLISION W/MOTOR VEHICLE-TRANSPORT,21,CLEAR,1,DAYLIGHT,50,DEER (ANIMAL),SWINGING BRIDGE RD & HICKMAN ST,OLD HICKORY,TN,37138,9705,HERMIT,36.2798,-86.6727,"(36.2798, -86.6727)"
20180946340,11/11/2018 9:03,1,0,0,,N,179602,0,NOT COLLISION W/MOTOR VEHICLE-TRANSPORT,21,CLEAR,1,DAYLIGHT,50,DEER (ANIMAL),OLD HICKORY BLVD & LICKTON PKE,WHITES CREEK,TN,37189,3227,NORTH,36.2736,-86.8173,"(36.2736, -86.8173)"
20180946348,11/11/2018 9:10,1,0,0,,N,419952,0,NOT COLLISION W/MOTOR VEHICLE-TRANSPORT,21,CLEAR,1,DAYLIGHT,50,DEER (ANIMAL),MCCRORY LN & RUSSELL RD,NASHVILLE,TN,37221,4801,WEST,36.0544,-86.9885,"(36.0544, -86.9885)"
20180946678,11/11/2018 12:50,1,1,0,,N,405391,0,NOT COLLISION W/MOTOR VEHICLE-TRANSPORT,22,CLOUDY,1,DAYLIGHT,50,DEER (ANIMAL),MM 199 2 I 40,NASHVILLE,TN,37221,4706,WEST,36.1111,-86.9232,"(36.1111, -86.9232)"
20180948348,11/12/2018 6:15,1,0,0,,N,262757,0,NOT COLLISION W/MOTOR VEHICLE-TRANSPORT,2,RAIN,1,DAYLIGHT,50,DEER (ANIMAL),BELL RD & WOODLAND POINTE DR,NASHVILLE,TN,37214,8943,HERMIT,36.1227,-86.6305,"(36.1227, -86.6305)"
20180948558,11/12/2018 8:09,1,0,0,,N,212325,0,NOT COLLISION W/MOTOR VEHICLE-TRANSPORT,22,CLOUDY,1,DAYLIGHT,50,DEER (ANIMAL),BRILEY PKWYW & BRILEY PKWYE,NASHVILLE,TN,37218,3216,NORTH,36.2254,-86.8638,"(36.2254, -86.8638)"
20180951331,11/13/2018 6:00,1,0,0,,N,224955,0,NOT COLLISION W/MOTOR VEHICLE-TRANSPORT,22,CLOUDY,2,DARK - NOT LIGHTED,50,DEER (ANIMAL),SPRINGFIELD HWY & WILLIAMSON RD,GOODLETTSVILLE,TN,37072,2219,MADISO,36.3575,-86.7248,"(36.3575, -86.7248)"
20180951483,11/13/2018 8:22,1,0,0,,N,226622,0,NOT COLLISION W/MOTOR VEHICLE-TRANSPORT,22,CLOUDY,1,DAYLIGHT,50,DEER (ANIMAL),CHARLOTTE PKE & FORREST VALLEY DR,NASHVILLE,TN,37221,4711,WEST,36.1052,-86.9441,"(36.1052, -86.9441)"
20180951816,11/13/2018 11:33,1,0,0,,N,226622,0,NOT COLLISION W/MOTOR VEHICLE-TRANSPORT,22,CLOUDY,1,DAYLIGHT,50,DEER (ANIMAL),OLD HICKORY BLVD & AMBERWOOD CIR,NASHVILLE,TN,37205,4903,WEST,36.085,-86.9207,"(36.085, -86.9207)"