Accident Number,Date and Time,Number of Motor Vehicles,Number of Injuries,Number of Fatalities,Property Damage,Hit and Run,Reporting Officer,Collision Type Code,Collision Type Description,Weather Code,Weather Description,Illumination Code,Illumination Description,Harmful Code,Harmful Code Description,Street Address,City,State,ZIP,RPA,Precinct,Latitude,Longitude,Mapped Location
20190233883,3/26/2019 6:22,1,0,0,,N,212325,0,NOT COLLISION W/MOTOR VEHICLE-TRANSPORT,21,CLEAR,1,DAYLIGHT,50,DEER (ANIMAL),STATE RT 45 & ARCHWOOD DR,MADISON,TN,37115,1705,MADISO,36.2636,-86.686,"(36.2636, -86.686)"
20190239784,3/28/2019 7:13,1,0,0,,N,876581,0,NOT COLLISION W/MOTOR VEHICLE-TRANSPORT,21,CLEAR,1,DAYLIGHT,50,DEER (ANIMAL),DICKERSON PKES & OLD DICKERSON PKE,GOODLETTSVILLE,TN,37072,2111,MADISO,36.2892,-86.7417,"(36.2892, -86.7417)"
20190243651,3/29/2019 11:58,1,0,0,,N,330431,0,NOT COLLISION W/MOTOR VEHICLE-TRANSPORT,22,CLOUDY,1,DAYLIGHT,50,DEER (ANIMAL),HOBSON PKE & LAKEWALK DR,ANTIOCH,TN,37013,8905,SOUTH,36.0533,-86.5992,"(36.0533, -86.5992)"
20190245028,3/29/2019 20:56,1,0,0,,N,279216,0,NOT COLLISION W/MOTOR VEHICLE-TRANSPORT,21,CLEAR,2,DARK - NOT LIGHTED,50,DEER (ANIMAL),ASHLAND CITY HWY & BULL RUN RD,NASHVILLE,TN,37218,3325,NORTH,36.2114,-86.9212,"(36.2114, -86.9212)"
20190245524,3/30/2019 3:50,2,0,0,,N,240964,0,NOT COLLISION W/MOTOR VEHICLE-TRANSPORT,21,CLEAR,2,DARK - NOT LIGHTED,50,DEER (ANIMAL),LEBANON PKE & HIGHLAND VIEW DR,HERMITAGE,TN,37076,9535,HERMIT,36.2078,-86.6114,"(36.2078, -86.6114)"
20190253191,4/2/2019 6:45,1,0,0,,N,226622,0,NOT COLLISION W/MOTOR VEHICLE-TRANSPORT,21,CLEAR,1,DAYLIGHT,50,DEER (ANIMAL),HIGHWAY 70 & BEVERLY HILLS DR,NASHVILLE,TN,37221,4713,WEST,36.0965,-87.0345,"(36.0965, -87.0345)"
20190253603,4/2/2019 9:40,1,0,0,,N,226098,0,NOT COLLISION W/MOTOR VEHICLE-TRANSPORT,21,CLEAR,1,DAYLIGHT,50,DEER (ANIMAL),WHITES CREEK PKE & TRANHAM RD,WHITES CREEK,TN,37189,3303,NORTH,36.2852,-86.84,"(36.2852, -86.84)"
20190259118,4/4/2019 6:10,1,0,0,,N,879558,0,NOT COLLISION W/MOTOR VEHICLE-TRANSPORT,21,CLEAR,4,DAWN,50,DEER (ANIMAL),LEBANON PKE & DONELSONWOOD DR,NASHVILLE,TN,37214,9401,HERMIT,36.1675,-86.6595,"(36.1675, -86.6595)"
20190261981,4/5/2019 7:22,1,0,0,,N,140788,0,NOT COLLISION W/MOTOR VEHICLE-TRANSPORT,22,CLOUDY,4,DAWN,50,DEER (ANIMAL),BUENA VISTA PKE & EAST LN,NASHVILLE,TN,37218,3101,NORTH,36.2012,-86.8224,"(36.2012, -86.8224)"
20190261978,4/5/2019 7:24,1,1,0,,N,179602,0,NOT COLLISION W/MOTOR VEHICLE-TRANSPORT,2,RAIN,1,DAYLIGHT,50,DEER (ANIMAL),BUENA VISTA PKE & EAST LN,NASHVILLE,TN,37218,3101,NORTH,36.2012,-86.8224,"(36.2012, -86.8224)"
20190278096,4/11/2019 7:00,1,0,0,,N,226622,0,NOT COLLISION W/MOTOR VEHICLE-TRANSPORT,21,CLEAR,4,DAWN,50,DEER (ANIMAL),MCCRORY LN & BEAUTIFUL VALLEY DR,NASHVILLE,TN,37221,4713,WEST,36.0831,-87.024,"(36.0831, -87.024)"
20190300575,4/19/2019 0:58,1,0,0,,N,311336,0,NOT COLLISION W/MOTOR VEHICLE-TRANSPORT,2,RAIN,2,DARK - NOT LIGHTED,50,DEER (ANIMAL),ELLINGTON PKWYS & ELLINGTON PKWYN,NASHVILLE,TN,37207,1995,EAST,36.1758,-86.7666,"(36.1758, -86.7666)"
20190301984,4/19/2019 12:21,1,0,0,,N,320601,0,NOT COLLISION W/MOTOR VEHICLE-TRANSPORT,22,CLOUDY,1,DAYLIGHT,50,DEER (ANIMAL),HAMILTON CHURCH RD & S SHORE DR,ANTIOCH,TN,37013,8905,SOUTH,36.0554,-86.5841,"(36.0554, -86.5841)"
20190315561,4/24/2019 5:31,1,1,0,,N,179602,0,NOT COLLISION W/MOTOR VEHICLE-TRANSPORT,21,CLEAR,3,DARK - LIGHTED,50,DEER (ANIMAL),KNIGHT DR & BRICK CHURCH LN,WHITES CREEK,TN,37189,3225,NORTH,36.2446,-86.8017,"(36.2446, -86.8017)"
20190324365,4/27/2019 7:15,1,0,0,,N,279113,0,NOT COLLISION W/MOTOR VEHICLE-TRANSPORT,21,CLEAR,1,DAYLIGHT,50,DEER (ANIMAL),SMITH SPRINGS RD & REYNOLDS RD,NASHVILLE,TN,37217,8941,HERMIT,36.0968,-86.6533,"(36.0968, -86.6533)"
20190328383,4/29/2019 7:30,1,1,0,,N,262766,0,NOT COLLISION W/MOTOR VEHICLE-TRANSPORT,21,CLEAR,1,DAYLIGHT,50,DEER (ANIMAL),BELLEVUE VALLEY PLAZA PVTDR & HIGHWAY 70,NASHVILLE,TN,37221,4901,WEST,36.0746,-86.9195,"(36.0746, -86.9195)"
20190333459,4/29/2019 23:42,1,0,0,,N,330445,0,NOT COLLISION W/MOTOR VEHICLE-TRANSPORT,21,CLEAR,3,DARK - LIGHTED,50,DEER (ANIMAL),WOODMONT BLVD & WOODMONT BLVD EB ENT RAM,NASHVILLE,TN,37204,7011,MIDTOW,36.1103,-86.7739,"(36.1103, -86.7739)"
20190332035,4/30/2019 13:29,1,0,0,,N,279113,0,NOT COLLISION W/MOTOR VEHICLE-TRANSPORT,21,CLEAR,1,DAYLIGHT,50,DEER (ANIMAL),HARBOR LIGHTS DR & BELL RD,NASHVILLE,TN,37217,8935,HERMIT,36.0939,-86.6249,"(36.0939, -86.6249)"
20190342000,5/4/2019 0:18,1,0,0,,N,256377,0,NOT COLLISION W/MOTOR VEHICLE-TRANSPORT,21,CLEAR,3,DARK - LIGHTED,50,DEER (ANIMAL),2109 LEBANON PKE,NASHVILLE,TN,37210,9019,HERMIT,36.1613,-86.7017,"(36.1613, -86.7017)"
20190345718,5/5/2019 23:15,1,0,0,,N,279216,0,NOT COLLISION W/MOTOR VEHICLE-TRANSPORT,21,CLEAR,3,DARK - LIGHTED,50,DEER (ANIMAL),WHITES CREEK PKE & BRILEY PKWY E ENT RAM,NASHVILLE,TN,37207,3025,NORTH,36.2307,-86.813,"(36.2307, -86.813)"
20190350642,5/7/2019 13:22,1,0,0,,N,226622,0,NOT COLLISION W/MOTOR VEHICLE-TRANSPORT,21,CLEAR,1,DAYLIGHT,50,DEER (ANIMAL),HIGHWAY 100 & OLD HARDING PKE,NASHVILLE,TN,37221,4807,WEST,36.0445,-86.956,"(36.0445, -86.956)"
20190364136,5/12/2019 18:15,1,0,0,,N,824610,0,NOT COLLISION W/MOTOR VEHICLE-TRANSPORT,22,CLOUDY,1,DAYLIGHT,50,DEER (ANIMAL),OLD HICKORY BLVD & SOUTHFORK BLVD,OLD HICKORY,TN,37138,9617,HERMIT,36.2208,-86.6249,"(36.2208, -86.6249)"
20190365179,5/13/2019 6:39,1,0,0,,N,716886,0,NOT COLLISION W/MOTOR VEHICLE-TRANSPORT,21,CLEAR,1,DAYLIGHT,50,DEER (ANIMAL),MM 57 2 I 24,NASHVILLE,TN,37211,8706,SOUTH,36.0675,-86.6877,"(36.0675, -86.6877)"
20190365847,5/13/2019 12:10,2,1,0,,N,278580,0,NOT COLLISION W/MOTOR VEHICLE-TRANSPORT,21,CLEAR,1,DAYLIGHT,50,DEER (ANIMAL),MM 36 8 I 24,WHITES CREEK,TN,37189,2212,NORTH,36.319,-86.839,"(36.319, -86.839)"
20190369890,5/14/2019 20:32,1,0,0,,N,151132,0,NOT COLLISION W/MOTOR VEHICLE-TRANSPORT,21,CLEAR,2,DARK - NOT LIGHTED,50,DEER (ANIMAL),NEELYS BEND RD & JOE PYRON DR,MADISON,TN,37115,1615,MADISO,36.2384,-86.6713,"(36.2384, -86.6713)"
20190380653,5/18/2019 12:53,1,0,0,,N,462474,0,NOT COLLISION W/MOTOR VEHICLE-TRANSPORT,21,CLEAR,1,DAYLIGHT,50,DEER (ANIMAL),MM 77 6 I 65,NASHVILLE,TN,37220,86042,MIDTOW,36.0799,-86.7644,"(36.0799, -86.7644)"
20190382975,5/19/2019 15:32,1,1,0,,N,330412,0,NOT COLLISION W/MOTOR VEHICLE-TRANSPORT,2,RAIN,1,DAYLIGHT,50,DEER (ANIMAL),MYATT DR & EDENWOLD RD,MADISON,TN,37115,1721,MADISO,36.2917,-86.6943,"(36.2917, -86.6943)"
20190383532,5/19/2019 21:19,1,0,0,,N,415780,0,NOT COLLISION W/MOTOR VEHICLE-TRANSPORT,21,CLEAR,3,DARK - LIGHTED,50,DEER (ANIMAL),SWISS AV & SWISS RIDGE APTS PVTDR,NASHVILLE,TN,37211,8651,MIDTOW,36.042,-86.7176,"(36.042, -86.7176)"
20190388931,5/21/2019 18:44,1,1,0,,N,151132,0,NOT COLLISION W/MOTOR VEHICLE-TRANSPORT,21,CLEAR,1,DAYLIGHT,50,DEER (ANIMAL),MM 41 4 I 24,WHITES CREEK,TN,37189,20161,MADISO,36.2659,-86.7912,"(36.2659, -86.7912)"
20190398203,5/24/2019 18:00,1,0,0,,N,306708,0,NOT COLLISION W/MOTOR VEHICLE-TRANSPORT,21,CLEAR,1,DAYLIGHT,50,DEER (ANIMAL),MYATT DR & MADISON INDUSTRIAL RD,MADISON,TN,37115,1715,MADISO,36.2781,-86.6904,"(36.2781, -86.6904)"
20190398693,5/24/2019 21:41,1,0,0,,N,151132,0,NOT COLLISION W/MOTOR VEHICLE-TRANSPORT,22,CLOUDY,2,DARK - NOT LIGHTED,50,DEER (ANIMAL),I24 W ENT RAMP & I 65,NASHVILLE,TN,37207,18041,EAST,36.2216,-86.7738,"(36.2216, -86.7738)"
20190406296,5/28/2019 5:55,1,0,0,,N,279198,0,NOT COLLISION W/MOTOR VEHICLE-TRANSPORT,21,CLEAR,1,DAYLIGHT,50,DEER (ANIMAL),GALLATIN PKE & MCALPINE AV,NASHVILLE,TN,37216,1425,EAST,36.221,-86.7267,"(36.221, -86.7267)"
20190414456,5/30/2019 22:30,1,0,0,,N,311333,0,NOT COLLISION W/MOTOR VEHICLE-TRANSPORT,22,CLOUDY,2,DARK - NOT LIGHTED,50,DEER (ANIMAL),NOLENSVILLE PKE & LORDS CHAPEL DR,ANTIOCH,TN,37013,8759,SOUTH,36.0268,-86.7129,"(36.0268, -86.7129)"
20190416543,5/31/2019 15:44,1,0,0,,N,151132,0,NOT COLLISION W/MOTOR VEHICLE-TRANSPORT,22,CLOUDY,1,DAYLIGHT,50,DEER (ANIMAL),GALLATIN PKEN & EDENWOLD RD,MADISON,TN,37115,1721,MADISO,36.2885,-86.7047,"(36.2885, -86.7047)"
20190417423,6/1/2019 0:00,1,0,0,,N,320591,0,NOT COLLISION W/MOTOR VEHICLE-TRANSPORT,21,CLEAR,2,DARK - NOT LIGHTED,50,DEER (ANIMAL),PRESTON RD & OLD FRANKLIN RD,ANTIOCH,TN,37013,8753,SOUTH,36.0335,-86.6612,"(36.0335, -86.6612)"
20190420142,6/2/2019 7:29,1,0,0,,N,419952,0,NOT COLLISION W/MOTOR VEHICLE-TRANSPORT,21,CLEAR,1,DAYLIGHT,50,DEER (ANIMAL),HIGHWAY 70S & MONTVIEW PVTDR,NASHVILLE,TN,37221,4901,WEST,36.0797,-86.9037,"(36.0797, -86.9037)"
20190422117,6/3/2019 6:55,1,0,0,,N,665896,0,NOT COLLISION W/MOTOR VEHICLE-TRANSPORT,21,CLEAR,1,DAYLIGHT,50,DEER (ANIMAL),HART LN & BEN ALLEN RD,NASHVILLE,TN,37216,1821,EAST,36.2175,-86.7435,"(36.2175, -86.7435)"
20190423935,6/3/2019 21:53,1,0,0,,N,256380,0,NOT COLLISION W/MOTOR VEHICLE-TRANSPORT,21,CLEAR,2,DARK - NOT LIGHTED,50,DEER (ANIMAL),COUNTY HOSPITAL RD & -UNKNOWN RAMP/ROAD,NASHVILLE,TN,37218,3133,NORTH,36.1872,-86.8612,"(36.1872, -86.8612)"
20190427684,6/5/2019 4:35,1,0,0,,N,320600,0,NOT COLLISION W/MOTOR VEHICLE-TRANSPORT,21,CLEAR,2,DARK - NOT LIGHTED,50,DEER (ANIMAL),MM 34 2 I 24,JOELTON,TN,37080,33160,NORTH,36.3259,-86.8824,"(36.3259, -86.8824)"
20190427806,6/5/2019 4:40,1,0,0,,N,824608,0,NOT COLLISION W/MOTOR VEHICLE-TRANSPORT,22,CLOUDY,2,DARK - NOT LIGHTED,50,DEER (ANIMAL),HOBSON PKE & WALKER RD,HERMITAGE,TN,37076,8909,SOUTH,36.0882,-86.5623,"(36.0882, -86.5623)"
20190430660,6/6/2019 5:25,1,0,0,,N,156308,0,NOT COLLISION W/MOTOR VEHICLE-TRANSPORT,21,CLEAR,4,DAWN,50,DEER (ANIMAL),ASHLAND CITY HWY & WWCR AV,NASHVILLE,TN,37218,3235,NORTH,36.2103,-86.8813,"(36.2103, -86.8813)"
20190434556,6/7/2019 15:36,1,0,0,,N,887598,0,NOT COLLISION W/MOTOR VEHICLE-TRANSPORT,22,CLOUDY,1,DAYLIGHT,50,DEER (ANIMAL),MM 35 4 I 24,WHITES CREEK,TN,37189,2212,NORTH,36.3227,-86.8596,"(36.3227, -86.8596)"
20190438091,6/9/2019 4:00,1,0,0,,N,405424,0,NOT COLLISION W/MOTOR VEHICLE-TRANSPORT,22,CLOUDY,2,DARK - NOT LIGHTED,50,DEER (ANIMAL),COUCHVILLE PKE & REYNOLDS RD,NASHVILLE,TN,37217,8947,HERMIT,36.1157,-86.6501,"(36.1157, -86.6501)"
20190442126,6/10/2019 20:48,1,0,0,,N,151132,0,NOT COLLISION W/MOTOR VEHICLE-TRANSPORT,21,CLEAR,2,DARK - NOT LIGHTED,50,DEER (ANIMAL),BRICK CHURCH PKE & BELL GRIMES LN,NASHVILLE,TN,37207,2025,MADISO,36.2721,-86.7754,"(36.2721, -86.7754)"
20190447821,6/12/2019 20:14,1,0,0,,N,256386,0,NOT COLLISION W/MOTOR VEHICLE-TRANSPORT,21,CLEAR,3,DARK - LIGHTED,50,DEER (ANIMAL),US HWY 41 & HARDING PL,NASHVILLE,TN,37217,8849,SOUTH,36.1005,-86.6624,"(36.1005, -86.6624)"
20190449634,6/13/2019 11:33,1,0,0,,N,267831,0,NOT COLLISION W/MOTOR VEHICLE-TRANSPORT,21,CLEAR,1,DAYLIGHT,50,DEER (ANIMAL),HILLSBORO PKE & STANFORD DR,NASHVILLE,TN,37215,6203,WEST,36.0823,-86.8341,"(36.0823, -86.8341)"
20190453729,6/14/2019 20:30,1,1,0,,N,256414,0,NOT COLLISION W/MOTOR VEHICLE-TRANSPORT,21,CLEAR,2,DARK - NOT LIGHTED,50,DEER (ANIMAL),OLD HICKORY BLVD & PETTUS RD,ANTIOCH,TN,37013,8767,SOUTH,36.0109,-86.6654,"(36.0109, -86.6654)"
20190456967,6/16/2019 9:30,1,0,0,,N,161952,0,NOT COLLISION W/MOTOR VEHICLE-TRANSPORT,21,CLEAR,1,DAYLIGHT,50,DEER (ANIMAL),4111 LITTLE MARROWBONE RD,JOELTON,TN,37080,3319,NORTH,36.2737,-86.9059,"(36.2737, -86.9059)"
20190467562,6/20/2019 9:01,2,0,0,,N,834798,0,NOT COLLISION W/MOTOR VEHICLE-TRANSPORT,2,RAIN,1,DAYLIGHT,50,DEER (ANIMAL),HILLSBORO PKE & KINGSBURY DR,NASHVILLE,TN,37215,6205,WEST,36.064,-86.8478,"(36.064, -86.8478)"
20190470735,6/21/2019 9:30,1,0,0,,N,676834,0,NOT COLLISION W/MOTOR VEHICLE-TRANSPORT,21,CLEAR,1,DAYLIGHT,50,DEER (ANIMAL),CLARKSVILLE PKE & ST LAWRENCE DR,JOELTON,TN,37080,3245,NORTH,36.2874,-86.8793,"(36.2874, -86.8793)"
20190486000,6/27/2019 12:55,1,0,0,,N,716886,0,NOT COLLISION W/MOTOR VEHICLE-TRANSPORT,21,CLEAR,1,DAYLIGHT,50,DEER (ANIMAL),NOLENSVILLE RD & BURKITT RD,NOLENSVILLE,TN,37135,8773,SOUTH,35.9912,-86.6835,"(35.9912, -86.6835)"
20190487108,6/27/2019 22:49,1,0,0,,N,879558,0,NOT COLLISION W/MOTOR VEHICLE-TRANSPORT,2,RAIN,3,DARK - LIGHTED,50,DEER (ANIMAL),MCGAVOCK PKE & FAIRBROOK DR,NASHVILLE,TN,37214,9211,HERMIT,36.209,-86.6846,"(36.209, -86.6846)"
20190524149,7/13/2019 5:15,1,0,0,,N,166477,0,NOT COLLISION W/MOTOR VEHICLE-TRANSPORT,21,CLEAR,1,DAYLIGHT,50,DEER (ANIMAL),NOLENSVILLE PKE & CULBERTSON RD,ANTIOCH,TN,37013,8767,SOUTH,36.0072,-86.7007,"(36.0072, -86.7007)"
20190528554,7/15/2019 8:25,1,0,0,,N,343522,0,NOT COLLISION W/MOTOR VEHICLE-TRANSPORT,22,CLOUDY,1,DAYLIGHT,50,DEER (ANIMAL),MM 192 1 I 40,NASHVILLE,TN,37221,4802,WEST,36.0768,-87.0278,"(36.0768, -87.0278)"
20190532522,7/16/2019 20:31,1,2,0,,N,256380,0,NOT COLLISION W/MOTOR VEHICLE-TRANSPORT,21,CLEAR,3,DARK - LIGHTED,50,DEER (ANIMAL),ASHLAND CITY HWY & AMY LYNN DR,NASHVILLE,TN,37218,3235,NORTH,36.2103,-86.8776,"(36.2103, -86.8776)"
20190538212,7/18/2019 20:57,1,0,0,,N,151132,0,NOT COLLISION W/MOTOR VEHICLE-TRANSPORT,21,CLEAR,2,DARK - NOT LIGHTED,50,DEER (ANIMAL),SPRINGFIELD HWY & BAKER STATION RD,GOODLETTSVILLE,TN,37072,2215,MADISO,36.3771,-86.7492,"(36.3771, -86.7492)"
20190551324,7/24/2019 4:30,1,0,0,Y,N,212334,0,NOT COLLISION W/MOTOR VEHICLE-TRANSPORT,21,CLEAR,3,DARK - LIGHTED,50,DEER (ANIMAL),WHITES CREEK PKE & LAWS RD,WHITES CREEK,TN,37189,3305,NORTH,36.2876,-86.8432,"(36.2876, -86.8432)"
20190551390,7/24/2019 5:03,1,0,0,,N,279221,0,NOT COLLISION W/MOTOR VEHICLE-TRANSPORT,21,CLEAR,1,DAYLIGHT,50,DEER (ANIMAL),SPRINGFIELD HWY & WILLIAMSON RD,GOODLETTSVILLE,TN,37072,2221,MADISO,36.3572,-86.7247,"(36.3572, -86.7247)"
20190553447,7/24/2019 21:00,1,0,0,,N,206675,0,NOT COLLISION W/MOTOR VEHICLE-TRANSPORT,21,CLEAR,2,DARK - NOT LIGHTED,50,DEER (ANIMAL),FRANKLIN PKE & BRENTVIEW DR,NASHVILLE,TN,37220,7109,MIDTOW,36.0694,-86.7742,"(36.0694, -86.7742)"
20190559281,7/27/2019 3:50,1,0,0,,N,330422,0,NOT COLLISION W/MOTOR VEHICLE-TRANSPORT,21,CLEAR,2,DARK - NOT LIGHTED,50,DEER (ANIMAL),ASHLAND CITY HWY & OLD HYDES FERRY PKE,NASHVILLE,TN,37218,3341,NORTH,36.2072,-86.9369,"(36.2072, -86.9369)"
20190572556,8/1/2019 17:07,1,0,0,,N,267831,0,NOT COLLISION W/MOTOR VEHICLE-TRANSPORT,21,CLEAR,1,DAYLIGHT,50,DEER (ANIMAL),KNOB RD & KENDALL DR,NASHVILLE,TN,37209,5105,WEST,36.139,-86.8535,"(36.139, -86.8535)"
20190589118,8/8/2019 4:30,1,0,0,,N,330414,0,NOT COLLISION W/MOTOR VEHICLE-TRANSPORT,21,CLEAR,2,DARK - NOT LIGHTED,50,DEER (ANIMAL),OLD SPRINGFIELD PIKE & LICKTON PIKE,GOODLETTSVILLE,TN,37072,2221,MADISO,36.3464,-86.7256,"(36.3464, -86.7256)"
20190594839,8/9/2019 23:45,1,0,0,,N,330414,0,NOT COLLISION W/MOTOR VEHICLE-TRANSPORT,21,CLEAR,3,DARK - LIGHTED,50,DEER (ANIMAL),STATE HWY 45 & -UNKNOWN RAMP/ROAD -,MADISON,TN,37115,2101,MADISO,36.2655,-86.7398,"(36.2655, -86.7398)"
20190621183,8/20/2019 9:45,1,0,0,,N,405391,0,NOT COLLISION W/MOTOR VEHICLE-TRANSPORT,21,CLEAR,1,DAYLIGHT,50,DEER (ANIMAL),HARDING PKE & HILLWOOD BLVD,NASHVILLE,TN,37205,5015,WEST,36.1226,-86.8509,"(36.1226, -86.8509)"
20190634319,8/25/2019 2:59,1,0,0,,N,298866,0,NOT COLLISION W/MOTOR VEHICLE-TRANSPORT,21,CLEAR,2,DARK - NOT LIGHTED,50,DEER (ANIMAL),COCKRILL BEND BLVD & COCKRILL BEND CIR,NASHVILLE,TN,37209,4653,WEST,36.1782,-86.896,"(36.1782, -86.896)"
20190644024,8/29/2019 0:00,1,0,0,,N,352170,0,NOT COLLISION W/MOTOR VEHICLE-TRANSPORT,21,CLEAR,2,DARK - NOT LIGHTED,50,DEER (ANIMAL),HOBSON & WINDCREST,ANTIOCH,TN,37013,8977,SOUTH,36.061,-86.5951,"(36.061, -86.5951)"
20190658639,9/4/2019 3:10,1,0,0,,N,197075,0,NOT COLLISION W/MOTOR VEHICLE-TRANSPORT,21,CLEAR,3,DARK - LIGHTED,50,DEER (ANIMAL),DICKERSON PKES & ROBERT CARTWRIGHT DR,GOODLETTSVILLE,TN,37072,2113,MADISO,36.2958,-86.7267,"(36.2958, -86.7267)"
20130978259,,,,,N,N,,,,,,,,50,DEER (ANIMAL),CANE RIDGE RD & OLD FRANKLIN RD,ANTIOCH,,37013,,SOUTH,36.0288,-86.6488,"(36.0288, -86.6488)"
20170448281,5/21/2017 13:05,1,1,0,,N,802993,0,NOT COLLISION W/MOTOR VEHICLE-TRANSPORT,21,CLEAR,1,DAYLIGHT,50;71,DEER (ANIMAL);EMBANKMENT EARTH,BLUE HOLE RD & CRYSTAL BROOK DR,ANTIOCH,TN,37013,8753,SOUTH,36.0389,-86.6774,"(36.0389, -86.6774)"
20151151309,12/17/2015 14:55,1,0,0,,N,716886,0,NOT COLLISION W/MOTOR VEHICLE-TRANSPORT,21,CLEAR,1,DAYLIGHT,50;72,DEER (ANIMAL);EMBANKMENT ROCK/STONE/CONCRETE,HICKORY HOLLOW PKWY & MT VIEW RD,ANTIOCH,TN,37013,8861,SOUTH,36.0588,-86.6704,"(36.0588, -86.6704)"
20160027504,1/9/2016 3:20,1,0,0,,N,468062,0,NOT COLLISION W/MOTOR VEHICLE-TRANSPORT,21,CLEAR,2,DARK - NOT LIGHTED,50;72,DEER (ANIMAL);EMBANKMENT ROCK/STONE/CONCRETE,I24 E EXT RAMP & I 24,NASHVILLE,TN,37207,30080,NORTH,36.2378,-86.7872,"(36.2378, -86.7872)"
20170204880,3/4/2017 23:45,1,1,0,,N,151122,0,NOT COLLISION W/MOTOR VEHICLE-TRANSPORT,21,CLEAR,3,DARK - LIGHTED,50;72,DEER (ANIMAL);EMBANKMENT ROCK/STONE/CONCRETE,HICKORY HOLLOW PKWY & MT VIEW RD,ANTIOCH,TN,37013,8859,SOUTH,36.0588,-86.6703,"(36.0588, -86.6703)"
20180730731,8/26/2018 4:00,1,1,0,Y,N,212347,0,NOT COLLISION W/MOTOR VEHICLE-TRANSPORT,21,CLEAR,3,DARK - LIGHTED,50;72,DEER (ANIMAL);EMBANKMENT ROCK/STONE/CONCRETE,BROOK HOLLOW RD & BRESSLYN RD,NASHVILLE,TN,37205,4907,WEST,36.1074,-86.8858,"(36.1074, -86.8858)"
20181020462,12/8/2018 23:48,1,0,0,,N,212347,0,NOT COLLISION W/MOTOR VEHICLE-TRANSPORT,2,RAIN,3,DARK - LIGHTED,50;64,DEER (ANIMAL);Ran Off Road-Left,DAVIDSON DR & DOWNEY DR,NASHVILLE,TN,37205,5005,WEST,36.1257,-86.9027,"(36.1257, -86.9027)"
20160963704,10/29/2016 4:05,1,1,0,,N,212310,0,NOT COLLISION W/MOTOR VEHICLE-TRANSPORT,21,CLEAR,3,DARK - LIGHTED,50;64;71,DEER (ANIMAL);Ran Off Road-Left;EMBANKMENT EARTH,MM 44 3 I 24,NASHVILLE,TN,37207,32242,NORTH,36.229,-86.7805,"(36.229, -86.7805)"
20150745778,8/9/2015 2:25,2,1,0,,N,146775,0,NOT COLLISION W/MOTOR VEHICLE-TRANSPORT,21,CLEAR,2,DARK - NOT LIGHTED,1;50;63,DEER (ANIMAL);Ran Off Road-Right,MM 196 8 I 40,NASHVILLE,TN,37221,4806,WEST,36.0848,-86.9489,"(36.0848, -86.9489)"
20160121288,2/5/2016 5:23,1,0,0,,N,169421,0,NOT COLLISION W/MOTOR VEHICLE-TRANSPORT,21,CLEAR,2,DARK - NOT LIGHTED,50;63,DEER (ANIMAL);Ran Off Road-Right,WHITES CREEK PKE & TRANHAM RD,WHITES CREEK,TN,37189,3305,NORTH,36.1664,-86.8056,"(36.1664, -86.8056)"
20190364181,5/12/2019 19:00,1,1,0,,N,330425,0,NOT COLLISION W/MOTOR VEHICLE-TRANSPORT,22,CLOUDY,5,DUSK,50;63,DEER (ANIMAL);Ran Off Road-Right,CUNNIFF PKWY & DICKERSON PKES,MADISON,TN,37115,2101,MADISO,36.2843,-86.7464,"(36.2843, -86.7464)"
20150966618,10/18/2015 20:50,1,2,0,,N,596389,0,NOT COLLISION W/MOTOR VEHICLE-TRANSPORT,21,CLEAR,2,DARK - NOT LIGHTED,34;50,DITCH;DEER (ANIMAL),HIGHWAY 100 & HIGHWAY 96,NASHVILLE,TN,37221,4805,WEST,36.0128,-87.0451,"(36.0128, -87.0451)"
20151029254,11/8/2015 14:30,1,0,0,,N,179606,0,NOT COLLISION W/MOTOR VEHICLE-TRANSPORT,21,CLEAR,1,DAYLIGHT,34;50,DITCH;DEER (ANIMAL),RIVER ROAD PKE & OLD RIVER RD,NASHVILLE,TN,37209,4707,WEST,36.1389,-86.9399,"(36.1389, -86.9399)"
20161146045,12/29/2016 5:25,1,0,0,,N,212317,0,NOT COLLISION W/MOTOR VEHICLE-TRANSPORT,21,CLEAR,3,DARK - LIGHTED,34;50,DITCH;DEER (ANIMAL),BELL RD & ALTA LAKE GRNWY,HERMITAGE,TN,37076,9501,HERMIT,36.1658,-86.6088,"(36.1658, -86.6088)"
20170788862,9/5/2017 19:59,1,1,0,,N,429193,0,NOT COLLISION W/MOTOR VEHICLE-TRANSPORT,21,CLEAR,2,DARK - NOT LIGHTED,34;50,DITCH;DEER (ANIMAL),RIVER ROAD PKE & INDIAN CREEK RD,NASHVILLE,TN,37209,4707,WEST,36.1387,-86.9512,"(36.1387, -86.9512)"
20180483448,6/3/2018 4:01,1,1,0,Y,N,197437,0,NOT COLLISION W/MOTOR VEHICLE-TRANSPORT,21,CLEAR,3,DARK - LIGHTED,34;50,DITCH;DEER (ANIMAL),CLARKSVILLE PKE & DRY FORK RD,NASHVILLE,TN,37218,3231,NORTH,36.276,-86.868,"(36.276, -86.868)"