Accident Number,Date and Time,Number of Motor Vehicles,Number of Injuries,Number of Fatalities,Property Damage,Hit and Run,Reporting Officer,Collision Type Code,Collision Type Description,Weather Code,Weather Description,Illumination Code,Illumination Description,Harmful Code,Harmful Code Description,Street Address,City,State,ZIP,RPA,Precinct,Latitude,Longitude,Mapped Location
20180957680,11/15/2018 5:48,1,1,0,,N,256377,0,NOT COLLISION W/MOTOR VEHICLE-TRANSPORT,21,CLEAR,2,DARK - NOT LIGHTED,34;50,DITCH;DEER (ANIMAL),BELL RD & NED SHELTON RD,NASHVILLE,TN,37217,8987,HERMIT,36.1048,-86.6285,"(36.1048, -86.6285)"
20190443450,6/11/2019 0:00,1,0,0,,N,109534,0,NOT COLLISION W/MOTOR VEHICLE-TRANSPORT,21,CLEAR,1,DAYLIGHT,34;50,DITCH;DEER (ANIMAL),TULIP GROVE RD & STROMBURY DR,HERMITAGE,TN,37076,9513,HERMIT,36.1876,-86.5934,"(36.1876, -86.5934)"
20190508223,7/6/2019 0:00,1,0,0,,N,299269,0,NOT COLLISION W/MOTOR VEHICLE-TRANSPORT,22,CLOUDY,4,DAWN,34;50,DITCH;DEER (ANIMAL),WHITES CREEK PKE & BEAR HOLLOW RD,JOELTON,TN,37080,3307,NORTH,36.3025,-86.8579,"(36.3025, -86.8579)"
20150790761,8/22/2015 23:04,1,1,0,,N,226827,0,NOT COLLISION W/MOTOR VEHICLE-TRANSPORT,21,CLEAR,2,DARK - NOT LIGHTED,34;50;55;64,DITCH;DEER (ANIMAL);Motor Vehicle-In-Motion Outside Trafficw;Ran Off Road-Left,POPLAR CREEK RD & TAYLOR LN PVTDR,NASHVILLE,TN,37221,4803,WEST,36.0541,-87.0047,"(36.0541, -87.0047)"
20170332803,4/15/2017 2:52,1,1,0,,N,206963,0,NOT COLLISION W/MOTOR VEHICLE-TRANSPORT,21,CLEAR,2,DARK - NOT LIGHTED,34;50;64,DITCH;DEER (ANIMAL);Ran Off Road-Left,HIGHWAY 100 & OLD HARDING LN,NASHVILLE,TN,37221,4805,WEST,36.0271,-87.0126,"(36.0271, -87.0126)"
20150962159,10/16/2015 22:35,1,0,0,,N,807927,0,NOT COLLISION W/MOTOR VEHICLE-TRANSPORT,21,CLEAR,2,DARK - NOT LIGHTED,34;50;63,DITCH;DEER (ANIMAL);Ran Off Road-Right,CLARKSVILLE PKE & DOUGLAS RD,JOELTON,TN,37080,3317,NORTH,36.3219,-86.9062,"(36.3219, -86.9062)"
20151187828,12/31/2015 2:00,1,1,0,,N,226576,0,NOT COLLISION W/MOTOR VEHICLE-TRANSPORT,22,CLOUDY,7,Dark-Unknown Lighting,34;50;63,DITCH;DEER (ANIMAL);Ran Off Road-Right,7900 WHITES CREEK PKE,JOELTON,TN,37080,2305,NORTH,36.3524,-86.8799,"(36.3524, -86.8799)"
20140963257,10/17/2014 22:54,1,0,0,,N,834804,0,NOT COLLISION W/MOTOR VEHICLE-TRANSPORT,21,CLEAR,2,DARK - NOT LIGHTED,34;50;63;68,DITCH;DEER (ANIMAL);Ran Off Road-Right;Cross Center Line,US HWY 431 & OLD HICKORY BLVD,WHITES CREEK,TN,37189,3303,NORTH,36.2739,-86.8325,"(36.2739, -86.8325)"
20190018286,1/8/2019 0:00,1,0,0,Y,Y,330415,0,NOT COLLISION W/MOTOR VEHICLE-TRANSPORT,99,UNKNOWN,2,DARK - NOT LIGHTED,34;40;50;63,DITCH;MAIL BOX;DEER (ANIMAL);Ran Off Road-Right,JOHN HAGAR RD & WINDCHASE RUN,HERMITAGE,TN,37076,9515,HERMIT,36.1578,-86.5821,"(36.1578, -86.5821)"
20150043626,1/13/2015 21:10,1,1,0,Y,N,110083,0,NOT COLLISION W/MOTOR VEHICLE-TRANSPORT,22,CLOUDY,2,DARK - NOT LIGHTED,34;43;50;63,DITCH;OTHER FIXED OBJECTS;DEER (ANIMAL);Ran Off Road-Right,US HWY 431 & JACKMAN RD,JOELTON,TN,37080,2311,NORTH,36.3565,-86.8817,"(36.3565, -86.8817)"
20170749964,8/24/2017 0:55,1,0,0,,N,197437,0,NOT COLLISION W/MOTOR VEHICLE-TRANSPORT,21,CLEAR,2,DARK - NOT LIGHTED,34;42;50,DITCH;TREE;DEER (ANIMAL),MARROWBONE LAKE RD & LAKE RD,JOELTON,TN,37080,3337,NORTH,36.3037,-86.9197,"(36.3037, -86.9197)"
20180336790,4/15/2018 1:44,1,1,0,,N,197437,0,NOT COLLISION W/MOTOR VEHICLE-TRANSPORT,2,RAIN,3,DARK - LIGHTED,34;42;50,DITCH;TREE;DEER (ANIMAL),KNIGHT DR & BRICK CHURCH LN,WHITES CREEK,TN,37189,3225,NORTH,36.2446,-86.8017,"(36.2446, -86.8017)"
20190476477,6/24/2019 0:00,1,1,0,Y,N,298866,0,NOT COLLISION W/MOTOR VEHICLE-TRANSPORT,22,CLOUDY,3,DARK - LIGHTED,38;50,FENCE;DEER (ANIMAL),WHITE BRIDGE PKE & KENDALL DR,NASHVILLE,TN,37209,5105,WEST,36.1389,-86.8575,"(36.1389, -86.8575)"
20130674235,7/16/2013 6:56,1,1,0,N,N,225805,0,NOT COLLISION W/MOTOR VEHICLE-TRANSPORT,1,NO ADVERSE CONDITIONS,1,DAYLIGHT,25;50,GUARDRAIL END;DEER (ANIMAL),MURFREESBORO PIKE & SUMMERCREST BLVD,ANTIOCH,TN,37013,8927,SOUTH,36.0505,-86.6147,"(36.0505, -86.6147)"
20180551370,6/26/2018 4:15,1,0,0,,N,298865,0,NOT COLLISION W/MOTOR VEHICLE-TRANSPORT,21,CLEAR,2,DARK - NOT LIGHTED,25;50,GUARDRAIL END;DEER (ANIMAL),MURFREESBORO PKE & MOUNTAIN SPRINGS RD,ANTIOCH,TN,37013,8927,SOUTH,36.0478,-86.6121,"(36.0478, -86.6121)"
20141034531,11/9/2014 2:23,1,1,0,Y,N,110090,0,NOT COLLISION W/MOTOR VEHICLE-TRANSPORT,21,CLEAR,3,DARK - LIGHTED,24;36;50,GUARDRAIL FACE;CONCRETE TRAFFIC BARRIER;DEER (ANIMAL),MM 60 0 I 24,ANTIOCH,TN,37013,88060,SOUTH,36.0403,-86.6502,"(36.0403, -86.6502)"
20140800603,8/28/2014 0:46,1,1,0,Y,N,109551,0,NOT COLLISION W/MOTOR VEHICLE-TRANSPORT,21,CLEAR,3,DARK - LIGHTED,24;50,GUARDRAIL FACE;DEER (ANIMAL),S NEW HOPE RD & TIMBERVIEW LN,HERMITAGE,TN,37076,9541,HERMIT,36.1703,-86.5852,"(36.1703, -86.5852)"
20141032410,11/8/2014 9:00,1,0,0,,N,151130,0,NOT COLLISION W/MOTOR VEHICLE-TRANSPORT,22,CLOUDY,1,DAYLIGHT,24;50,GUARDRAIL FACE;DEER (ANIMAL),EXIT 54 & I 24,NASHVILLE,TN,37211,8829,SOUTH,36.109,-86.7202,"(36.109, -86.7202)"
20160215370,3/5/2016 21:03,1,0,0,,N,876599,0,NOT COLLISION W/MOTOR VEHICLE-TRANSPORT,21,CLEAR,2,DARK - NOT LIGHTED,24;50,GUARDRAIL FACE;DEER (ANIMAL),OLD CHARLOTTE PIKE & COUNTY HWY 1937,PEGRAM,TN,37143,4715,WEST,36.1196,-86.9938,"(36.1196, -86.9938)"
20190360223,5/10/2019 20:30,1,0,0,Y,N,320582,0,NOT COLLISION W/MOTOR VEHICLE-TRANSPORT,2,RAIN,2,DARK - NOT LIGHTED,24;50,GUARDRAIL FACE;DEER (ANIMAL),ELLINGTON PKWYS & ELLINGTON PKWYN,NASHVILLE,TN,37207,1995,EAST,36.1758,-86.7666,"(36.1758, -86.7666)"
20180462398,5/26/2018 14:39,1,0,0,Y,N,299244,0,NOT COLLISION W/MOTOR VEHICLE-TRANSPORT,2,RAIN,1,DAYLIGHT,1;24;50;63;64,GUARDRAIL FACE;DEER (ANIMAL);Ran Off Road-Right;Ran Off Road-Left,OLD CHARLOTTE PKE & SEARS RD,PEGRAM,TN,37143,4715,WEST,36.1073,-87.0166,"(36.1073, -87.0166)"
20160923077,10/15/2016 0:00,1,0,0,,N,876572,0,NOT COLLISION W/MOTOR VEHICLE-TRANSPORT,21,CLEAR,2,DARK - NOT LIGHTED,27;50;63,H-WAY TRAFFIC SIGNAL POST;DEER (ANIMAL);Ran Off Road-Right,PASQUO RD & UNION BRIDGE RD,NASHVILLE,TN,37221,4805,WEST,36.032,-86.9679,"(36.032, -86.9679)"
20161094494,12/11/2016 2:06,1,1,0,Y,N,184870,0,NOT COLLISION W/MOTOR VEHICLE-TRANSPORT,21,CLEAR,3,DARK - LIGHTED,1;40;50;63,MAIL BOX;DEER (ANIMAL);Ran Off Road-Right,BROOK HOLLOW RD & EAST VALLEY RD,NASHVILLE,TN,37205,4915,WEST,36.0968,-86.8833,"(36.0968, -86.8833)"
20170434937,5/17/2017 2:59,1,0,0,Y,N,169414,0,NOT COLLISION W/MOTOR VEHICLE-TRANSPORT,21,CLEAR,2,DARK - NOT LIGHTED,40;42;50,MAIL BOX;TREE;DEER (ANIMAL),HOBSON & OLD HICKORY,ANTIOCH,TN,37013,8867,SOUTH,36.0369,-86.611,"(36.0369, -86.611)"
2010542416,6/3/2010 20:58,1,1,0,N,N,596386,0,NOT COLLISION W/MOTOR VEHICLE-TRANSPORT,1,NO ADVERSE CONDITIONS,2,DARK - NOT LIGHTED,12;50,MOTOR VEHICLE IN TRANSPORT;DEER (ANIMAL),CHARLOTTE PIKE & HWY 70 S,NASHVILLE,TN,37221,4711,WEST,36.0918,-86.9804,"(36.0918, -86.9804)"
2010703950,8/24/2010 14:49,2,0,0,N,N,620080,5,SIDESWIPE - SAME DIRECTION,1,NO ADVERSE CONDITIONS,1,DAYLIGHT,12;50,MOTOR VEHICLE IN TRANSPORT;DEER (ANIMAL),N GALLATIN PIKE & STHY 45,MADISON,,37115,,HERMIT,36.2631,-86.7119,"(36.2631, -86.7119)"
2010813399,10/4/2010 8:05,2,0,0,N,N,10434778,4,ANGLE,1,NO ADVERSE CONDITIONS,1,DAYLIGHT,12;50,MOTOR VEHICLE IN TRANSPORT;DEER (ANIMAL),DISSPAYNE DR & LEBANON PIKE,NASHVILLE,TN,37214,9403,HERMIT,36.1726,-86.6495,"(36.1726, -86.6495)"
2010939760,11/20/2010 18:26,2,5,0,N,N,419997,1,REAR END,1,NO ADVERSE CONDITIONS,3,DARK - LIGHTED,12;50,MOTOR VEHICLE IN TRANSPORT;DEER (ANIMAL),I 65N & MM86,,,,,,,,
20110082075,1/31/2011 19:25,2,0,0,N,N,727209,1,REAR END,1,NO ADVERSE CONDITIONS,3,DARK - LIGHTED,12;50,MOTOR VEHICLE IN TRANSPORT;DEER (ANIMAL),HAMILTON CHURCH RD & MURFREESBORO PIKE,ANTIOCH,TN,37013,8865,SOUTH,36.0649,-86.6284,"(36.0649, -86.6284)"
20110956483,12/9/2011 7:48,3,1,0,N,N,225896,1,REAR END,1,NO ADVERSE CONDITIONS,1,DAYLIGHT,12;50,MOTOR VEHICLE IN TRANSPORT;DEER (ANIMAL),E TRINITY LN & ELLINGTON PKWY,NASHVILLE,TN,37216,1894,EAST,36.2047,-86.7501,"(36.2047, -86.7501)"
20120181551,2/28/2012 18:59,4,2,0,N,N,653630,2,HEAD-ON,1,NO ADVERSE CONDITIONS,2,DARK - NOT LIGHTED,12;50,MOTOR VEHICLE IN TRANSPORT;DEER (ANIMAL),OLD HICKORY BLVD & RACHELS LN,OLD HICKORY,TN,37138,9739,HERMIT,36.2125,-86.6227,"(36.2125, -86.6227)"
20120541755,3/27/2012 12:59,,0,0,N,N,870648,4,ANGLE,1,NO ADVERSE CONDITIONS,1,DAYLIGHT,12;50,MOTOR VEHICLE IN TRANSPORT;DEER (ANIMAL),LEBANON PIKE & OLD LEBANON PIKE,NASHVILLE,TN,37214,9125,HERMIT,36.1679,-86.664,"(36.1679, -86.664)"
20120435651,5/23/2012 10:12,2,0,0,N,N,224640,5,SIDESWIPE - SAME DIRECTION,1,NO ADVERSE CONDITIONS,1,DAYLIGHT,12;50,MOTOR VEHICLE IN TRANSPORT;DEER (ANIMAL),I 40 E & FESSLERS LN,NASHVILLE,TN,37210,8215,HERMIT,36.1471,-86.7437,"(36.1471, -86.7437)"
20120605293,7/20/2012 21:30,2,0,0,N,Y,807393,2,HEAD-ON,2,RAIN,2,DARK - NOT LIGHTED,12;50,MOTOR VEHICLE IN TRANSPORT;DEER (ANIMAL),HIDDEN CREEK DR & OLD HICKORY BLVD,ANTIOCH,TN,37013,8759,SOUTH,36.02,-86.681,"(36.02, -86.681)"
20130940041,10/7/2013 22:07,2,0,0,N,N,839054,0,NOT COLLISION W/MOTOR VEHICLE-TRANSPORT,1,NO ADVERSE CONDITIONS,3,DARK - LIGHTED,12;50,MOTOR VEHICLE IN TRANSPORT;DEER (ANIMAL),211 RADNOR ST,NASHVILLE,TN,37211,,,,,
20131090318,11/25/2013 8:00,2,0,0,N,N,109513,4,ANGLE,1,NO ADVERSE CONDITIONS,1,DAYLIGHT,12;50,MOTOR VEHICLE IN TRANSPORT;DEER (ANIMAL),E OLD HICKORY BLVD & MYATT DR,MADISON,TN,37115,1629,MADISO,36.2631,-86.6905,"(36.2631, -86.6905)"
20140219533,3/6/2014 13:37,2,0,0,N,Y,405438,5,SIDESWIPE - SAME DIRECTION,1,NO ADVERSE CONDITIONS,1,DAYLIGHT,12;50,MOTOR VEHICLE IN TRANSPORT;DEER (ANIMAL),12THA AVE N & CHARLOTTE AVE,NASHVILLE,TN,,,,,,
20140562833,6/13/2014 4:30,2,0,0,N,N,876573,0,NOT COLLISION W/MOTOR VEHICLE-TRANSPORT,2,RAIN,2,DARK - NOT LIGHTED,12;50,MOTOR VEHICLE IN TRANSPORT;DEER (ANIMAL),MM 76 0 I65 N,NASHVILLE,TN,37220,86041,MIDTOW,36.0562,-86.7744,"(36.0562, -86.7744)"
20141036653,11/9/2014 23:36,2,0,0,,N,110092,0,NOT COLLISION W/MOTOR VEHICLE-TRANSPORT,21,CLEAR,2,DARK - NOT LIGHTED,12;50,MOTOR VEHICLE IN TRANSPORT;DEER (ANIMAL),BRIDLEWOOD LN & STATE HWY 254,NASHVILLE,TN,37215,6305,MIDTOW,36.0422,-86.8317,"(36.0422, -86.8317)"
20150337890,4/10/2015 19:53,2,1,0,,N,437465,11,Front to Rear,21,CLEAR,3,DARK - LIGHTED,12;50,MOTOR VEHICLE IN TRANSPORT;DEER (ANIMAL),STATE HWY 255 & AIRPARK CENTER DR,NASHVILLE,TN,37217,8841,SOUTH,36.0931,-86.682,"(36.0931, -86.682)"
20150617102,6/29/2015 8:15,2,1,0,,N,197059,0,NOT COLLISION W/MOTOR VEHICLE-TRANSPORT,21,CLEAR,1,DAYLIGHT,12;50,MOTOR VEHICLE IN TRANSPORT;DEER (ANIMAL),MM 42 1 I 24,WHITES CREEK,TN,37189,3226,NORTH,36.257,-86.7874,"(36.257, -86.7874)"
20150939048,10/9/2015 6:59,3,1,0,,N,225805,5,SIDESWIPE - SAME DIRECTION,21,CLEAR,1,DAYLIGHT,12;50,MOTOR VEHICLE IN TRANSPORT;DEER (ANIMAL),MM 62 8 I24,ANTIOCH,TN,,,,0,0,"(0.0, 0.0)"
20160325473,4/9/2016 0:20,2,1,0,,N,134865,11,Front to Rear,21,CLEAR,2,DARK - NOT LIGHTED,12;50,MOTOR VEHICLE IN TRANSPORT;DEER (ANIMAL),ROBINSON & MARTINGALE,OLD HICKORY,TN,37138,9619,HERMIT,36.2579,-86.6568,"(36.2579, -86.6568)"
20170985045,11/8/2017 21:39,2,1,0,,Y,212321,0,NOT COLLISION W/MOTOR VEHICLE-TRANSPORT,21,CLEAR,3,DARK - LIGHTED,12;50,MOTOR VEHICLE IN TRANSPORT;DEER (ANIMAL),LEBANON PKE & STONES RIVER GRNWY,NASHVILLE,TN,37214,9403,HERMIT,36.1855,-86.6359,"(36.1855, -86.6359)"
20181045605,12/18/2018 20:11,2,4,0,,N,256417,0,NOT COLLISION W/MOTOR VEHICLE-TRANSPORT,21,CLEAR,2,DARK - NOT LIGHTED,12;50,MOTOR VEHICLE IN TRANSPORT;DEER (ANIMAL),SHUTE LN & BRANDYWINE POINTE BLVD,OLD HICKORY,TN,37138,9717,HERMIT,36.2305,-86.6061,"(36.2305, -86.6061)"
20190276599,4/10/2019 18:20,2,1,0,,N,279124,0,NOT COLLISION W/MOTOR VEHICLE-TRANSPORT,21,CLEAR,1,DAYLIGHT,12;50,MOTOR VEHICLE IN TRANSPORT;DEER (ANIMAL),MT VIEW RD & BABY RUTH LN,ANTIOCH,TN,37013,8863,SOUTH,36.0433,-86.6408,"(36.0433, -86.6408)"
20190417851,6/1/2019 3:05,1,0,0,,N,330441,0,NOT COLLISION W/MOTOR VEHICLE-TRANSPORT,21,CLEAR,2,DARK - NOT LIGHTED,12;50,MOTOR VEHICLE IN TRANSPORT;DEER (ANIMAL),MM 78 0 I 65,NASHVILLE,TN,37204,8502,MIDTOW,36.0856,-86.7632,"(36.0856, -86.7632)"
20161024631,11/18/2016 0:38,1,1,0,,N,151122,0,NOT COLLISION W/MOTOR VEHICLE-TRANSPORT,21,CLEAR,3,DARK - LIGHTED,43;50,OTHER FIXED OBJECTS;DEER (ANIMAL),CANE RIDGE RD & PRESTON RD,ANTIOCH,TN,37013,8751,SOUTH,36.0357,-86.6569,"(36.0357, -86.6569)"
2010493527,6/6/2010 15:41,2,0,0,N,N,433989,0,NOT COLLISION W/MOTOR VEHICLE-TRANSPORT,1,NO ADVERSE CONDITIONS,1,DAYLIGHT,07;50,OTHER NON-COLLISION;DEER (ANIMAL),I-24 W MM 54/2,NASHVILLE,TN,,,,,,
20170180814,2/25/2017 6:44,1,0,0,Y,N,240983,0,NOT COLLISION W/MOTOR VEHICLE-TRANSPORT,21,CLEAR,4,DAWN,1;18;50;63,OTHER OBJECT (NOT FIXED);DEER (ANIMAL);Ran Off Road-Right,OLD HICKORY BLVD & WHITES CREEK PKE,WHITES CREEK,TN,37189,3229,NORTH,36.2657,-86.8309,"(36.2657, -86.8309)"
20171112582,12/21/2017 1:30,1,0,0,,N,226175,0,NOT COLLISION W/MOTOR VEHICLE-TRANSPORT,21,CLEAR,2,DARK - NOT LIGHTED,18;50;63,OTHER OBJECT (NOT FIXED);DEER (ANIMAL);Ran Off Road-Right,HIGHWAY 70 & HARPETH RIV RIVERWALK GRNWY,NASHVILLE,TN,37221,4713,WEST,36.092,-87.0134,"(36.092, -87.0134)"
20160471116,5/25/2016 0:50,1,1,0,,N,226175,0,NOT COLLISION W/MOTOR VEHICLE-TRANSPORT,21,CLEAR,2,DARK - NOT LIGHTED,18;42;50,OTHER OBJECT (NOT FIXED);TREE;DEER (ANIMAL),HIGHWAY 100 & WARNER NATURE CTR PVTDR,NASHVILLE,TN,37221,6213,WEST,36.0611,-86.9131,"(36.0611, -86.9131)"
20120832969,10/13/2012 22:15,2,0,0,N,Y,596384,5,SIDESWIPE - SAME DIRECTION,1,NO ADVERSE CONDITIONS,3,DARK - LIGHTED,14;50,PARKED MOTOR VEHICLE;DEER (ANIMAL),HIGHLANDER DR & KEVINWOOD CT,ANTIOCH,TN,37013,8861,SOUTH,36.056,-86.6599,"(36.056, -86.6599)"
20180356954,4/21/2018 3:19,1,0,0,,N,179610,0,NOT COLLISION W/MOTOR VEHICLE-TRANSPORT,21,CLEAR,2,DARK - NOT LIGHTED,41;50;71,SHRUBBERY;DEER (ANIMAL);EMBANKMENT EARTH,ZERMATT AV & VALLEY BROOK TOWNHOMES PVTD,NASHVILLE,TN,37211,8651,MIDTOW,36.0422,-86.7203,"(36.0422, -86.7203)"
20180153869,2/16/2018 7:28,1,0,0,,N,876577,0,NOT COLLISION W/MOTOR VEHICLE-TRANSPORT,22,CLOUDY,1,DAYLIGHT,41;42;50,SHRUBBERY;TREE;DEER (ANIMAL),MT VIEW RD & RURAL HILL RD,ANTIOCH,TN,37013,8871,SOUTH,36.0484,-86.6574,"(36.0484, -86.6574)"
20160862912,9/25/2016 21:34,1,0,0,,N,212322,0,NOT COLLISION W/MOTOR VEHICLE-TRANSPORT,21,CLEAR,3,DARK - LIGHTED,42;50,TREE;DEER (ANIMAL),HICKORY HOLLOW PKWY & MILL CREEK BLUE HO,ANTIOCH,TN,37013,8871,SOUTH,36.0581,-86.6699,"(36.0581, -86.6699)"
20161059195,11/29/2016 21:50,1,1,0,,N,179581,0,NOT COLLISION W/MOTOR VEHICLE-TRANSPORT,2,RAIN,3,DARK - LIGHTED,42;50,TREE;DEER (ANIMAL),PIN HOOK RD & GROVEDALE TRC,ANTIOCH,TN,37013,8927,SOUTH,36.05,-86.606,"(36.05, -86.606)"
20180126932,2/7/2018 22:30,1,0,0,,N,660929,0,NOT COLLISION W/MOTOR VEHICLE-TRANSPORT,21,CLEAR,3,DARK - LIGHTED,42;50,TREE;DEER (ANIMAL),900 CLONMEL RD,NASHVILLE,TN,37220,7109,MIDTOW,36.0743,-86.7868,"(36.0743, -86.7868)"
20180730622,8/26/2018 3:28,1,0,0,,N,284059,0,NOT COLLISION W/MOTOR VEHICLE-TRANSPORT,21,CLEAR,3,DARK - LIGHTED,42;50,TREE;DEER (ANIMAL),CATO RD & GILMORE CROSSING LN,NASHVILLE,TN,37218,3247,NORTH,36.2172,-86.8685,"(36.2172, -86.8685)"
20180923716,11/3/2018 5:54,1,1,0,,N,405424,0,NOT COLLISION W/MOTOR VEHICLE-TRANSPORT,21,CLEAR,2,DARK - NOT LIGHTED,42;50,TREE;DEER (ANIMAL),BELL RD & KOTTAS PL,NASHVILLE,TN,37217,8987,HERMIT,36.1015,-86.6264,"(36.1015, -86.6264)"
20150001148,1/1/2015 11:45,1,0,0,,N,134886,0,NOT COLLISION W/MOTOR VEHICLE-TRANSPORT,22,CLOUDY,1,DAYLIGHT,42;50;64,TREE;DEER (ANIMAL);Ran Off Road-Left,GRAYS POINT RD & LITTLE MARROWBONE RD,JOELTON,TN,37080,3319,NORTH,36.2721,-86.9259,"(36.2721, -86.9259)"
20170690097,8/5/2017 3:34,1,0,0,,N,212310,0,NOT COLLISION W/MOTOR VEHICLE-TRANSPORT,21,CLEAR,2,DARK - NOT LIGHTED,42;50;64,TREE;DEER (ANIMAL);Ran Off Road-Left,MM 31 8 I 24,NASHVILLE,TN,,,,36.341,-86.9189,"(36.341, -86.9189)"
20161050937,11/27/2016 0:00,1,0,0,,N,876572,0,NOT COLLISION W/MOTOR VEHICLE-TRANSPORT,21,CLEAR,2,DARK - NOT LIGHTED,42;50;64;68,TREE;DEER (ANIMAL);Ran Off Road-Left;Cross Center Line,HIGHWAY 70S & SADDLE RIDGE CT,NASHVILLE,TN,37221,4713,WEST,36.0865,-86.9726,"(36.0865, -86.9726)"
20160943481,10/22/2016 12:15,1,1,0,,N,240977,0,NOT COLLISION W/MOTOR VEHICLE-TRANSPORT,21,CLEAR,1,DAYLIGHT,42;50;63,TREE;DEER (ANIMAL);Ran Off Road-Right,EATONS CREEK RD & TAZ HYDE RD,NASHVILLE,TN,37218,3239,NORTH,36.2479,-86.8776,"(36.2479, -86.8776)"
20161042814,11/24/2016 4:30,1,1,0,,N,807927,0,NOT COLLISION W/MOTOR VEHICLE-TRANSPORT,21,CLEAR,2,DARK - NOT LIGHTED,42;50;63,TREE;DEER (ANIMAL);Ran Off Road-Right,MM 39 2 I 24,WHITES CREEK,TN,37189,2212,NORTH,36.2939,-86.8105,"(36.2939, -86.8105)"
20170274363,3/27/2017 23:45,1,1,0,,N,206672,0,NOT COLLISION W/MOTOR VEHICLE-TRANSPORT,21,CLEAR,2,DARK - NOT LIGHTED,42;50;63,TREE;DEER (ANIMAL);Ran Off Road-Right,4300 GRAYS POINT RD,JOELTON,TN,37080,3335,NORTH,36.2918,-86.9086,"(36.2918, -86.9086)"
20150683942,7/20/2015 0:00,1,0,0,Y,N,226827,0,NOT COLLISION W/MOTOR VEHICLE-TRANSPORT,21,CLEAR,3,DARK - LIGHTED,30;50,UTILITY POLE;DEER (ANIMAL),STATE HWY 100 & PERCY WARNER BLVD,NASHVILLE,TN,37221,6211,WEST,36.0822,-86.8836,"(36.0822, -86.8836)"
20150985885,10/25/2015 0:05,1,1,0,Y,N,169414,0,NOT COLLISION W/MOTOR VEHICLE-TRANSPORT,21,CLEAR,2,DARK - NOT LIGHTED,30;50,UTILITY POLE;DEER (ANIMAL),BATTLE RD & CAROTHERS RD,NOLENSVILLE,TN,37135,8773,SOUTH,35.9849,-86.6262,"(35.9849, -86.6262)"
20160043764,1/13/2016 2:30,1,1,0,Y,N,212347,0,NOT COLLISION W/MOTOR VEHICLE-TRANSPORT,21,CLEAR,3,DARK - LIGHTED,30;50,UTILITY POLE;DEER (ANIMAL),US HWY 431 & RAMP,NASHVILLE,TN,37207,1863,EAST,36.2063,-86.7744,"(36.2063, -86.7744)"
20160473712,5/25/2016 19:41,1,0,0,,N,179581,0,NOT COLLISION W/MOTOR VEHICLE-TRANSPORT,2,RAIN,2,DARK - NOT LIGHTED,30;50,UTILITY POLE;DEER (ANIMAL),COUCHVILLE PKE & S MOUNT JULIET RD,HERMITAGE,TN,37076,8911,SOUTH,36.0942,-86.5245,"(36.0942, -86.5245)"
20160477959,5/27/2016 2:44,1,0,0,Y,N,212310,0,NOT COLLISION W/MOTOR VEHICLE-TRANSPORT,5,FOG,3,DARK - LIGHTED,30;50;64,UTILITY POLE;DEER (ANIMAL);Ran Off Road-Left,WHITES CREEK PKE & TRANHAM RD,WHITES CREEK,TN,37189,3303,NORTH,36.2852,-86.84,"(36.2852, -86.84)"
20190420005,6/2/2019 5:43,1,0,0,Y,N,330433,0,NOT COLLISION W/MOTOR VEHICLE-TRANSPORT,22,CLOUDY,4,DAWN,30;50;64,UTILITY POLE;DEER (ANIMAL);Ran Off Road-Left,CROCKER SPRINGS RD & CLAY LICK RD,WHITES CREEK,TN,37189,2211,NORTH,36.31,-86.811,"(36.31, -86.811)"
20171102309,12/18/2017 0:07,1,0,0,Y,N,151122,0,NOT COLLISION W/MOTOR VEHICLE-TRANSPORT,2,RAIN,3,DARK - LIGHTED,30;50;63,UTILITY POLE;DEER (ANIMAL);Ran Off Road-Right,ANDERSON & OLD ANDERSON,ANTIOCH,TN,37013,8997,SOUTH,36.0843,-86.6056,"(36.0843, -86.6056)"
20180341990,4/16/2018 22:35,1,1,0,Y,N,279222,0,NOT COLLISION W/MOTOR VEHICLE-TRANSPORT,21,CLEAR,2,DARK - NOT LIGHTED,30;50;63,UTILITY POLE;DEER (ANIMAL);Ran Off Road-Right,OLD CHARLOTTE PKE & POND CREEK RD,NASHVILLE,TN,37209,4707,WEST,36.1185,-87.0014,"(36.1185, -87.0014)"
20140899777,9/28/2014 4:29,1,0,0,,N,921609,0,NOT COLLISION W/MOTOR VEHICLE-TRANSPORT,21,CLEAR,3,DARK - LIGHTED,30;34;50,UTILITY POLE;DITCH;DEER (ANIMAL),BELL RD & RAMP,NASHVILLE,TN,37214,8989,HERMIT,36.1124,-86.6304,"(36.1124, -86.6304)"
20180568600,7/1/2018 4:00,1,0,0,,Y,375570,0,NOT COLLISION W/MOTOR VEHICLE-TRANSPORT,99,UNKNOWN,9,UNKNOWN,30;42;50;64,UTILITY POLE;TREE;DEER (ANIMAL);Ran Off Road-Left,NEELYS BEND RD & NEELYS BEND RD PVTDR,MADISON,TN,37115,1637,MADISO,36.2221,-86.6672,"(36.2221, -86.6672)"